window_id,vx,vy,vz
30881,0.0,0.0,0.0
30882,0.0,0.0,0.0
30883,0.0,0.0,0.0
30884,0.0,0.0,0.0
30885,0.0,0.0,0.0
30886,0.0,0.0,0.0
30887,0.0,0.0,0.0
30888,0.0,0.0,0.0
30889,0.0,0.0,0.0
30890,0.0,0.0,0.0
30891,0.0,0.0,0.0
30892,0.0,0.0,0.0
30893,0.0,0.0,0.0
30894,0.0,0.0,0.0
30895,0.0,0.0,0.0
30896,0.0,0.0,0.0
30897,0.0,0.0,0.0
30898,0.0,0.0,0.0
30899,0.0,0.0,0.0
30900,0.0,0.0,0.0
30901,0.0,0.0,0.0
30902,0.0,0.0,0.0
30903,0.0,0.0,0.0
30904,0.0,0.0,0.0
30905,0.0,0.0,0.0
30906,0.0,0.0,0.0
30907,0.0,0.0,0.0
30908,0.0,0.0,0.0
30909,0.0,0.0,0.0
30910,0.0,0.0,0.0
30911,0.0,0.0,0.0
30912,0.0,0.0,0.0
30913,0.0,0.0,0.0
30914,0.0,0.0,0.0
30915,0.0,0.0,0.0
30916,0.0,0.0,0.0
30917,0.0,0.0,0.0
30918,0.0,0.0,0.0
30919,0.0,0.0,0.0
30920,0.0,0.0,0.0
30921,0.0,0.0,0.0
30922,0.0,0.0,0.0
30923,0.0,0.0,0.0
30924,0.0,0.0,0.0
30925,0.0,0.0,0.0
30926,0.0,0.0,0.0
30927,0.0,0.0,0.0
30928,0.0,0.0,0.0
30929,0.0,0.0,0.0
30930,0.0,0.0,0.0
30931,0.0,0.0,0.0
30932,0.0,0.0,0.0
30933,0.0,0.0,0.0
30934,0.0,0.0,0.0
30935,0.0,0.0,0.0
30936,0.0,0.0,0.0
30937,0.0,0.0,0.0
30938,0.0,0.0,0.0
30939,0.0,0.0,0.0
30940,0.0,0.0,0.0
30941,0.0,0.0,0.0
30942,0.0,0.0,0.0
30943,0.0,0.0,0.0
30944,0.0,0.0,0.0
30945,0.0,0.0,0.0
30946,0.0,0.0,0.0
30947,0.0,0.0,0.0
30948,0.0,0.0,0.0
30949,0.0,0.0,0.0
30950,0.0,0.0,0.0
30951,0.0,0.0,0.0
30952,0.0,0.0,0.0
30953,0.0,0.0,0.0
30954,0.0,0.0,0.0
30955,0.0,0.0,0.0
30956,0.0,0.0,0.0
30957,0.0,0.0,0.0
30958,0.0,0.0,0.0
30959,0.0,0.0,0.0
30960,0.0,0.0,0.0
30961,0.0,0.0,0.0
30962,0.0,0.0,0.0
30963,0.0,0.0,0.0
30964,0.0,0.0,0.0
30965,0.0,0.0,0.0
30966,0.0,0.0,0.0
30967,0.0,0.0,0.0
30968,0.0,0.0,0.0
30969,0.0,0.0,0.0
30970,0.0,0.0,0.0
30971,0.0,0.0,0.0
30972,0.0,0.0,0.0
30973,0.0,0.0,0.0
30974,0.0,0.0,0.0
30975,0.0,0.0,0.0
30976,0.0,0.0,0.0
30977,0.0,0.0,0.0
30978,0.0,0.0,0.0
30979,0.0,0.0,0.0
30980,0.0,0.0,0.0
30981,0.0,0.0,0.0
30982,0.0,0.0,0.0
30983,0.0,0.0,0.0
30984,0.0,0.0,0.0
30985,0.0,0.0,0.0
30986,0.0,0.0,0.0
30987,0.0,0.0,0.0
30988,0.0,0.0,0.0
30989,0.0,0.0,0.0
30990,0.0,0.0,0.0
30991,0.0,0.0,0.0
30992,0.0,0.0,0.0
30993,0.0,0.0,0.0
30994,0.0,0.0,0.0
30995,0.0,0.0,0.0
30996,0.0,0.0,0.0
30997,0.0,0.0,0.0
30998,0.0,0.0,0.0
30999,0.0,0.0,0.0
31000,0.0,0.0,0.0
31001,0.0,0.0,0.0
31002,0.0,0.0,0.0
31003,0.0,0.0,0.0
31004,0.0,0.0,0.0
31005,0.0,0.0,0.0
31006,0.0,0.0,0.0
31007,0.0,0.0,0.0
31008,0.0,0.0,0.0
31009,0.0,0.0,0.0
31010,0.0,0.0,0.0
31011,0.0,0.0,0.0
31012,0.0,0.0,0.0
31013,0.0,0.0,0.0
31014,0.0,0.0,0.0
31015,0.0,0.0,0.0
31016,0.0,0.0,0.0
31017,0.0,0.0,0.0
31018,0.0,0.0,0.0
31019,0.0,0.0,0.0
31020,0.0,0.0,0.0
31021,0.0,0.0,0.0
31022,0.0,0.0,0.0
31023,0.0,0.0,0.0
31024,0.0,0.0,0.0
31025,0.0,0.0,0.0
31026,0.0,0.0,0.0
31027,0.0,0.0,0.0
31028,0.0,0.0,0.0
31029,0.0,0.0,0.0
31030,0.0,0.0,0.0
31031,0.0,0.0,0.0
31032,0.0,0.0,0.0
31033,0.0,0.0,0.0
31034,0.0,0.0,0.0
31035,0.0,0.0,0.0
31036,0.0,0.0,0.0
31037,0.0,0.0,0.0
31038,0.0,0.0,0.0
31039,0.0,0.0,0.0
31040,0.0,0.0,0.0
31041,0.0,0.0,0.0
31042,0.0,0.0,0.0
31043,0.0,0.0,0.0
31044,0.0,0.0,0.0
31045,0.0,0.0,0.0
31046,0.0,0.0,0.0
31047,0.0,0.0,0.0
31048,0.0,0.0,0.0
31049,0.0,0.0,0.0
31050,0.0,0.0,0.0
31051,0.0,0.0,0.0
31052,0.0,0.0,0.0
31053,0.0,0.0,0.0
31054,0.0,0.0,0.0
31055,0.0,0.0,0.0
31056,0.0,0.0,0.0
31057,0.0,0.0,0.0
31058,0.0,0.0,0.0
31059,0.0,0.0,0.0
31060,0.0,0.0,0.0
31061,0.0,0.0,0.0
31062,0.0,0.0,0.0
31063,0.0,0.0,0.0
31064,0.0,0.0,0.0
31065,0.0,0.0,0.0
31066,0.0,0.0,0.0
31067,0.0,0.0,0.0
31068,0.0,0.0,0.0
31069,0.0,0.0,0.0
31070,0.0,0.0,0.0
31071,0.0,0.0,0.0
31072,0.0,0.0,0.0
31073,0.0,0.0,0.0
31074,0.0,0.0,0.0
31075,0.0,0.0,0.0
31076,0.0,0.0,0.0
31077,0.0,0.0,0.0
31078,0.0,0.0,0.0
31079,0.0,0.0,0.0
31080,0.0,0.0,0.0
31081,0.0,0.0,0.0
31082,0.0,0.0,0.0
31083,0.0,0.0,0.0
31084,0.0,0.0,0.0
31085,0.0,0.0,0.0
31086,0.0,0.0,0.0
31087,0.0,0.0,0.0
31088,0.0,0.0,0.0
31089,0.0,0.0,0.0
31090,0.0,0.0,0.0
31091,0.0,0.0,0.0
31092,0.0,0.0,0.0
31093,0.0,0.0,0.0
31094,0.0,0.0,0.0
31095,0.0,0.0,0.0
31096,0.0,0.0,0.0
31097,0.0,0.0,0.0
31098,0.0,0.0,0.0
31099,0.0,0.0,0.0
31100,0.0,0.0,0.0
31101,0.0,0.0,0.0
31102,0.0,0.0,0.0
31103,0.0,0.0,0.0
31104,0.0,0.0,0.0
31105,0.0,0.0,0.0
31106,0.0,0.0,0.0
31107,0.0,0.0,0.0
31108,0.0,0.0,0.0
31109,0.0,0.0,0.0
31110,0.0,0.0,0.0
31111,0.0,0.0,0.0
31112,0.0,0.0,0.0
31113,0.0,0.0,0.0
31114,0.0,0.0,0.0
31115,0.0,0.0,0.0
31116,0.0,0.0,0.0
31117,0.0,0.0,0.0
31118,0.0,0.0,0.0
31119,0.0,0.0,0.0
31120,0.0,0.0,0.0
31121,0.0,0.0,0.0
31122,0.0,0.0,0.0
31123,0.0,0.0,0.0
31124,0.0,0.0,0.0
31125,0.0,0.0,0.0
31126,0.0,0.0,0.0
31127,0.0,0.0,0.0
31128,0.0,0.0,0.0
31129,0.0,0.0,0.0
31130,0.0,0.0,0.0
31131,0.0,0.0,0.0
31132,0.0,0.0,0.0
31133,0.0,0.0,0.0
31134,0.0,0.0,0.0
31135,0.0,0.0,0.0
31136,0.0,0.0,0.0
31137,0.0,0.0,0.0
31138,0.0,0.0,0.0
31139,0.0,0.0,0.0
31140,0.0,0.0,0.0
31141,0.0,0.0,0.0
31142,0.0,0.0,0.0
31143,0.0,0.0,0.0
31144,0.0,0.0,0.0
31145,0.0,0.0,0.0
31146,0.0,0.0,0.0
31147,0.0,0.0,0.0
31148,0.0,0.0,0.0
31149,0.0,0.0,0.0
31150,0.0,0.0,0.0
31151,0.0,0.0,0.0
31152,0.0,0.0,0.0
31153,0.0,0.0,0.0
31154,0.0,0.0,0.0
31155,0.0,0.0,0.0
31156,0.0,0.0,0.0
31157,0.0,0.0,0.0
31158,0.0,0.0,0.0
31159,0.0,0.0,0.0
31160,0.0,0.0,0.0
31161,0.0,0.0,0.0
31162,0.0,0.0,0.0
31163,0.0,0.0,0.0
31164,0.0,0.0,0.0
31165,0.0,0.0,0.0
31166,0.0,0.0,0.0
31167,0.0,0.0,0.0
31168,0.0,0.0,0.0
31169,0.0,0.0,0.0
31170,0.0,0.0,0.0
31171,0.0,0.0,0.0
31172,0.0,0.0,0.0
31173,0.0,0.0,0.0
31174,0.0,0.0,0.0
31175,0.0,0.0,0.0
31176,0.0,0.0,0.0
31177,0.0,0.0,0.0
31178,0.0,0.0,0.0
31179,0.0,0.0,0.0
31180,0.0,0.0,0.0
31181,0.0,0.0,0.0
31182,0.0,0.0,0.0
31183,0.0,0.0,0.0
31184,0.0,0.0,0.0
31185,0.0,0.0,0.0
31186,0.0,0.0,0.0
31187,0.0,0.0,0.0
31188,0.0,0.0,0.0
31189,0.0,0.0,0.0
31190,0.0,0.0,0.0
31191,0.0,0.0,0.0
31192,0.0,0.0,0.0
31193,0.0,0.0,0.0
31194,0.0,0.0,0.0
31195,0.0,0.0,0.0
31196,0.0,0.0,0.0
31197,0.0,0.0,0.0
31198,0.0,0.0,0.0
31199,0.0,0.0,0.0
31200,0.0,0.0,0.0
31201,0.0,0.0,0.0
31202,0.0,0.0,0.0
31203,0.0,0.0,0.0
31204,0.0,0.0,0.0
31205,0.0,0.0,0.0
31206,0.0,0.0,0.0
31207,0.0,0.0,0.0
31208,0.0,0.0,0.0
31209,0.0,0.0,0.0
31210,0.0,0.0,0.0
31211,0.0,0.0,0.0
31212,0.0,0.0,0.0
31213,0.0,0.0,0.0
31214,0.0,0.0,0.0
31215,0.0,0.0,0.0
31216,0.0,0.0,0.0
31217,0.0,0.0,0.0
31218,0.0,0.0,0.0
31219,0.0,0.0,0.0
31220,0.0,0.0,0.0
31221,0.0,0.0,0.0
31222,0.0,0.0,0.0
31223,0.0,0.0,0.0
31224,0.0,0.0,0.0
31225,0.0,0.0,0.0
31226,0.0,0.0,0.0
31227,0.0,0.0,0.0
31228,0.0,0.0,0.0
31229,0.0,0.0,0.0
31230,0.0,0.0,0.0
31231,0.0,0.0,0.0
31232,0.0,0.0,0.0
31233,0.0,0.0,0.0
31234,0.0,0.0,0.0
31235,0.0,0.0,0.0
31236,0.0,0.0,0.0
31237,0.0,0.0,0.0
31238,0.0,0.0,0.0
31239,0.0,0.0,0.0
31240,0.0,0.0,0.0
31241,0.0,0.0,0.0
31242,0.0,0.0,0.0
31243,0.0,0.0,0.0
31244,0.0,0.0,0.0
31245,0.0,0.0,0.0
31246,0.0,0.0,0.0
31247,0.0,0.0,0.0
31248,0.0,0.0,0.0
31249,0.0,0.0,0.0
31250,0.0,0.0,0.0
31251,0.0,0.0,0.0
31252,0.0,0.0,0.0
31253,0.0,0.0,0.0
31254,0.0,0.0,0.0
31255,0.0,0.0,0.0
31256,0.0,0.0,0.0
31257,0.0,0.0,0.0
31258,0.0,0.0,0.0
31259,0.0,0.0,0.0
31260,0.0,0.0,0.0
31261,0.0,0.0,0.0
31262,0.0,0.0,0.0
31263,0.0,0.0,0.0
31264,0.0,0.0,0.0
31265,0.0,0.0,0.0
31266,0.0,0.0,0.0
31267,0.0,0.0,0.0
31268,0.0,0.0,0.0
31269,0.0,0.0,0.0
31270,0.0,0.0,0.0
31271,0.0,0.0,0.0
31272,0.0,0.0,0.0
31273,0.0,0.0,0.0
31274,0.0,0.0,0.0
31275,0.0,0.0,0.0
31276,0.0,0.0,0.0
31277,0.0,0.0,0.0
31278,0.0,0.0,0.0
31279,0.0,0.0,0.0
31280,0.0,0.0,0.0
31281,0.0,0.0,0.0
31282,0.0,0.0,0.0
31283,0.0,0.0,0.0
31284,0.0,0.0,0.0
31285,0.0,0.0,0.0
31286,0.0,0.0,0.0
31287,0.0,0.0,0.0
31288,0.0,0.0,0.0
31289,0.0,0.0,0.0
31290,0.0,0.0,0.0
31291,0.0,0.0,0.0
31292,0.0,0.0,0.0
31293,0.0,0.0,0.0
31294,0.0,0.0,0.0
31295,0.0,0.0,0.0
31296,0.0,0.0,0.0
31297,0.0,0.0,0.0
31298,0.0,0.0,0.0
31299,0.0,0.0,0.0
31300,0.0,0.0,0.0
31301,0.0,0.0,0.0
31302,0.0,0.0,0.0
31303,0.0,0.0,0.0
31304,0.0,0.0,0.0
31305,0.0,0.0,0.0
31306,0.0,0.0,0.0
31307,0.0,0.0,0.0
31308,0.0,0.0,0.0
31309,0.0,0.0,0.0
31310,0.0,0.0,0.0
31311,0.0,0.0,0.0
31312,0.0,0.0,0.0
31313,0.0,0.0,0.0
31314,0.0,0.0,0.0
31315,0.0,0.0,0.0
31316,0.0,0.0,0.0
31317,0.0,0.0,0.0
31318,0.0,0.0,0.0
31319,0.0,0.0,0.0
31320,0.0,0.0,0.0
31321,0.0,0.0,0.0
31322,0.0,0.0,0.0
31323,0.0,0.0,0.0
31324,0.0,0.0,0.0
31325,0.0,0.0,0.0
31326,0.0,0.0,0.0
31327,0.0,0.0,0.0
31328,0.0,0.0,0.0
31329,0.0,0.0,0.0
31330,0.0,0.0,0.0
31331,0.0,0.0,0.0
31332,0.0,0.0,0.0
31333,0.0,0.0,0.0
31334,0.0,0.0,0.0
31335,0.0,0.0,0.0
31336,0.0,0.0,0.0
31337,0.0,0.0,0.0
31338,0.0,0.0,0.0
31339,0.0,0.0,0.0
31340,0.0,0.0,0.0
31341,0.0,0.0,0.0
31342,0.0,0.0,0.0
31343,0.0,0.0,0.0
31344,0.0,0.0,0.0
31345,0.0,0.0,0.0
31346,0.0,0.0,0.0
31347,0.0,0.0,0.0
31348,0.0,0.0,0.0
31349,0.0,0.0,0.0
31350,0.0,0.0,0.0
31351,0.0,0.0,0.0
31352,0.0,0.0,0.0
31353,0.0,0.0,0.0
31354,0.0,0.0,0.0
31355,0.0,0.0,0.0
31356,0.0,0.0,0.0
31357,0.0,0.0,0.0
31358,0.0,0.0,0.0
31359,0.0,0.0,0.0
31360,0.0,0.0,0.0
31361,0.0,0.0,0.0
31362,0.0,0.0,0.0
31363,0.0,0.0,0.0
31364,0.0,0.0,0.0
31365,0.0,0.0,0.0
31366,0.0,0.0,0.0
31367,0.0,0.0,0.0
31368,0.0,0.0,0.0
31369,0.0,0.0,0.0
31370,0.0,0.0,0.0
31371,0.0,0.0,0.0
31372,0.0,0.0,0.0
31373,0.0,0.0,0.0
31374,0.0,0.0,0.0
31375,0.0,0.0,0.0
31376,0.0,0.0,0.0
31377,0.0,0.0,0.0
31378,0.0,0.0,0.0
31379,0.0,0.0,0.0
31380,0.0,0.0,0.0
31381,0.0,0.0,0.0
31382,0.0,0.0,0.0
31383,0.0,0.0,0.0
31384,0.0,0.0,0.0
31385,0.0,0.0,0.0
31386,0.0,0.0,0.0
31387,0.0,0.0,0.0
31388,0.0,0.0,0.0
31389,0.0,0.0,0.0
31390,0.0,0.0,0.0
31391,0.0,0.0,0.0
31392,0.0,0.0,0.0
31393,0.0,0.0,0.0
31394,0.0,0.0,0.0
31395,0.0,0.0,0.0
31396,0.0,0.0,0.0
31397,0.0,0.0,0.0
31398,0.0,0.0,0.0
31399,0.0,0.0,0.0
31400,0.0,0.0,0.0
31401,0.0,0.0,0.0
31402,0.0,0.0,0.0
31403,0.0,0.0,0.0
31404,0.0,0.0,0.0
31405,0.0,0.0,0.0
31406,0.0,0.0,0.0
31407,0.0,0.0,0.0
31408,0.0,0.0,0.0
31409,0.0,0.0,0.0
31410,0.0,0.0,0.0
31411,0.0,0.0,0.0
31412,0.0,0.0,0.0
31413,0.0,0.0,0.0
31414,0.0,0.0,0.0
31415,0.0,0.0,0.0
31416,0.0,0.0,0.0
31417,0.0,0.0,0.0
31418,0.0,0.0,0.0
31419,0.0,0.0,0.0
31420,0.0,0.0,0.0
31421,0.0,0.0,0.0
31422,0.0,0.0,0.0
31423,0.0,0.0,0.0
31424,0.0,0.0,0.0
31425,0.0,0.0,0.0
31426,0.0,0.0,0.0
31427,0.0,0.0,0.0
31428,0.0,0.0,0.0
31429,0.0,0.0,0.0
31430,0.0,0.0,0.0
31431,0.0,0.0,0.0
31432,0.0,0.0,0.0
31433,0.0,0.0,0.0
31434,0.0,0.0,0.0
31435,0.0,0.0,0.0
31436,0.0,0.0,0.0
31437,0.0,0.0,0.0
31438,0.0,0.0,0.0
31439,0.0,0.0,0.0
31440,0.0,0.0,0.0
31441,0.0,0.0,0.0
31442,0.0,0.0,0.0
31443,0.0,0.0,0.0
31444,0.0,0.0,0.0
31445,0.0,0.0,0.0
31446,0.0,0.0,0.0
31447,0.0,0.0,0.0
31448,0.0,0.0,0.0
31449,0.0,0.0,0.0
31450,0.0,0.0,0.0
31451,0.0,0.0,0.0
31452,0.0,0.0,0.0
31453,0.0,0.0,0.0
31454,0.0,0.0,0.0
31455,0.0,0.0,0.0
31456,0.0,0.0,0.0
31457,0.0,0.0,0.0
31458,0.0,0.0,0.0
31459,0.0,0.0,0.0
31460,0.0,0.0,0.0
31461,0.0,0.0,0.0
31462,0.0,0.0,0.0
31463,0.0,0.0,0.0
31464,0.0,0.0,0.0
31465,0.0,0.0,0.0
31466,0.0,0.0,0.0
31467,0.0,0.0,0.0
31468,0.0,0.0,0.0
31469,0.0,0.0,0.0
31470,0.0,0.0,0.0
31471,0.0,0.0,0.0
31472,0.0,0.0,0.0
31473,0.0,0.0,0.0
31474,0.0,0.0,0.0
31475,0.0,0.0,0.0
31476,0.0,0.0,0.0
31477,0.0,0.0,0.0
31478,0.0,0.0,0.0
31479,0.0,0.0,0.0
31480,0.0,0.0,0.0
31481,0.0,0.0,0.0
31482,0.0,0.0,0.0
31483,0.0,0.0,0.0
31484,0.0,0.0,0.0
31485,0.0,0.0,0.0
31486,0.0,0.0,0.0
31487,0.0,0.0,0.0
31488,0.0,0.0,0.0
31489,0.0,0.0,0.0
31490,0.0,0.0,0.0
31491,0.0,0.0,0.0
31492,0.0,0.0,0.0
31493,0.0,0.0,0.0
31494,0.0,0.0,0.0
31495,0.0,0.0,0.0
31496,0.0,0.0,0.0
31497,0.0,0.0,0.0
31498,0.0,0.0,0.0
31499,0.0,0.0,0.0
31500,0.0,0.0,0.0
31501,0.0,0.0,0.0
31502,0.0,0.0,0.0
31503,0.0,0.0,0.0
31504,0.0,0.0,0.0
31505,0.0,0.0,0.0
31506,0.0,0.0,0.0
31507,0.0,0.0,0.0
31508,0.0,0.0,0.0
31509,0.0,0.0,0.0
31510,0.0,0.0,0.0
31511,0.0,0.0,0.0
31512,0.0,0.0,0.0
31513,0.0,0.0,0.0
31514,0.0,0.0,0.0
31515,0.0,0.0,0.0
31516,0.0,0.0,0.0
31517,0.0,0.0,0.0
31518,0.0,0.0,0.0
31519,0.0,0.0,0.0
31520,0.0,0.0,0.0
31521,0.0,0.0,0.0
31522,0.0,0.0,0.0
31523,0.0,0.0,0.0
31524,0.0,0.0,0.0
31525,0.0,0.0,0.0
31526,0.0,0.0,0.0
31527,0.0,0.0,0.0
31528,0.0,0.0,0.0
31529,0.0,0.0,0.0
31530,0.0,0.0,0.0
31531,0.0,0.0,0.0
31532,0.0,0.0,0.0
31533,0.0,0.0,0.0
31534,0.0,0.0,0.0
31535,0.0,0.0,0.0
31536,0.0,0.0,0.0
31537,0.0,0.0,0.0
31538,0.0,0.0,0.0
31539,0.0,0.0,0.0
31540,0.0,0.0,0.0
31541,0.0,0.0,0.0
31542,0.0,0.0,0.0
31543,0.0,0.0,0.0
31544,0.0,0.0,0.0
31545,0.0,0.0,0.0
31546,0.0,0.0,0.0
31547,0.0,0.0,0.0
31548,0.0,0.0,0.0
31549,0.0,0.0,0.0
31550,0.0,0.0,0.0
31551,0.0,0.0,0.0
31552,0.0,0.0,0.0
31553,0.0,0.0,0.0
31554,0.0,0.0,0.0
31555,0.0,0.0,0.0
31556,0.0,0.0,0.0
31557,0.0,0.0,0.0
31558,0.0,0.0,0.0
31559,0.0,0.0,0.0
31560,0.0,0.0,0.0
31561,0.0,0.0,0.0
31562,0.0,0.0,0.0
31563,0.0,0.0,0.0
31564,0.0,0.0,0.0
31565,0.0,0.0,0.0
31566,0.0,0.0,0.0
31567,0.0,0.0,0.0
31568,0.0,0.0,0.0
31569,0.0,0.0,0.0
31570,0.0,0.0,0.0
31571,0.0,0.0,0.0
31572,0.0,0.0,0.0
31573,0.0,0.0,0.0
31574,0.0,0.0,0.0
31575,0.0,0.0,0.0
31576,0.0,0.0,0.0
31577,0.0,0.0,0.0
31578,0.0,0.0,0.0
31579,0.0,0.0,0.0
31580,0.0,0.0,0.0
31581,0.0,0.0,0.0
31582,0.0,0.0,0.0
31583,0.0,0.0,0.0
31584,0.0,0.0,0.0
31585,0.0,0.0,0.0
31586,0.0,0.0,0.0
31587,0.0,0.0,0.0
31588,0.0,0.0,0.0
31589,0.0,0.0,0.0
31590,0.0,0.0,0.0
31591,0.0,0.0,0.0
31592,0.0,0.0,0.0
31593,0.0,0.0,0.0
31594,0.0,0.0,0.0
31595,0.0,0.0,0.0
31596,0.0,0.0,0.0
31597,0.0,0.0,0.0
31598,0.0,0.0,0.0
31599,0.0,0.0,0.0
31600,0.0,0.0,0.0
31601,0.0,0.0,0.0
31602,0.0,0.0,0.0
31603,0.0,0.0,0.0
31604,0.0,0.0,0.0
31605,0.0,0.0,0.0
31606,0.0,0.0,0.0
31607,0.0,0.0,0.0
31608,0.0,0.0,0.0
31609,0.0,0.0,0.0
31610,0.0,0.0,0.0
31611,0.0,0.0,0.0
31612,0.0,0.0,0.0
31613,0.0,0.0,0.0
31614,0.0,0.0,0.0
31615,0.0,0.0,0.0
31616,0.0,0.0,0.0
31617,0.0,0.0,0.0
31618,0.0,0.0,0.0
31619,0.0,0.0,0.0
31620,0.0,0.0,0.0
31621,0.0,0.0,0.0
31622,0.0,0.0,0.0
31623,0.0,0.0,0.0
31624,0.0,0.0,0.0
31625,0.0,0.0,0.0
31626,0.0,0.0,0.0
31627,0.0,0.0,0.0
31628,0.0,0.0,0.0
31629,0.0,0.0,0.0
31630,0.0,0.0,0.0
31631,0.0,0.0,0.0
31632,0.0,0.0,0.0
31633,0.0,0.0,0.0
31634,0.0,0.0,0.0
31635,0.0,0.0,0.0
31636,0.0,0.0,0.0
31637,0.0,0.0,0.0
31638,0.0,0.0,0.0
31639,0.0,0.0,0.0
31640,0.0,0.0,0.0
31641,0.0,0.0,0.0
31642,0.0,0.0,0.0
31643,0.0,0.0,0.0
31644,0.0,0.0,0.0
31645,0.0,0.0,0.0
31646,0.0,0.0,0.0
31647,0.0,0.0,0.0
31648,0.0,0.0,0.0
31649,0.0,0.0,0.0
31650,0.0,0.0,0.0
31651,0.0,0.0,0.0
31652,0.0,0.0,0.0
31653,0.0,0.0,0.0
31654,0.0,0.0,0.0
31655,0.0,0.0,0.0
31656,0.0,0.0,0.0
31657,0.0,0.0,0.0
31658,0.0,0.0,0.0
31659,0.0,0.0,0.0
31660,0.0,0.0,0.0
31661,0.0,0.0,0.0
31662,0.0,0.0,0.0
31663,0.0,0.0,0.0
31664,0.0,0.0,0.0
31665,0.0,0.0,0.0
31666,0.0,0.0,0.0
31667,0.0,0.0,0.0
31668,0.0,0.0,0.0
31669,0.0,0.0,0.0
31670,0.0,0.0,0.0
31671,0.0,0.0,0.0
31672,0.0,0.0,0.0
31673,0.0,0.0,0.0
31674,0.0,0.0,0.0
31675,0.0,0.0,0.0
31676,0.0,0.0,0.0
31677,0.0,0.0,0.0
31678,0.0,0.0,0.0
31679,0.0,0.0,0.0
31680,0.0,0.0,0.0
31681,0.0,0.0,0.0
31682,0.0,0.0,0.0
31683,0.0,0.0,0.0
31684,0.0,0.0,0.0
31685,0.0,0.0,0.0
31686,0.0,0.0,0.0
31687,0.0,0.0,0.0
31688,0.0,0.0,0.0
31689,0.0,0.0,0.0
31690,0.0,0.0,0.0
31691,0.0,0.0,0.0
31692,0.0,0.0,0.0
31693,0.0,0.0,0.0
31694,0.0,0.0,0.0
31695,0.0,0.0,0.0
31696,0.0,0.0,0.0
31697,0.0,0.0,0.0
31698,0.0,0.0,0.0
31699,0.0,0.0,0.0
31700,0.0,0.0,0.0
31701,0.0,0.0,0.0
31702,0.0,0.0,0.0
31703,0.0,0.0,0.0
31704,0.0,0.0,0.0
31705,0.0,0.0,0.0
31706,0.0,0.0,0.0
31707,0.0,0.0,0.0
31708,0.0,0.0,0.0
31709,0.0,0.0,0.0
31710,0.0,0.0,0.0
31711,0.0,0.0,0.0
31712,0.0,0.0,0.0
31713,0.0,0.0,0.0
31714,0.0,0.0,0.0
31715,0.0,0.0,0.0
31716,0.0,0.0,0.0
31717,0.0,0.0,0.0
31718,0.0,0.0,0.0
31719,0.0,0.0,0.0
31720,0.0,0.0,0.0
31721,0.0,0.0,0.0
31722,0.0,0.0,0.0
31723,0.0,0.0,0.0
31724,0.0,0.0,0.0
31725,0.0,0.0,0.0
31726,0.0,0.0,0.0
31727,0.0,0.0,0.0
31728,0.0,0.0,0.0
31729,0.0,0.0,0.0
31730,0.0,0.0,0.0
31731,0.0,0.0,0.0
31732,0.0,0.0,0.0
31733,0.0,0.0,0.0
31734,0.0,0.0,0.0
31735,0.0,0.0,0.0
31736,0.0,0.0,0.0
31737,0.0,0.0,0.0
31738,0.0,0.0,0.0
31739,0.0,0.0,0.0
31740,0.0,0.0,0.0
31741,0.0,0.0,0.0
31742,0.0,0.0,0.0
31743,0.0,0.0,0.0
31744,0.0,0.0,0.0
31745,0.0,0.0,0.0
31746,0.0,0.0,0.0
31747,0.0,0.0,0.0
31748,0.0,0.0,0.0
31749,0.0,0.0,0.0
31750,0.0,0.0,0.0
31751,0.0,0.0,0.0
31752,0.0,0.0,0.0
31753,0.0,0.0,0.0
31754,0.0,0.0,0.0
31755,0.0,0.0,0.0
31756,0.0,0.0,0.0
31757,0.0,0.0,0.0
31758,0.0,0.0,0.0
31759,0.0,0.0,0.0
31760,0.0,0.0,0.0
31761,0.0,0.0,0.0
31762,0.0,0.0,0.0
31763,0.0,0.0,0.0
31764,0.0,0.0,0.0
31765,0.0,0.0,0.0
31766,0.0,0.0,0.0
31767,0.0,0.0,0.0
31768,0.0,0.0,0.0
31769,0.0,0.0,0.0
31770,0.0,0.0,0.0
31771,0.0,0.0,0.0
31772,0.0,0.0,0.0
31773,0.0,0.0,0.0
31774,0.0,0.0,0.0
31775,0.0,0.0,0.0
31776,0.0,0.0,0.0
31777,0.0,0.0,0.0
31778,0.0,0.0,0.0
31779,0.0,0.0,0.0
31780,0.0,0.0,0.0
31781,0.0,0.0,0.0
31782,0.0,0.0,0.0
31783,0.0,0.0,0.0
31784,0.0,0.0,0.0
31785,0.0,0.0,0.0
31786,0.0,0.0,0.0
31787,0.0,0.0,0.0
31788,0.0,0.0,0.0
31789,0.0,0.0,0.0
31790,0.0,0.0,0.0
31791,0.0,0.0,0.0
31792,0.0,0.0,0.0
31793,0.0,0.0,0.0
31794,0.0,0.0,0.0
31795,0.0,0.0,0.0
31796,0.0,0.0,0.0
31797,0.0,0.0,0.0
31798,0.0,0.0,0.0
31799,0.0,0.0,0.0
31800,0.0,0.0,0.0
31801,0.0,0.0,0.0
31802,0.0,0.0,0.0
31803,0.0,0.0,0.0
31804,0.0,0.0,0.0
31805,0.0,0.0,0.0
31806,0.0,0.0,0.0
31807,0.0,0.0,0.0
31808,0.0,0.0,0.0
31809,0.0,0.0,0.0
31810,0.0,0.0,0.0
31811,0.0,0.0,0.0
31812,0.0,0.0,0.0
31813,0.0,0.0,0.0
31814,0.0,0.0,0.0
31815,0.0,0.0,0.0
31816,0.0,0.0,0.0
31817,0.0,0.0,0.0
31818,0.0,0.0,0.0
31819,0.0,0.0,0.0
31820,0.0,0.0,0.0
31821,0.0,0.0,0.0
31822,0.0,0.0,0.0
31823,0.0,0.0,0.0
31824,0.0,0.0,0.0
31825,0.0,0.0,0.0
31826,0.0,0.0,0.0
31827,0.0,0.0,0.0
31828,0.0,0.0,0.0
31829,0.0,0.0,0.0
31830,0.0,0.0,0.0
31831,0.0,0.0,0.0
31832,0.0,0.0,0.0
31833,0.0,0.0,0.0
31834,0.0,0.0,0.0
31835,0.0,0.0,0.0
31836,0.0,0.0,0.0
31837,0.0,0.0,0.0
31838,0.0,0.0,0.0
31839,0.0,0.0,0.0
31840,0.0,0.0,0.0
31841,0.0,0.0,0.0
31842,0.0,0.0,0.0
31843,0.0,0.0,0.0
31844,0.0,0.0,0.0
31845,0.0,0.0,0.0
31846,0.0,0.0,0.0
31847,0.0,0.0,0.0
31848,0.0,0.0,0.0
31849,0.0,0.0,0.0
31850,0.0,0.0,0.0
31851,0.0,0.0,0.0
31852,0.0,0.0,0.0
31853,0.0,0.0,0.0
31854,0.0,0.0,0.0
31855,0.0,0.0,0.0
31856,0.0,0.0,0.0
31857,0.0,0.0,0.0
31858,0.0,0.0,0.0
31859,0.0,0.0,0.0
31860,0.0,0.0,0.0
31861,0.0,0.0,0.0
31862,0.0,0.0,0.0
31863,0.0,0.0,0.0
31864,0.0,0.0,0.0
31865,0.0,0.0,0.0
31866,0.0,0.0,0.0
31867,0.0,0.0,0.0
31868,0.0,0.0,0.0
31869,0.0,0.0,0.0
31870,0.0,0.0,0.0
31871,0.0,0.0,0.0
31872,0.0,0.0,0.0
31873,0.0,0.0,0.0
31874,0.0,0.0,0.0
31875,0.0,0.0,0.0
31876,0.0,0.0,0.0
31877,0.0,0.0,0.0
31878,0.0,0.0,0.0
31879,0.0,0.0,0.0
31880,0.0,0.0,0.0
31881,0.0,0.0,0.0
31882,0.0,0.0,0.0
31883,0.0,0.0,0.0
31884,0.0,0.0,0.0
31885,0.0,0.0,0.0
31886,0.0,0.0,0.0
31887,0.0,0.0,0.0
31888,0.0,0.0,0.0
31889,0.0,0.0,0.0
31890,0.0,0.0,0.0
31891,0.0,0.0,0.0
31892,0.0,0.0,0.0
31893,0.0,0.0,0.0
31894,0.0,0.0,0.0
31895,0.0,0.0,0.0
31896,0.0,0.0,0.0
31897,0.0,0.0,0.0
31898,0.0,0.0,0.0
31899,0.0,0.0,0.0
31900,0.0,0.0,0.0
31901,0.0,0.0,0.0
31902,0.0,0.0,0.0
31903,0.0,0.0,0.0
31904,0.0,0.0,0.0
31905,0.0,0.0,0.0
31906,0.0,0.0,0.0
31907,0.0,0.0,0.0
31908,0.0,0.0,0.0
31909,0.0,0.0,0.0
31910,0.0,0.0,0.0
31911,0.0,0.0,0.0
31912,0.0,0.0,0.0
31913,0.0,0.0,0.0
31914,0.0,0.0,0.0
31915,0.0,0.0,0.0
31916,0.0,0.0,0.0
31917,0.0,0.0,0.0
31918,0.0,0.0,0.0
31919,0.0,0.0,0.0
31920,0.0,0.0,0.0
31921,0.0,0.0,0.0
31922,0.0,0.0,0.0
31923,0.0,0.0,0.0
31924,0.0,0.0,0.0
31925,0.0,0.0,0.0
31926,0.0,0.0,0.0
31927,0.0,0.0,0.0
31928,0.0,0.0,0.0
31929,0.0,0.0,0.0
31930,0.0,0.0,0.0
31931,0.0,0.0,0.0
31932,0.0,0.0,0.0
31933,0.0,0.0,0.0
31934,0.0,0.0,0.0
31935,0.0,0.0,0.0
31936,0.0,0.0,0.0
31937,0.0,0.0,0.0
31938,0.0,0.0,0.0
31939,0.0,0.0,0.0
31940,0.0,0.0,0.0
31941,0.0,0.0,0.0
31942,0.0,0.0,0.0
31943,0.0,0.0,0.0
31944,0.0,0.0,0.0
31945,0.0,0.0,0.0
31946,0.0,0.0,0.0
31947,0.0,0.0,0.0
31948,0.0,0.0,0.0
31949,0.0,0.0,0.0
31950,0.0,0.0,0.0
31951,0.0,0.0,0.0
31952,0.0,0.0,0.0
31953,0.0,0.0,0.0
31954,0.0,0.0,0.0
31955,0.0,0.0,0.0
31956,0.0,0.0,0.0
31957,0.0,0.0,0.0
31958,0.0,0.0,0.0
31959,0.0,0.0,0.0
31960,0.0,0.0,0.0
31961,0.0,0.0,0.0
31962,0.0,0.0,0.0
31963,0.0,0.0,0.0
31964,0.0,0.0,0.0
31965,0.0,0.0,0.0
31966,0.0,0.0,0.0
31967,0.0,0.0,0.0
31968,0.0,0.0,0.0
31969,0.0,0.0,0.0
31970,0.0,0.0,0.0
31971,0.0,0.0,0.0
31972,0.0,0.0,0.0
31973,0.0,0.0,0.0
31974,0.0,0.0,0.0
31975,0.0,0.0,0.0
31976,0.0,0.0,0.0
31977,0.0,0.0,0.0
31978,0.0,0.0,0.0
31979,0.0,0.0,0.0
31980,0.0,0.0,0.0
31981,0.0,0.0,0.0
31982,0.0,0.0,0.0
31983,0.0,0.0,0.0
31984,0.0,0.0,0.0
31985,0.0,0.0,0.0
31986,0.0,0.0,0.0
31987,0.0,0.0,0.0
31988,0.0,0.0,0.0
31989,0.0,0.0,0.0
31990,0.0,0.0,0.0
31991,0.0,0.0,0.0
31992,0.0,0.0,0.0
31993,0.0,0.0,0.0
31994,0.0,0.0,0.0
31995,0.0,0.0,0.0
31996,0.0,0.0,0.0
31997,0.0,0.0,0.0
31998,0.0,0.0,0.0
31999,0.0,0.0,0.0
32000,0.0,0.0,0.0
32001,0.0,0.0,0.0
32002,0.0,0.0,0.0
32003,0.0,0.0,0.0
32004,0.0,0.0,0.0
32005,0.0,0.0,0.0
32006,0.0,0.0,0.0
32007,0.0,0.0,0.0
32008,0.0,0.0,0.0
32009,0.0,0.0,0.0
32010,0.0,0.0,0.0
32011,0.0,0.0,0.0
32012,0.0,0.0,0.0
32013,0.0,0.0,0.0
32014,0.0,0.0,0.0
32015,0.0,0.0,0.0
32016,0.0,0.0,0.0
32017,0.0,0.0,0.0
32018,0.0,0.0,0.0
32019,0.0,0.0,0.0
32020,0.0,0.0,0.0
32021,0.0,0.0,0.0
32022,0.0,0.0,0.0
32023,0.0,0.0,0.0
32024,0.0,0.0,0.0
32025,0.0,0.0,0.0
32026,0.0,0.0,0.0
32027,0.0,0.0,0.0
32028,0.0,0.0,0.0
32029,0.0,0.0,0.0
32030,0.0,0.0,0.0
32031,0.0,0.0,0.0
32032,0.0,0.0,0.0
32033,0.0,0.0,0.0
32034,0.0,0.0,0.0
32035,0.0,0.0,0.0
32036,0.0,0.0,0.0
32037,0.0,0.0,0.0
32038,0.0,0.0,0.0
32039,0.0,0.0,0.0
32040,0.0,0.0,0.0
32041,0.0,0.0,0.0
32042,0.0,0.0,0.0
32043,0.0,0.0,0.0
32044,0.0,0.0,0.0
32045,0.0,0.0,0.0
32046,0.0,0.0,0.0
32047,0.0,0.0,0.0
32048,0.0,0.0,0.0
32049,0.0,0.0,0.0
32050,0.0,0.0,0.0
32051,0.0,0.0,0.0
32052,0.0,0.0,0.0
32053,0.0,0.0,0.0
32054,0.0,0.0,0.0
32055,0.0,0.0,0.0
32056,0.0,0.0,0.0
32057,0.0,0.0,0.0
32058,0.0,0.0,0.0
32059,0.0,0.0,0.0
32060,0.0,0.0,0.0
32061,0.0,0.0,0.0
32062,0.0,0.0,0.0
32063,0.0,0.0,0.0
32064,0.0,0.0,0.0
32065,0.0,0.0,0.0
32066,0.0,0.0,0.0
32067,0.0,0.0,0.0
32068,0.0,0.0,0.0
32069,0.0,0.0,0.0
32070,0.0,0.0,0.0
32071,0.0,0.0,0.0
32072,0.0,0.0,0.0
32073,0.0,0.0,0.0
32074,0.0,0.0,0.0
32075,0.0,0.0,0.0
32076,0.0,0.0,0.0
32077,0.0,0.0,0.0
32078,0.0,0.0,0.0
32079,0.0,0.0,0.0
32080,0.0,0.0,0.0
32081,0.0,0.0,0.0
32082,0.0,0.0,0.0
32083,0.0,0.0,0.0
32084,0.0,0.0,0.0
32085,0.0,0.0,0.0
32086,0.0,0.0,0.0
32087,0.0,0.0,0.0
32088,0.0,0.0,0.0
32089,0.0,0.0,0.0
32090,0.0,0.0,0.0
32091,0.0,0.0,0.0
32092,0.0,0.0,0.0
32093,0.0,0.0,0.0
32094,0.0,0.0,0.0
32095,0.0,0.0,0.0
32096,0.0,0.0,0.0
32097,0.0,0.0,0.0
32098,0.0,0.0,0.0
32099,0.0,0.0,0.0
32100,0.0,0.0,0.0
32101,0.0,0.0,0.0
32102,0.0,0.0,0.0
32103,0.0,0.0,0.0
32104,0.0,0.0,0.0
32105,0.0,0.0,0.0
32106,0.0,0.0,0.0
32107,0.0,0.0,0.0
32108,0.0,0.0,0.0
32109,0.0,0.0,0.0
32110,0.0,0.0,0.0
32111,0.0,0.0,0.0
32112,0.0,0.0,0.0
32113,0.0,0.0,0.0
32114,0.0,0.0,0.0
32115,0.0,0.0,0.0
32116,0.0,0.0,0.0
32117,0.0,0.0,0.0
32118,0.0,0.0,0.0
32119,0.0,0.0,0.0
32120,0.0,0.0,0.0
32121,0.0,0.0,0.0
32122,0.0,0.0,0.0
32123,0.0,0.0,0.0
32124,0.0,0.0,0.0
32125,0.0,0.0,0.0
32126,0.0,0.0,0.0
32127,0.0,0.0,0.0
32128,0.0,0.0,0.0
32129,0.0,0.0,0.0
32130,0.0,0.0,0.0
32131,0.0,0.0,0.0
32132,0.0,0.0,0.0
32133,0.0,0.0,0.0
32134,0.0,0.0,0.0
32135,0.0,0.0,0.0
32136,0.0,0.0,0.0
32137,0.0,0.0,0.0
32138,0.0,0.0,0.0
32139,0.0,0.0,0.0
32140,0.0,0.0,0.0
32141,0.0,0.0,0.0
32142,0.0,0.0,0.0
32143,0.0,0.0,0.0
32144,0.0,0.0,0.0
32145,0.0,0.0,0.0
32146,0.0,0.0,0.0
32147,0.0,0.0,0.0
32148,0.0,0.0,0.0
32149,0.0,0.0,0.0
32150,0.0,0.0,0.0
32151,0.0,0.0,0.0
32152,0.0,0.0,0.0
32153,0.0,0.0,0.0
32154,0.0,0.0,0.0
32155,0.0,0.0,0.0
32156,0.0,0.0,0.0
32157,0.0,0.0,0.0
32158,0.0,0.0,0.0
32159,0.0,0.0,0.0
32160,0.0,0.0,0.0
32161,0.0,0.0,0.0
32162,0.0,0.0,0.0
32163,0.0,0.0,0.0
32164,0.0,0.0,0.0
32165,0.0,0.0,0.0
32166,0.0,0.0,0.0
32167,0.0,0.0,0.0
32168,0.0,0.0,0.0
32169,0.0,0.0,0.0
32170,0.0,0.0,0.0
32171,0.0,0.0,0.0
32172,0.0,0.0,0.0
32173,0.0,0.0,0.0
32174,0.0,0.0,0.0
32175,0.0,0.0,0.0
32176,0.0,0.0,0.0
32177,0.0,0.0,0.0
32178,0.0,0.0,0.0
32179,0.0,0.0,0.0
32180,0.0,0.0,0.0
32181,0.0,0.0,0.0
32182,0.0,0.0,0.0
32183,0.0,0.0,0.0
32184,0.0,0.0,0.0
32185,0.0,0.0,0.0
32186,0.0,0.0,0.0
32187,0.0,0.0,0.0
32188,0.0,0.0,0.0
32189,0.0,0.0,0.0
32190,0.0,0.0,0.0
32191,0.0,0.0,0.0
32192,0.0,0.0,0.0
32193,0.0,0.0,0.0
32194,0.0,0.0,0.0
32195,0.0,0.0,0.0
32196,0.0,0.0,0.0
32197,0.0,0.0,0.0
32198,0.0,0.0,0.0
32199,0.0,0.0,0.0
32200,0.0,0.0,0.0
32201,0.0,0.0,0.0
32202,0.0,0.0,0.0
32203,0.0,0.0,0.0
32204,0.0,0.0,0.0
32205,0.0,0.0,0.0
32206,0.0,0.0,0.0
32207,0.0,0.0,0.0
32208,0.0,0.0,0.0
32209,0.0,0.0,0.0
32210,0.0,0.0,0.0
32211,0.0,0.0,0.0
32212,0.0,0.0,0.0
32213,0.0,0.0,0.0
32214,0.0,0.0,0.0
32215,0.0,0.0,0.0
32216,0.0,0.0,0.0
32217,0.0,0.0,0.0
32218,0.0,0.0,0.0
32219,0.0,0.0,0.0
32220,0.0,0.0,0.0
32221,0.0,0.0,0.0
32222,0.0,0.0,0.0
32223,0.0,0.0,0.0
32224,0.0,0.0,0.0
32225,0.0,0.0,0.0
32226,0.0,0.0,0.0
32227,0.0,0.0,0.0
32228,0.0,0.0,0.0
32229,0.0,0.0,0.0
32230,0.0,0.0,0.0
32231,0.0,0.0,0.0
32232,0.0,0.0,0.0
32233,0.0,0.0,0.0
32234,0.0,0.0,0.0
32235,0.0,0.0,0.0
32236,0.0,0.0,0.0
32237,0.0,0.0,0.0
32238,0.0,0.0,0.0
32239,0.0,0.0,0.0
32240,0.0,0.0,0.0
32241,0.0,0.0,0.0
32242,0.0,0.0,0.0
32243,0.0,0.0,0.0
32244,0.0,0.0,0.0
32245,0.0,0.0,0.0
32246,0.0,0.0,0.0
32247,0.0,0.0,0.0
32248,0.0,0.0,0.0
32249,0.0,0.0,0.0
32250,0.0,0.0,0.0
32251,0.0,0.0,0.0
32252,0.0,0.0,0.0
32253,0.0,0.0,0.0
32254,0.0,0.0,0.0
32255,0.0,0.0,0.0
32256,0.0,0.0,0.0
32257,0.0,0.0,0.0
32258,0.0,0.0,0.0
32259,0.0,0.0,0.0
32260,0.0,0.0,0.0
32261,0.0,0.0,0.0
32262,0.0,0.0,0.0
32263,0.0,0.0,0.0
32264,0.0,0.0,0.0
32265,0.0,0.0,0.0
32266,0.0,0.0,0.0
32267,0.0,0.0,0.0
32268,0.0,0.0,0.0
32269,0.0,0.0,0.0
32270,0.0,0.0,0.0
32271,0.0,0.0,0.0
32272,0.0,0.0,0.0
32273,0.0,0.0,0.0
32274,0.0,0.0,0.0
32275,0.0,0.0,0.0
32276,0.0,0.0,0.0
32277,0.0,0.0,0.0
32278,0.0,0.0,0.0
32279,0.0,0.0,0.0
32280,0.0,0.0,0.0
32281,0.0,0.0,0.0
32282,0.0,0.0,0.0
32283,0.0,0.0,0.0
32284,0.0,0.0,0.0
32285,0.0,0.0,0.0
32286,0.0,0.0,0.0
32287,0.0,0.0,0.0
32288,0.0,0.0,0.0
32289,0.0,0.0,0.0
32290,0.0,0.0,0.0
32291,0.0,0.0,0.0
32292,0.0,0.0,0.0
32293,0.0,0.0,0.0
32294,0.0,0.0,0.0
32295,0.0,0.0,0.0
32296,0.0,0.0,0.0
32297,0.0,0.0,0.0
32298,0.0,0.0,0.0
32299,0.0,0.0,0.0
32300,0.0,0.0,0.0
32301,0.0,0.0,0.0
32302,0.0,0.0,0.0
32303,0.0,0.0,0.0
32304,0.0,0.0,0.0
32305,0.0,0.0,0.0
32306,0.0,0.0,0.0
32307,0.0,0.0,0.0
32308,0.0,0.0,0.0
32309,0.0,0.0,0.0
32310,0.0,0.0,0.0
32311,0.0,0.0,0.0
32312,0.0,0.0,0.0
32313,0.0,0.0,0.0
32314,0.0,0.0,0.0
32315,0.0,0.0,0.0
32316,0.0,0.0,0.0
32317,0.0,0.0,0.0
32318,0.0,0.0,0.0
32319,0.0,0.0,0.0
32320,0.0,0.0,0.0
32321,0.0,0.0,0.0
32322,0.0,0.0,0.0
32323,0.0,0.0,0.0
32324,0.0,0.0,0.0
32325,0.0,0.0,0.0
32326,0.0,0.0,0.0
32327,0.0,0.0,0.0
32328,0.0,0.0,0.0
32329,0.0,0.0,0.0
32330,0.0,0.0,0.0
32331,0.0,0.0,0.0
32332,0.0,0.0,0.0
32333,0.0,0.0,0.0
32334,0.0,0.0,0.0
32335,0.0,0.0,0.0
32336,0.0,0.0,0.0
32337,0.0,0.0,0.0
32338,0.0,0.0,0.0
32339,0.0,0.0,0.0
32340,0.0,0.0,0.0
32341,0.0,0.0,0.0
32342,0.0,0.0,0.0
32343,0.0,0.0,0.0
32344,0.0,0.0,0.0
32345,0.0,0.0,0.0
32346,0.0,0.0,0.0
32347,0.0,0.0,0.0
32348,0.0,0.0,0.0
32349,0.0,0.0,0.0
32350,0.0,0.0,0.0
32351,0.0,0.0,0.0
32352,0.0,0.0,0.0
32353,0.0,0.0,0.0
32354,0.0,0.0,0.0
32355,0.0,0.0,0.0
32356,0.0,0.0,0.0
32357,0.0,0.0,0.0
32358,0.0,0.0,0.0
32359,0.0,0.0,0.0
32360,0.0,0.0,0.0
32361,0.0,0.0,0.0
32362,0.0,0.0,0.0
32363,0.0,0.0,0.0
32364,0.0,0.0,0.0
32365,0.0,0.0,0.0
32366,0.0,0.0,0.0
32367,0.0,0.0,0.0
32368,0.0,0.0,0.0
32369,0.0,0.0,0.0
32370,0.0,0.0,0.0
32371,0.0,0.0,0.0
32372,0.0,0.0,0.0
32373,0.0,0.0,0.0
32374,0.0,0.0,0.0
32375,0.0,0.0,0.0
32376,0.0,0.0,0.0
32377,0.0,0.0,0.0
32378,0.0,0.0,0.0
32379,0.0,0.0,0.0
32380,0.0,0.0,0.0
32381,0.0,0.0,0.0
32382,0.0,0.0,0.0
32383,0.0,0.0,0.0
32384,0.0,0.0,0.0
32385,0.0,0.0,0.0
32386,0.0,0.0,0.0
32387,0.0,0.0,0.0
32388,0.0,0.0,0.0
32389,0.0,0.0,0.0
32390,0.0,0.0,0.0
32391,0.0,0.0,0.0
32392,0.0,0.0,0.0
32393,0.0,0.0,0.0
32394,0.0,0.0,0.0
32395,0.0,0.0,0.0
32396,0.0,0.0,0.0
32397,0.0,0.0,0.0
32398,0.0,0.0,0.0
32399,0.0,0.0,0.0
32400,0.0,0.0,0.0
32401,0.0,0.0,0.0
32402,0.0,0.0,0.0
32403,0.0,0.0,0.0
32404,0.0,0.0,0.0
32405,0.0,0.0,0.0
32406,0.0,0.0,0.0
32407,0.0,0.0,0.0
32408,0.0,0.0,0.0
32409,0.0,0.0,0.0
32410,0.0,0.0,0.0
32411,0.0,0.0,0.0
32412,0.0,0.0,0.0
32413,0.0,0.0,0.0
32414,0.0,0.0,0.0
32415,0.0,0.0,0.0
32416,0.0,0.0,0.0
32417,0.0,0.0,0.0
32418,0.0,0.0,0.0
32419,0.0,0.0,0.0
32420,0.0,0.0,0.0
32421,0.0,0.0,0.0
32422,0.0,0.0,0.0
32423,0.0,0.0,0.0
32424,0.0,0.0,0.0
32425,0.0,0.0,0.0
32426,0.0,0.0,0.0
32427,0.0,0.0,0.0
32428,0.0,0.0,0.0
32429,0.0,0.0,0.0
32430,0.0,0.0,0.0
32431,0.0,0.0,0.0
32432,0.0,0.0,0.0
32433,0.0,0.0,0.0
32434,0.0,0.0,0.0
32435,0.0,0.0,0.0
32436,0.0,0.0,0.0
32437,0.0,0.0,0.0
32438,0.0,0.0,0.0
32439,0.0,0.0,0.0
32440,0.0,0.0,0.0
32441,0.0,0.0,0.0
32442,0.0,0.0,0.0
32443,0.0,0.0,0.0
32444,0.0,0.0,0.0
32445,0.0,0.0,0.0
32446,0.0,0.0,0.0
32447,0.0,0.0,0.0
32448,0.0,0.0,0.0
32449,0.0,0.0,0.0
32450,0.0,0.0,0.0
32451,0.0,0.0,0.0
32452,0.0,0.0,0.0
32453,0.0,0.0,0.0
32454,0.0,0.0,0.0
32455,0.0,0.0,0.0
32456,0.0,0.0,0.0
32457,0.0,0.0,0.0
32458,0.0,0.0,0.0
32459,0.0,0.0,0.0
32460,0.0,0.0,0.0
32461,0.0,0.0,0.0
32462,0.0,0.0,0.0
32463,0.0,0.0,0.0
32464,0.0,0.0,0.0
32465,0.0,0.0,0.0
32466,0.0,0.0,0.0
32467,0.0,0.0,0.0
32468,0.0,0.0,0.0
32469,0.0,0.0,0.0
32470,0.0,0.0,0.0
32471,0.0,0.0,0.0
32472,0.0,0.0,0.0
32473,0.0,0.0,0.0
32474,0.0,0.0,0.0
32475,0.0,0.0,0.0
32476,0.0,0.0,0.0
32477,0.0,0.0,0.0
32478,0.0,0.0,0.0
32479,0.0,0.0,0.0
32480,0.0,0.0,0.0
32481,0.0,0.0,0.0
32482,0.0,0.0,0.0
32483,0.0,0.0,0.0
32484,0.0,0.0,0.0
32485,0.0,0.0,0.0
32486,0.0,0.0,0.0
32487,0.0,0.0,0.0
32488,0.0,0.0,0.0
32489,0.0,0.0,0.0
32490,0.0,0.0,0.0
32491,0.0,0.0,0.0
32492,0.0,0.0,0.0
32493,0.0,0.0,0.0
32494,0.0,0.0,0.0
32495,0.0,0.0,0.0
32496,0.0,0.0,0.0
32497,0.0,0.0,0.0
32498,0.0,0.0,0.0
32499,0.0,0.0,0.0
32500,0.0,0.0,0.0
32501,0.0,0.0,0.0
32502,0.0,0.0,0.0
32503,0.0,0.0,0.0
32504,0.0,0.0,0.0
32505,0.0,0.0,0.0
32506,0.0,0.0,0.0
32507,0.0,0.0,0.0
32508,0.0,0.0,0.0
32509,0.0,0.0,0.0
32510,0.0,0.0,0.0
32511,0.0,0.0,0.0
32512,0.0,0.0,0.0
32513,0.0,0.0,0.0
32514,0.0,0.0,0.0
32515,0.0,0.0,0.0
32516,0.0,0.0,0.0
32517,0.0,0.0,0.0
32518,0.0,0.0,0.0
32519,0.0,0.0,0.0
32520,0.0,0.0,0.0
32521,0.0,0.0,0.0
32522,0.0,0.0,0.0
32523,0.0,0.0,0.0
32524,0.0,0.0,0.0
32525,0.0,0.0,0.0
32526,0.0,0.0,0.0
32527,0.0,0.0,0.0
32528,0.0,0.0,0.0
32529,0.0,0.0,0.0
32530,0.0,0.0,0.0
32531,0.0,0.0,0.0
32532,0.0,0.0,0.0
32533,0.0,0.0,0.0
32534,0.0,0.0,0.0
32535,0.0,0.0,0.0
32536,0.0,0.0,0.0
32537,0.0,0.0,0.0
32538,0.0,0.0,0.0
32539,0.0,0.0,0.0
32540,0.0,0.0,0.0
32541,0.0,0.0,0.0
32542,0.0,0.0,0.0
32543,0.0,0.0,0.0
32544,0.0,0.0,0.0
32545,0.0,0.0,0.0
32546,0.0,0.0,0.0
32547,0.0,0.0,0.0
32548,0.0,0.0,0.0
32549,0.0,0.0,0.0
32550,0.0,0.0,0.0
32551,0.0,0.0,0.0
32552,0.0,0.0,0.0
32553,0.0,0.0,0.0
32554,0.0,0.0,0.0
32555,0.0,0.0,0.0
32556,0.0,0.0,0.0
32557,0.0,0.0,0.0
32558,0.0,0.0,0.0
32559,0.0,0.0,0.0
32560,0.0,0.0,0.0
32561,0.0,0.0,0.0
32562,0.0,0.0,0.0
32563,0.0,0.0,0.0
32564,0.0,0.0,0.0
32565,0.0,0.0,0.0
32566,0.0,0.0,0.0
32567,0.0,0.0,0.0
32568,0.0,0.0,0.0
32569,0.0,0.0,0.0
32570,0.0,0.0,0.0
32571,0.0,0.0,0.0
32572,0.0,0.0,0.0
32573,0.0,0.0,0.0
32574,0.0,0.0,0.0
32575,0.0,0.0,0.0
32576,0.0,0.0,0.0
32577,0.0,0.0,0.0
32578,0.0,0.0,0.0
32579,0.0,0.0,0.0
32580,0.0,0.0,0.0
32581,0.0,0.0,0.0
32582,0.0,0.0,0.0
32583,0.0,0.0,0.0
32584,0.0,0.0,0.0
32585,0.0,0.0,0.0
32586,0.0,0.0,0.0
32587,0.0,0.0,0.0
32588,0.0,0.0,0.0
32589,0.0,0.0,0.0
32590,0.0,0.0,0.0
32591,0.0,0.0,0.0
32592,0.0,0.0,0.0
32593,0.0,0.0,0.0
32594,0.0,0.0,0.0
32595,0.0,0.0,0.0
32596,0.0,0.0,0.0
32597,0.0,0.0,0.0
32598,0.0,0.0,0.0
32599,0.0,0.0,0.0
32600,0.0,0.0,0.0
32601,0.0,0.0,0.0
32602,0.0,0.0,0.0
32603,0.0,0.0,0.0
32604,0.0,0.0,0.0
32605,0.0,0.0,0.0
32606,0.0,0.0,0.0
32607,0.0,0.0,0.0
32608,0.0,0.0,0.0
32609,0.0,0.0,0.0
32610,0.0,0.0,0.0
32611,0.0,0.0,0.0
32612,0.0,0.0,0.0
32613,0.0,0.0,0.0
32614,0.0,0.0,0.0
32615,0.0,0.0,0.0
32616,0.0,0.0,0.0
32617,0.0,0.0,0.0
32618,0.0,0.0,0.0
32619,0.0,0.0,0.0
32620,0.0,0.0,0.0
32621,0.0,0.0,0.0
32622,0.0,0.0,0.0
32623,0.0,0.0,0.0
32624,0.0,0.0,0.0
32625,0.0,0.0,0.0
32626,0.0,0.0,0.0
32627,0.0,0.0,0.0
32628,0.0,0.0,0.0
32629,0.0,0.0,0.0
32630,0.0,0.0,0.0
32631,0.0,0.0,0.0
32632,0.0,0.0,0.0
32633,0.0,0.0,0.0
32634,0.0,0.0,0.0
32635,0.0,0.0,0.0
32636,0.0,0.0,0.0
32637,0.0,0.0,0.0
32638,0.0,0.0,0.0
32639,0.0,0.0,0.0
32640,0.0,0.0,0.0
32641,0.0,0.0,0.0
32642,0.0,0.0,0.0
32643,0.0,0.0,0.0
32644,0.0,0.0,0.0
32645,0.0,0.0,0.0
32646,0.0,0.0,0.0
32647,0.0,0.0,0.0
32648,0.0,0.0,0.0
32649,0.0,0.0,0.0
32650,0.0,0.0,0.0
32651,0.0,0.0,0.0
32652,0.0,0.0,0.0
32653,0.0,0.0,0.0
32654,0.0,0.0,0.0
32655,0.0,0.0,0.0
32656,0.0,0.0,0.0
32657,0.0,0.0,0.0
32658,0.0,0.0,0.0
32659,0.0,0.0,0.0
32660,0.0,0.0,0.0
32661,0.0,0.0,0.0
32662,0.0,0.0,0.0
32663,0.0,0.0,0.0
32664,0.0,0.0,0.0
32665,0.0,0.0,0.0
32666,0.0,0.0,0.0
32667,0.0,0.0,0.0
32668,0.0,0.0,0.0
32669,0.0,0.0,0.0
32670,0.0,0.0,0.0
32671,0.0,0.0,0.0
32672,0.0,0.0,0.0
32673,0.0,0.0,0.0
32674,0.0,0.0,0.0
32675,0.0,0.0,0.0
32676,0.0,0.0,0.0
32677,0.0,0.0,0.0
32678,0.0,0.0,0.0
32679,0.0,0.0,0.0
32680,0.0,0.0,0.0
32681,0.0,0.0,0.0
32682,0.0,0.0,0.0
32683,0.0,0.0,0.0
32684,0.0,0.0,0.0
32685,0.0,0.0,0.0
32686,0.0,0.0,0.0
32687,0.0,0.0,0.0
32688,0.0,0.0,0.0
32689,0.0,0.0,0.0
32690,0.0,0.0,0.0
32691,0.0,0.0,0.0
32692,0.0,0.0,0.0
32693,0.0,0.0,0.0
32694,0.0,0.0,0.0
32695,0.0,0.0,0.0
32696,0.0,0.0,0.0
32697,0.0,0.0,0.0
32698,0.0,0.0,0.0
32699,0.0,0.0,0.0
32700,0.0,0.0,0.0
32701,0.0,0.0,0.0
32702,0.0,0.0,0.0
32703,0.0,0.0,0.0
32704,0.0,0.0,0.0
32705,0.0,0.0,0.0
32706,0.0,0.0,0.0
32707,0.0,0.0,0.0
32708,0.0,0.0,0.0
32709,0.0,0.0,0.0
32710,0.0,0.0,0.0
32711,0.0,0.0,0.0
32712,0.0,0.0,0.0
32713,0.0,0.0,0.0
32714,0.0,0.0,0.0
32715,0.0,0.0,0.0
32716,0.0,0.0,0.0
32717,0.0,0.0,0.0
32718,0.0,0.0,0.0
32719,0.0,0.0,0.0
32720,0.0,0.0,0.0
32721,0.0,0.0,0.0
32722,0.0,0.0,0.0
32723,0.0,0.0,0.0
32724,0.0,0.0,0.0
32725,0.0,0.0,0.0
32726,0.0,0.0,0.0
32727,0.0,0.0,0.0
32728,0.0,0.0,0.0
32729,0.0,0.0,0.0
32730,0.0,0.0,0.0
32731,0.0,0.0,0.0
32732,0.0,0.0,0.0
32733,0.0,0.0,0.0
32734,0.0,0.0,0.0
32735,0.0,0.0,0.0
32736,0.0,0.0,0.0
32737,0.0,0.0,0.0
32738,0.0,0.0,0.0
32739,0.0,0.0,0.0
32740,0.0,0.0,0.0
32741,0.0,0.0,0.0
32742,0.0,0.0,0.0
32743,0.0,0.0,0.0
32744,0.0,0.0,0.0
32745,0.0,0.0,0.0
32746,0.0,0.0,0.0
32747,0.0,0.0,0.0
32748,0.0,0.0,0.0
32749,0.0,0.0,0.0
32750,0.0,0.0,0.0
32751,0.0,0.0,0.0
32752,0.0,0.0,0.0
32753,0.0,0.0,0.0
32754,0.0,0.0,0.0
32755,0.0,0.0,0.0
32756,0.0,0.0,0.0
32757,0.0,0.0,0.0
32758,0.0,0.0,0.0
32759,0.0,0.0,0.0
32760,0.0,0.0,0.0
32761,0.0,0.0,0.0
32762,0.0,0.0,0.0
32763,0.0,0.0,0.0
32764,0.0,0.0,0.0
32765,0.0,0.0,0.0
32766,0.0,0.0,0.0
32767,0.0,0.0,0.0
32768,0.0,0.0,0.0
32769,0.0,0.0,0.0
32770,0.0,0.0,0.0
32771,0.0,0.0,0.0
32772,0.0,0.0,0.0
32773,0.0,0.0,0.0
32774,0.0,0.0,0.0
32775,0.0,0.0,0.0
32776,0.0,0.0,0.0
32777,0.0,0.0,0.0
32778,0.0,0.0,0.0
32779,0.0,0.0,0.0
32780,0.0,0.0,0.0
32781,0.0,0.0,0.0
32782,0.0,0.0,0.0
32783,0.0,0.0,0.0
32784,0.0,0.0,0.0
32785,0.0,0.0,0.0
32786,0.0,0.0,0.0
32787,0.0,0.0,0.0
32788,0.0,0.0,0.0
32789,0.0,0.0,0.0
32790,0.0,0.0,0.0
32791,0.0,0.0,0.0
32792,0.0,0.0,0.0
32793,0.0,0.0,0.0
32794,0.0,0.0,0.0
32795,0.0,0.0,0.0
32796,0.0,0.0,0.0
32797,0.0,0.0,0.0
32798,0.0,0.0,0.0
32799,0.0,0.0,0.0
32800,0.0,0.0,0.0
32801,0.0,0.0,0.0
32802,0.0,0.0,0.0
32803,0.0,0.0,0.0
32804,0.0,0.0,0.0
32805,0.0,0.0,0.0
32806,0.0,0.0,0.0
32807,0.0,0.0,0.0
32808,0.0,0.0,0.0
32809,0.0,0.0,0.0
32810,0.0,0.0,0.0
32811,0.0,0.0,0.0
32812,0.0,0.0,0.0
32813,0.0,0.0,0.0
32814,0.0,0.0,0.0
32815,0.0,0.0,0.0
32816,0.0,0.0,0.0
32817,0.0,0.0,0.0
32818,0.0,0.0,0.0
32819,0.0,0.0,0.0
32820,0.0,0.0,0.0
32821,0.0,0.0,0.0
32822,0.0,0.0,0.0
32823,0.0,0.0,0.0
32824,0.0,0.0,0.0
32825,0.0,0.0,0.0
32826,0.0,0.0,0.0
32827,0.0,0.0,0.0
32828,0.0,0.0,0.0
32829,0.0,0.0,0.0
32830,0.0,0.0,0.0
32831,0.0,0.0,0.0
32832,0.0,0.0,0.0
32833,0.0,0.0,0.0
32834,0.0,0.0,0.0
32835,0.0,0.0,0.0
32836,0.0,0.0,0.0
32837,0.0,0.0,0.0
32838,0.0,0.0,0.0
32839,0.0,0.0,0.0
32840,0.0,0.0,0.0
32841,0.0,0.0,0.0
32842,0.0,0.0,0.0
32843,0.0,0.0,0.0
32844,0.0,0.0,0.0
32845,0.0,0.0,0.0
32846,0.0,0.0,0.0
32847,0.0,0.0,0.0
32848,0.0,0.0,0.0
32849,0.0,0.0,0.0
32850,0.0,0.0,0.0
32851,0.0,0.0,0.0
32852,0.0,0.0,0.0
32853,0.0,0.0,0.0
32854,0.0,0.0,0.0
32855,0.0,0.0,0.0
32856,0.0,0.0,0.0
32857,0.0,0.0,0.0
32858,0.0,0.0,0.0
32859,0.0,0.0,0.0
32860,0.0,0.0,0.0
32861,0.0,0.0,0.0
32862,0.0,0.0,0.0
32863,0.0,0.0,0.0
32864,0.0,0.0,0.0
32865,0.0,0.0,0.0
32866,0.0,0.0,0.0
32867,0.0,0.0,0.0
32868,0.0,0.0,0.0
32869,0.0,0.0,0.0
32870,0.0,0.0,0.0
32871,0.0,0.0,0.0
32872,0.0,0.0,0.0
32873,0.0,0.0,0.0
32874,0.0,0.0,0.0
32875,0.0,0.0,0.0
32876,0.0,0.0,0.0
32877,0.0,0.0,0.0
32878,0.0,0.0,0.0
32879,0.0,0.0,0.0
32880,0.0,0.0,0.0
32881,0.0,0.0,0.0
32882,0.0,0.0,0.0
32883,0.0,0.0,0.0
32884,0.0,0.0,0.0
32885,0.0,0.0,0.0
32886,0.0,0.0,0.0
32887,0.0,0.0,0.0
32888,0.0,0.0,0.0
32889,0.0,0.0,0.0
32890,0.0,0.0,0.0
32891,0.0,0.0,0.0
32892,0.0,0.0,0.0
32893,0.0,0.0,0.0
32894,0.0,0.0,0.0
32895,0.0,0.0,0.0
32896,0.0,0.0,0.0
32897,0.0,0.0,0.0
32898,0.0,0.0,0.0
32899,0.0,0.0,0.0
32900,0.0,0.0,0.0
32901,0.0,0.0,0.0
32902,0.0,0.0,0.0
32903,0.0,0.0,0.0
32904,0.0,0.0,0.0
32905,0.0,0.0,0.0
32906,0.0,0.0,0.0
32907,0.0,0.0,0.0
32908,0.0,0.0,0.0
32909,0.0,0.0,0.0
32910,0.0,0.0,0.0
32911,0.0,0.0,0.0
32912,0.0,0.0,0.0
32913,0.0,0.0,0.0
32914,0.0,0.0,0.0
32915,0.0,0.0,0.0
32916,0.0,0.0,0.0
32917,0.0,0.0,0.0
32918,0.0,0.0,0.0
32919,0.0,0.0,0.0
32920,0.0,0.0,0.0
32921,0.0,0.0,0.0
32922,0.0,0.0,0.0
32923,0.0,0.0,0.0
32924,0.0,0.0,0.0
32925,0.0,0.0,0.0
32926,0.0,0.0,0.0
32927,0.0,0.0,0.0
32928,0.0,0.0,0.0
32929,0.0,0.0,0.0
32930,0.0,0.0,0.0
32931,0.0,0.0,0.0
32932,0.0,0.0,0.0
32933,0.0,0.0,0.0
32934,0.0,0.0,0.0
32935,0.0,0.0,0.0
32936,0.0,0.0,0.0
32937,0.0,0.0,0.0
32938,0.0,0.0,0.0
32939,0.0,0.0,0.0
32940,0.0,0.0,0.0
32941,0.0,0.0,0.0
32942,0.0,0.0,0.0
32943,0.0,0.0,0.0
32944,0.0,0.0,0.0
32945,0.0,0.0,0.0
32946,0.0,0.0,0.0
32947,0.0,0.0,0.0
32948,0.0,0.0,0.0
32949,0.0,0.0,0.0
32950,0.0,0.0,0.0
32951,0.0,0.0,0.0
32952,0.0,0.0,0.0
32953,0.0,0.0,0.0
32954,0.0,0.0,0.0
32955,0.0,0.0,0.0
32956,0.0,0.0,0.0
32957,0.0,0.0,0.0
32958,0.0,0.0,0.0
32959,0.0,0.0,0.0
32960,0.0,0.0,0.0
32961,0.0,0.0,0.0
32962,0.0,0.0,0.0
32963,0.0,0.0,0.0
32964,0.0,0.0,0.0
32965,0.0,0.0,0.0
32966,0.0,0.0,0.0
32967,0.0,0.0,0.0
32968,0.0,0.0,0.0
32969,0.0,0.0,0.0
32970,0.0,0.0,0.0
32971,0.0,0.0,0.0
32972,0.0,0.0,0.0
32973,0.0,0.0,0.0
32974,0.0,0.0,0.0
32975,0.0,0.0,0.0
32976,0.0,0.0,0.0
32977,0.0,0.0,0.0
32978,0.0,0.0,0.0
32979,0.0,0.0,0.0
32980,0.0,0.0,0.0
32981,0.0,0.0,0.0
32982,0.0,0.0,0.0
32983,0.0,0.0,0.0
32984,0.0,0.0,0.0
32985,0.0,0.0,0.0
32986,0.0,0.0,0.0
32987,0.0,0.0,0.0
32988,0.0,0.0,0.0
32989,0.0,0.0,0.0
32990,0.0,0.0,0.0
32991,0.0,0.0,0.0
32992,0.0,0.0,0.0
32993,0.0,0.0,0.0
32994,0.0,0.0,0.0
32995,0.0,0.0,0.0
32996,0.0,0.0,0.0
32997,0.0,0.0,0.0
32998,0.0,0.0,0.0
32999,0.0,0.0,0.0
33000,0.0,0.0,0.0
33001,0.0,0.0,0.0
33002,0.0,0.0,0.0
33003,0.0,0.0,0.0
33004,0.0,0.0,0.0
33005,0.0,0.0,0.0
33006,0.0,0.0,0.0
33007,0.0,0.0,0.0
33008,0.0,0.0,0.0
33009,0.0,0.0,0.0
33010,0.0,0.0,0.0
33011,0.0,0.0,0.0
33012,0.0,0.0,0.0
33013,0.0,0.0,0.0
33014,0.0,0.0,0.0
33015,0.0,0.0,0.0
33016,0.0,0.0,0.0
33017,0.0,0.0,0.0
33018,0.0,0.0,0.0
33019,0.0,0.0,0.0
33020,0.0,0.0,0.0
33021,0.0,0.0,0.0
33022,0.0,0.0,0.0
33023,0.0,0.0,0.0
33024,0.0,0.0,0.0
33025,0.0,0.0,0.0
33026,0.0,0.0,0.0
33027,0.0,0.0,0.0
33028,0.0,0.0,0.0
33029,0.0,0.0,0.0
33030,0.0,0.0,0.0
33031,0.0,0.0,0.0
33032,0.0,0.0,0.0
33033,0.0,0.0,0.0
33034,0.0,0.0,0.0
33035,0.0,0.0,0.0
33036,0.0,0.0,0.0
33037,0.0,0.0,0.0
33038,0.0,0.0,0.0
33039,0.0,0.0,0.0
33040,0.0,0.0,0.0
33041,0.0,0.0,0.0
33042,0.0,0.0,0.0
33043,0.0,0.0,0.0
33044,0.0,0.0,0.0
33045,0.0,0.0,0.0
33046,0.0,0.0,0.0
33047,0.0,0.0,0.0
33048,0.0,0.0,0.0
33049,0.0,0.0,0.0
33050,0.0,0.0,0.0
33051,0.0,0.0,0.0
33052,0.0,0.0,0.0
33053,0.0,0.0,0.0
33054,0.0,0.0,0.0
33055,0.0,0.0,0.0
33056,0.0,0.0,0.0
33057,0.0,0.0,0.0
33058,0.0,0.0,0.0
33059,0.0,0.0,0.0
33060,0.0,0.0,0.0
33061,0.0,0.0,0.0
33062,0.0,0.0,0.0
33063,0.0,0.0,0.0
33064,0.0,0.0,0.0
33065,0.0,0.0,0.0
33066,0.0,0.0,0.0
33067,0.0,0.0,0.0
33068,0.0,0.0,0.0
33069,0.0,0.0,0.0
33070,0.0,0.0,0.0
33071,0.0,0.0,0.0
33072,0.0,0.0,0.0
33073,0.0,0.0,0.0
33074,0.0,0.0,0.0
33075,0.0,0.0,0.0
33076,0.0,0.0,0.0
33077,0.0,0.0,0.0
33078,0.0,0.0,0.0
33079,0.0,0.0,0.0
33080,0.0,0.0,0.0
33081,0.0,0.0,0.0
33082,0.0,0.0,0.0
33083,0.0,0.0,0.0
33084,0.0,0.0,0.0
33085,0.0,0.0,0.0
33086,0.0,0.0,0.0
33087,0.0,0.0,0.0
33088,0.0,0.0,0.0
33089,0.0,0.0,0.0
33090,0.0,0.0,0.0
33091,0.0,0.0,0.0
33092,0.0,0.0,0.0
33093,0.0,0.0,0.0
33094,0.0,0.0,0.0
33095,0.0,0.0,0.0
33096,0.0,0.0,0.0
33097,0.0,0.0,0.0
33098,0.0,0.0,0.0
33099,0.0,0.0,0.0
33100,0.0,0.0,0.0
33101,0.0,0.0,0.0
33102,0.0,0.0,0.0
33103,0.0,0.0,0.0
33104,0.0,0.0,0.0
33105,0.0,0.0,0.0
33106,0.0,0.0,0.0
33107,0.0,0.0,0.0
33108,0.0,0.0,0.0
33109,0.0,0.0,0.0
33110,0.0,0.0,0.0
33111,0.0,0.0,0.0
33112,0.0,0.0,0.0
33113,0.0,0.0,0.0
33114,0.0,0.0,0.0
33115,0.0,0.0,0.0
33116,0.0,0.0,0.0
33117,0.0,0.0,0.0
33118,0.0,0.0,0.0
33119,0.0,0.0,0.0
33120,0.0,0.0,0.0
33121,0.0,0.0,0.0
33122,0.0,0.0,0.0
33123,0.0,0.0,0.0
33124,0.0,0.0,0.0
33125,0.0,0.0,0.0
33126,0.0,0.0,0.0
33127,0.0,0.0,0.0
33128,0.0,0.0,0.0
33129,0.0,0.0,0.0
33130,0.0,0.0,0.0
33131,0.0,0.0,0.0
33132,0.0,0.0,0.0
33133,0.0,0.0,0.0
33134,0.0,0.0,0.0
33135,0.0,0.0,0.0
33136,0.0,0.0,0.0
33137,0.0,0.0,0.0
33138,0.0,0.0,0.0
33139,0.0,0.0,0.0
33140,0.0,0.0,0.0
33141,0.0,0.0,0.0
33142,0.0,0.0,0.0
33143,0.0,0.0,0.0
33144,0.0,0.0,0.0
33145,0.0,0.0,0.0
33146,0.0,0.0,0.0
33147,0.0,0.0,0.0
33148,0.0,0.0,0.0
33149,0.0,0.0,0.0
33150,0.0,0.0,0.0
33151,0.0,0.0,0.0
33152,0.0,0.0,0.0
33153,0.0,0.0,0.0
33154,0.0,0.0,0.0
33155,0.0,0.0,0.0
33156,0.0,0.0,0.0
33157,0.0,0.0,0.0
33158,0.0,0.0,0.0
33159,0.0,0.0,0.0
33160,0.0,0.0,0.0
33161,0.0,0.0,0.0
33162,0.0,0.0,0.0
33163,0.0,0.0,0.0
33164,0.0,0.0,0.0
33165,0.0,0.0,0.0
33166,0.0,0.0,0.0
33167,0.0,0.0,0.0
33168,0.0,0.0,0.0
33169,0.0,0.0,0.0
33170,0.0,0.0,0.0
33171,0.0,0.0,0.0
33172,0.0,0.0,0.0
33173,0.0,0.0,0.0
33174,0.0,0.0,0.0
33175,0.0,0.0,0.0
33176,0.0,0.0,0.0
33177,0.0,0.0,0.0
33178,0.0,0.0,0.0
33179,0.0,0.0,0.0
33180,0.0,0.0,0.0
33181,0.0,0.0,0.0
33182,0.0,0.0,0.0
33183,0.0,0.0,0.0
33184,0.0,0.0,0.0
33185,0.0,0.0,0.0
33186,0.0,0.0,0.0
33187,0.0,0.0,0.0
33188,0.0,0.0,0.0
33189,0.0,0.0,0.0
33190,0.0,0.0,0.0
33191,0.0,0.0,0.0
33192,0.0,0.0,0.0
33193,0.0,0.0,0.0
33194,0.0,0.0,0.0
33195,0.0,0.0,0.0
33196,0.0,0.0,0.0
33197,0.0,0.0,0.0
33198,0.0,0.0,0.0
33199,0.0,0.0,0.0
33200,0.0,0.0,0.0
33201,0.0,0.0,0.0
33202,0.0,0.0,0.0
33203,0.0,0.0,0.0
33204,0.0,0.0,0.0
33205,0.0,0.0,0.0
33206,0.0,0.0,0.0
33207,0.0,0.0,0.0
33208,0.0,0.0,0.0
33209,0.0,0.0,0.0
33210,0.0,0.0,0.0
33211,0.0,0.0,0.0
33212,0.0,0.0,0.0
33213,0.0,0.0,0.0
33214,0.0,0.0,0.0
33215,0.0,0.0,0.0
33216,0.0,0.0,0.0
33217,0.0,0.0,0.0
33218,0.0,0.0,0.0
33219,0.0,0.0,0.0
33220,0.0,0.0,0.0
33221,0.0,0.0,0.0
33222,0.0,0.0,0.0
33223,0.0,0.0,0.0
33224,0.0,0.0,0.0
33225,0.0,0.0,0.0
33226,0.0,0.0,0.0
33227,0.0,0.0,0.0
33228,0.0,0.0,0.0
33229,0.0,0.0,0.0
33230,0.0,0.0,0.0
33231,0.0,0.0,0.0
33232,0.0,0.0,0.0
33233,0.0,0.0,0.0
33234,0.0,0.0,0.0
33235,0.0,0.0,0.0
33236,0.0,0.0,0.0
33237,0.0,0.0,0.0
33238,0.0,0.0,0.0
33239,0.0,0.0,0.0
33240,0.0,0.0,0.0
33241,0.0,0.0,0.0
33242,0.0,0.0,0.0
33243,0.0,0.0,0.0
33244,0.0,0.0,0.0
33245,0.0,0.0,0.0
33246,0.0,0.0,0.0
33247,0.0,0.0,0.0
33248,0.0,0.0,0.0
33249,0.0,0.0,0.0
33250,0.0,0.0,0.0
33251,0.0,0.0,0.0
33252,0.0,0.0,0.0
33253,0.0,0.0,0.0
33254,0.0,0.0,0.0
33255,0.0,0.0,0.0
33256,0.0,0.0,0.0
33257,0.0,0.0,0.0
33258,0.0,0.0,0.0
33259,0.0,0.0,0.0
33260,0.0,0.0,0.0
33261,0.0,0.0,0.0
33262,0.0,0.0,0.0
33263,0.0,0.0,0.0
33264,0.0,0.0,0.0
33265,0.0,0.0,0.0
33266,0.0,0.0,0.0
33267,0.0,0.0,0.0
33268,0.0,0.0,0.0
33269,0.0,0.0,0.0
33270,0.0,0.0,0.0
33271,0.0,0.0,0.0
33272,0.0,0.0,0.0
33273,0.0,0.0,0.0
33274,0.0,0.0,0.0
33275,0.0,0.0,0.0
33276,0.0,0.0,0.0
33277,0.0,0.0,0.0
33278,0.0,0.0,0.0
33279,0.0,0.0,0.0
33280,0.0,0.0,0.0
33281,0.0,0.0,0.0
33282,0.0,0.0,0.0
33283,0.0,0.0,0.0
33284,0.0,0.0,0.0
33285,0.0,0.0,0.0
33286,0.0,0.0,0.0
33287,0.0,0.0,0.0
33288,0.0,0.0,0.0
33289,0.0,0.0,0.0
33290,0.0,0.0,0.0
33291,0.0,0.0,0.0
33292,0.0,0.0,0.0
33293,0.0,0.0,0.0
33294,0.0,0.0,0.0
33295,0.0,0.0,0.0
33296,0.0,0.0,0.0
33297,0.0,0.0,0.0
33298,0.0,0.0,0.0
33299,0.0,0.0,0.0
33300,0.0,0.0,0.0
33301,0.0,0.0,0.0
33302,0.0,0.0,0.0
33303,0.0,0.0,0.0
33304,0.0,0.0,0.0
33305,0.0,0.0,0.0
33306,0.0,0.0,0.0
33307,0.0,0.0,0.0
33308,0.0,0.0,0.0
33309,0.0,0.0,0.0
33310,0.0,0.0,0.0
33311,0.0,0.0,0.0
33312,0.0,0.0,0.0
33313,0.0,0.0,0.0
33314,0.0,0.0,0.0
33315,0.0,0.0,0.0
33316,0.0,0.0,0.0
33317,0.0,0.0,0.0
33318,0.0,0.0,0.0
33319,0.0,0.0,0.0
33320,0.0,0.0,0.0
33321,0.0,0.0,0.0
33322,0.0,0.0,0.0
33323,0.0,0.0,0.0
33324,0.0,0.0,0.0
33325,0.0,0.0,0.0
33326,0.0,0.0,0.0
33327,0.0,0.0,0.0
33328,0.0,0.0,0.0
33329,0.0,0.0,0.0
33330,0.0,0.0,0.0
33331,0.0,0.0,0.0
33332,0.0,0.0,0.0
33333,0.0,0.0,0.0
33334,0.0,0.0,0.0
33335,0.0,0.0,0.0
33336,0.0,0.0,0.0
33337,0.0,0.0,0.0
33338,0.0,0.0,0.0
33339,0.0,0.0,0.0
33340,0.0,0.0,0.0
33341,0.0,0.0,0.0
33342,0.0,0.0,0.0
33343,0.0,0.0,0.0
33344,0.0,0.0,0.0
33345,0.0,0.0,0.0
33346,0.0,0.0,0.0
33347,0.0,0.0,0.0
33348,0.0,0.0,0.0
33349,0.0,0.0,0.0
33350,0.0,0.0,0.0
33351,0.0,0.0,0.0
33352,0.0,0.0,0.0
33353,0.0,0.0,0.0
33354,0.0,0.0,0.0
33355,0.0,0.0,0.0
33356,0.0,0.0,0.0
33357,0.0,0.0,0.0
33358,0.0,0.0,0.0
33359,0.0,0.0,0.0
33360,0.0,0.0,0.0
33361,0.0,0.0,0.0
33362,0.0,0.0,0.0
33363,0.0,0.0,0.0
33364,0.0,0.0,0.0
33365,0.0,0.0,0.0
33366,0.0,0.0,0.0
33367,0.0,0.0,0.0
33368,0.0,0.0,0.0
33369,0.0,0.0,0.0
33370,0.0,0.0,0.0
33371,0.0,0.0,0.0
33372,0.0,0.0,0.0
33373,0.0,0.0,0.0
33374,0.0,0.0,0.0
33375,0.0,0.0,0.0
33376,0.0,0.0,0.0
33377,0.0,0.0,0.0
33378,0.0,0.0,0.0
33379,0.0,0.0,0.0
33380,0.0,0.0,0.0
33381,0.0,0.0,0.0
33382,0.0,0.0,0.0
33383,0.0,0.0,0.0
33384,0.0,0.0,0.0
33385,0.0,0.0,0.0
33386,0.0,0.0,0.0
33387,0.0,0.0,0.0
33388,0.0,0.0,0.0
33389,0.0,0.0,0.0
33390,0.0,0.0,0.0
33391,0.0,0.0,0.0
33392,0.0,0.0,0.0
33393,0.0,0.0,0.0
33394,0.0,0.0,0.0
33395,0.0,0.0,0.0
33396,0.0,0.0,0.0
33397,0.0,0.0,0.0
33398,0.0,0.0,0.0
33399,0.0,0.0,0.0
33400,0.0,0.0,0.0
33401,0.0,0.0,0.0
33402,0.0,0.0,0.0
33403,0.0,0.0,0.0
33404,0.0,0.0,0.0
33405,0.0,0.0,0.0
33406,0.0,0.0,0.0
33407,0.0,0.0,0.0
33408,0.0,0.0,0.0
33409,0.0,0.0,0.0
33410,0.0,0.0,0.0
33411,0.0,0.0,0.0
33412,0.0,0.0,0.0
33413,0.0,0.0,0.0
33414,0.0,0.0,0.0
33415,0.0,0.0,0.0
33416,0.0,0.0,0.0
33417,0.0,0.0,0.0
33418,0.0,0.0,0.0
33419,0.0,0.0,0.0
33420,0.0,0.0,0.0
33421,0.0,0.0,0.0
33422,0.0,0.0,0.0
33423,0.0,0.0,0.0
33424,0.0,0.0,0.0
33425,0.0,0.0,0.0
33426,0.0,0.0,0.0
33427,0.0,0.0,0.0
33428,0.0,0.0,0.0
33429,0.0,0.0,0.0
33430,0.0,0.0,0.0
33431,0.0,0.0,0.0
33432,0.0,0.0,0.0
33433,0.0,0.0,0.0
33434,0.0,0.0,0.0
33435,0.0,0.0,0.0
33436,0.0,0.0,0.0
33437,0.0,0.0,0.0
33438,0.0,0.0,0.0
33439,0.0,0.0,0.0
33440,0.0,0.0,0.0
33441,0.0,0.0,0.0
33442,0.0,0.0,0.0
33443,0.0,0.0,0.0
33444,0.0,0.0,0.0
33445,0.0,0.0,0.0
33446,0.0,0.0,0.0
33447,0.0,0.0,0.0
33448,0.0,0.0,0.0
33449,0.0,0.0,0.0
33450,0.0,0.0,0.0
33451,0.0,0.0,0.0
33452,0.0,0.0,0.0
33453,0.0,0.0,0.0
33454,0.0,0.0,0.0
33455,0.0,0.0,0.0
33456,0.0,0.0,0.0
33457,0.0,0.0,0.0
33458,0.0,0.0,0.0
33459,0.0,0.0,0.0
33460,0.0,0.0,0.0
33461,0.0,0.0,0.0
33462,0.0,0.0,0.0
33463,0.0,0.0,0.0
33464,0.0,0.0,0.0
33465,0.0,0.0,0.0
33466,0.0,0.0,0.0
33467,0.0,0.0,0.0
33468,0.0,0.0,0.0
33469,0.0,0.0,0.0
33470,0.0,0.0,0.0
33471,0.0,0.0,0.0
33472,0.0,0.0,0.0
33473,0.0,0.0,0.0
33474,0.0,0.0,0.0
33475,0.0,0.0,0.0
33476,0.0,0.0,0.0
33477,0.0,0.0,0.0
33478,0.0,0.0,0.0
33479,0.0,0.0,0.0
33480,0.0,0.0,0.0
33481,0.0,0.0,0.0
33482,0.0,0.0,0.0
33483,0.0,0.0,0.0
33484,0.0,0.0,0.0
33485,0.0,0.0,0.0
33486,0.0,0.0,0.0
33487,0.0,0.0,0.0
33488,0.0,0.0,0.0
33489,0.0,0.0,0.0
33490,0.0,0.0,0.0
33491,0.0,0.0,0.0
33492,0.0,0.0,0.0
33493,0.0,0.0,0.0
33494,0.0,0.0,0.0
33495,0.0,0.0,0.0
33496,0.0,0.0,0.0
33497,0.0,0.0,0.0
33498,0.0,0.0,0.0
33499,0.0,0.0,0.0
33500,0.0,0.0,0.0
33501,0.0,0.0,0.0
33502,0.0,0.0,0.0
33503,0.0,0.0,0.0
33504,0.0,0.0,0.0
33505,0.0,0.0,0.0
33506,0.0,0.0,0.0
33507,0.0,0.0,0.0
33508,0.0,0.0,0.0
33509,0.0,0.0,0.0
33510,0.0,0.0,0.0
33511,0.0,0.0,0.0
33512,0.0,0.0,0.0
33513,0.0,0.0,0.0
33514,0.0,0.0,0.0
33515,0.0,0.0,0.0
33516,0.0,0.0,0.0
33517,0.0,0.0,0.0
33518,0.0,0.0,0.0
33519,0.0,0.0,0.0
33520,0.0,0.0,0.0
33521,0.0,0.0,0.0
33522,0.0,0.0,0.0
33523,0.0,0.0,0.0
33524,0.0,0.0,0.0
33525,0.0,0.0,0.0
33526,0.0,0.0,0.0
33527,0.0,0.0,0.0
33528,0.0,0.0,0.0
33529,0.0,0.0,0.0
33530,0.0,0.0,0.0
33531,0.0,0.0,0.0
33532,0.0,0.0,0.0
33533,0.0,0.0,0.0
33534,0.0,0.0,0.0
33535,0.0,0.0,0.0
33536,0.0,0.0,0.0
33537,0.0,0.0,0.0
33538,0.0,0.0,0.0
33539,0.0,0.0,0.0
33540,0.0,0.0,0.0
33541,0.0,0.0,0.0
33542,0.0,0.0,0.0
33543,0.0,0.0,0.0
33544,0.0,0.0,0.0
33545,0.0,0.0,0.0
33546,0.0,0.0,0.0
33547,0.0,0.0,0.0
33548,0.0,0.0,0.0
33549,0.0,0.0,0.0
33550,0.0,0.0,0.0
33551,0.0,0.0,0.0
33552,0.0,0.0,0.0
33553,0.0,0.0,0.0
33554,0.0,0.0,0.0
33555,0.0,0.0,0.0
33556,0.0,0.0,0.0
33557,0.0,0.0,0.0
33558,0.0,0.0,0.0
33559,0.0,0.0,0.0
33560,0.0,0.0,0.0
33561,0.0,0.0,0.0
33562,0.0,0.0,0.0
33563,0.0,0.0,0.0
33564,0.0,0.0,0.0
33565,0.0,0.0,0.0
33566,0.0,0.0,0.0
33567,0.0,0.0,0.0
33568,0.0,0.0,0.0
33569,0.0,0.0,0.0
33570,0.0,0.0,0.0
33571,0.0,0.0,0.0
33572,0.0,0.0,0.0
33573,0.0,0.0,0.0
33574,0.0,0.0,0.0
33575,0.0,0.0,0.0
33576,0.0,0.0,0.0
33577,0.0,0.0,0.0
33578,0.0,0.0,0.0
33579,0.0,0.0,0.0
33580,0.0,0.0,0.0
33581,0.0,0.0,0.0
33582,0.0,0.0,0.0
33583,0.0,0.0,0.0
33584,0.0,0.0,0.0
33585,0.0,0.0,0.0
33586,0.0,0.0,0.0
33587,0.0,0.0,0.0
33588,0.0,0.0,0.0
33589,0.0,0.0,0.0
33590,0.0,0.0,0.0
33591,0.0,0.0,0.0
33592,0.0,0.0,0.0
33593,0.0,0.0,0.0
33594,0.0,0.0,0.0
33595,0.0,0.0,0.0
33596,0.0,0.0,0.0
33597,0.0,0.0,0.0
33598,0.0,0.0,0.0
33599,0.0,0.0,0.0
33600,0.0,0.0,0.0
33601,0.0,0.0,0.0
33602,0.0,0.0,0.0
33603,0.0,0.0,0.0
33604,0.0,0.0,0.0
33605,0.0,0.0,0.0
33606,0.0,0.0,0.0
33607,0.0,0.0,0.0
33608,0.0,0.0,0.0
33609,0.0,0.0,0.0
33610,0.0,0.0,0.0
33611,0.0,0.0,0.0
33612,0.0,0.0,0.0
33613,0.0,0.0,0.0
33614,0.0,0.0,0.0
33615,0.0,0.0,0.0
33616,0.0,0.0,0.0
33617,0.0,0.0,0.0
33618,0.0,0.0,0.0
33619,0.0,0.0,0.0
33620,0.0,0.0,0.0
33621,0.0,0.0,0.0
33622,0.0,0.0,0.0
33623,0.0,0.0,0.0
33624,0.0,0.0,0.0
33625,0.0,0.0,0.0
33626,0.0,0.0,0.0
33627,0.0,0.0,0.0
33628,0.0,0.0,0.0
33629,0.0,0.0,0.0
33630,0.0,0.0,0.0
33631,0.0,0.0,0.0
33632,0.0,0.0,0.0
33633,0.0,0.0,0.0
33634,0.0,0.0,0.0
33635,0.0,0.0,0.0
33636,0.0,0.0,0.0
33637,0.0,0.0,0.0
33638,0.0,0.0,0.0
33639,0.0,0.0,0.0
33640,0.0,0.0,0.0
33641,0.0,0.0,0.0
33642,0.0,0.0,0.0
33643,0.0,0.0,0.0
33644,0.0,0.0,0.0
33645,0.0,0.0,0.0
33646,0.0,0.0,0.0
33647,0.0,0.0,0.0
33648,0.0,0.0,0.0
33649,0.0,0.0,0.0
33650,0.0,0.0,0.0
33651,0.0,0.0,0.0
33652,0.0,0.0,0.0
33653,0.0,0.0,0.0
33654,0.0,0.0,0.0
33655,0.0,0.0,0.0
33656,0.0,0.0,0.0
33657,0.0,0.0,0.0
33658,0.0,0.0,0.0
33659,0.0,0.0,0.0
33660,0.0,0.0,0.0
33661,0.0,0.0,0.0
33662,0.0,0.0,0.0
33663,0.0,0.0,0.0
33664,0.0,0.0,0.0
33665,0.0,0.0,0.0
33666,0.0,0.0,0.0
33667,0.0,0.0,0.0
33668,0.0,0.0,0.0
33669,0.0,0.0,0.0
33670,0.0,0.0,0.0
33671,0.0,0.0,0.0
33672,0.0,0.0,0.0
33673,0.0,0.0,0.0
33674,0.0,0.0,0.0
33675,0.0,0.0,0.0
33676,0.0,0.0,0.0
33677,0.0,0.0,0.0
33678,0.0,0.0,0.0
33679,0.0,0.0,0.0
33680,0.0,0.0,0.0
33681,0.0,0.0,0.0
33682,0.0,0.0,0.0
33683,0.0,0.0,0.0
33684,0.0,0.0,0.0
33685,0.0,0.0,0.0
33686,0.0,0.0,0.0
33687,0.0,0.0,0.0
33688,0.0,0.0,0.0
33689,0.0,0.0,0.0
33690,0.0,0.0,0.0
33691,0.0,0.0,0.0
33692,0.0,0.0,0.0
33693,0.0,0.0,0.0
33694,0.0,0.0,0.0
33695,0.0,0.0,0.0
33696,0.0,0.0,0.0
33697,0.0,0.0,0.0
33698,0.0,0.0,0.0
33699,0.0,0.0,0.0
33700,0.0,0.0,0.0
33701,0.0,0.0,0.0
33702,0.0,0.0,0.0
33703,0.0,0.0,0.0
33704,0.0,0.0,0.0
33705,0.0,0.0,0.0
33706,0.0,0.0,0.0
33707,0.0,0.0,0.0
33708,0.0,0.0,0.0
33709,0.0,0.0,0.0
33710,0.0,0.0,0.0
33711,0.0,0.0,0.0
33712,0.0,0.0,0.0
33713,0.0,0.0,0.0
33714,0.0,0.0,0.0
33715,0.0,0.0,0.0
33716,0.0,0.0,0.0
33717,0.0,0.0,0.0
33718,0.0,0.0,0.0
33719,0.0,0.0,0.0
33720,0.0,0.0,0.0
33721,0.0,0.0,0.0
33722,0.0,0.0,0.0
33723,0.0,0.0,0.0
33724,0.0,0.0,0.0
33725,0.0,0.0,0.0
33726,0.0,0.0,0.0
33727,0.0,0.0,0.0
33728,0.0,0.0,0.0
33729,0.0,0.0,0.0
33730,0.0,0.0,0.0
33731,0.0,0.0,0.0
33732,0.0,0.0,0.0
33733,0.0,0.0,0.0
33734,0.0,0.0,0.0
33735,0.0,0.0,0.0
33736,0.0,0.0,0.0
33737,0.0,0.0,0.0
33738,0.0,0.0,0.0
33739,0.0,0.0,0.0
33740,0.0,0.0,0.0
33741,0.0,0.0,0.0
33742,0.0,0.0,0.0
33743,0.0,0.0,0.0
33744,0.0,0.0,0.0
33745,0.0,0.0,0.0
33746,0.0,0.0,0.0
33747,0.0,0.0,0.0
33748,0.0,0.0,0.0
33749,0.0,0.0,0.0
33750,0.0,0.0,0.0
33751,0.0,0.0,0.0
33752,0.0,0.0,0.0
33753,0.0,0.0,0.0
33754,0.0,0.0,0.0
33755,0.0,0.0,0.0
33756,0.0,0.0,0.0
33757,0.0,0.0,0.0
33758,0.0,0.0,0.0
33759,0.0,0.0,0.0
33760,0.0,0.0,0.0
33761,0.0,0.0,0.0
33762,0.0,0.0,0.0
33763,0.0,0.0,0.0
33764,0.0,0.0,0.0
33765,0.0,0.0,0.0
33766,0.0,0.0,0.0
33767,0.0,0.0,0.0
33768,0.0,0.0,0.0
33769,0.0,0.0,0.0
33770,0.0,0.0,0.0
33771,0.0,0.0,0.0
33772,0.0,0.0,0.0
33773,0.0,0.0,0.0
33774,0.0,0.0,0.0
33775,0.0,0.0,0.0
33776,0.0,0.0,0.0
33777,0.0,0.0,0.0
33778,0.0,0.0,0.0
33779,0.0,0.0,0.0
33780,0.0,0.0,0.0
33781,0.0,0.0,0.0
33782,0.0,0.0,0.0
33783,0.0,0.0,0.0
33784,0.0,0.0,0.0
33785,0.0,0.0,0.0
33786,0.0,0.0,0.0
33787,0.0,0.0,0.0
33788,0.0,0.0,0.0
33789,0.0,0.0,0.0
33790,0.0,0.0,0.0
33791,0.0,0.0,0.0
33792,0.0,0.0,0.0
33793,0.0,0.0,0.0
33794,0.0,0.0,0.0
33795,0.0,0.0,0.0
33796,0.0,0.0,0.0
33797,0.0,0.0,0.0
33798,0.0,0.0,0.0
33799,0.0,0.0,0.0
33800,0.0,0.0,0.0
33801,0.0,0.0,0.0
33802,0.0,0.0,0.0
33803,0.0,0.0,0.0
33804,0.0,0.0,0.0
33805,0.0,0.0,0.0
33806,0.0,0.0,0.0
33807,0.0,0.0,0.0
33808,0.0,0.0,0.0
33809,0.0,0.0,0.0
33810,0.0,0.0,0.0
33811,0.0,0.0,0.0
33812,0.0,0.0,0.0
33813,0.0,0.0,0.0
33814,0.0,0.0,0.0
33815,0.0,0.0,0.0
33816,0.0,0.0,0.0
33817,0.0,0.0,0.0
33818,0.0,0.0,0.0
33819,0.0,0.0,0.0
33820,0.0,0.0,0.0
33821,0.0,0.0,0.0
33822,0.0,0.0,0.0
33823,0.0,0.0,0.0
33824,0.0,0.0,0.0
33825,0.0,0.0,0.0
33826,0.0,0.0,0.0
33827,0.0,0.0,0.0
33828,0.0,0.0,0.0
33829,0.0,0.0,0.0
33830,0.0,0.0,0.0
33831,0.0,0.0,0.0
33832,0.0,0.0,0.0
33833,0.0,0.0,0.0
33834,0.0,0.0,0.0
33835,0.0,0.0,0.0
33836,0.0,0.0,0.0
33837,0.0,0.0,0.0
33838,0.0,0.0,0.0
33839,0.0,0.0,0.0
33840,0.0,0.0,0.0
33841,0.0,0.0,0.0
33842,0.0,0.0,0.0
33843,0.0,0.0,0.0
33844,0.0,0.0,0.0
33845,0.0,0.0,0.0
33846,0.0,0.0,0.0
33847,0.0,0.0,0.0
33848,0.0,0.0,0.0
33849,0.0,0.0,0.0
33850,0.0,0.0,0.0
33851,0.0,0.0,0.0
33852,0.0,0.0,0.0
33853,0.0,0.0,0.0
33854,0.0,0.0,0.0
33855,0.0,0.0,0.0
33856,0.0,0.0,0.0
33857,0.0,0.0,0.0
33858,0.0,0.0,0.0
33859,0.0,0.0,0.0
33860,0.0,0.0,0.0
33861,0.0,0.0,0.0
33862,0.0,0.0,0.0
33863,0.0,0.0,0.0
33864,0.0,0.0,0.0
33865,0.0,0.0,0.0
33866,0.0,0.0,0.0
33867,0.0,0.0,0.0
33868,0.0,0.0,0.0
33869,0.0,0.0,0.0
33870,0.0,0.0,0.0
33871,0.0,0.0,0.0
33872,0.0,0.0,0.0
33873,0.0,0.0,0.0
33874,0.0,0.0,0.0
33875,0.0,0.0,0.0
33876,0.0,0.0,0.0
33877,0.0,0.0,0.0
33878,0.0,0.0,0.0
33879,0.0,0.0,0.0
33880,0.0,0.0,0.0
33881,0.0,0.0,0.0
33882,0.0,0.0,0.0
33883,0.0,0.0,0.0
33884,0.0,0.0,0.0
33885,0.0,0.0,0.0
33886,0.0,0.0,0.0
33887,0.0,0.0,0.0
33888,0.0,0.0,0.0
33889,0.0,0.0,0.0
33890,0.0,0.0,0.0
33891,0.0,0.0,0.0
33892,0.0,0.0,0.0
33893,0.0,0.0,0.0
33894,0.0,0.0,0.0
33895,0.0,0.0,0.0
33896,0.0,0.0,0.0
33897,0.0,0.0,0.0
33898,0.0,0.0,0.0
33899,0.0,0.0,0.0
33900,0.0,0.0,0.0
33901,0.0,0.0,0.0
33902,0.0,0.0,0.0
33903,0.0,0.0,0.0
33904,0.0,0.0,0.0
33905,0.0,0.0,0.0
33906,0.0,0.0,0.0
33907,0.0,0.0,0.0
33908,0.0,0.0,0.0
33909,0.0,0.0,0.0
33910,0.0,0.0,0.0
33911,0.0,0.0,0.0
33912,0.0,0.0,0.0
33913,0.0,0.0,0.0
33914,0.0,0.0,0.0
33915,0.0,0.0,0.0
33916,0.0,0.0,0.0
33917,0.0,0.0,0.0
33918,0.0,0.0,0.0
33919,0.0,0.0,0.0
33920,0.0,0.0,0.0
33921,0.0,0.0,0.0
33922,0.0,0.0,0.0
33923,0.0,0.0,0.0
33924,0.0,0.0,0.0
33925,0.0,0.0,0.0
33926,0.0,0.0,0.0
33927,0.0,0.0,0.0
33928,0.0,0.0,0.0
33929,0.0,0.0,0.0
33930,0.0,0.0,0.0
33931,0.0,0.0,0.0
33932,0.0,0.0,0.0
33933,0.0,0.0,0.0
33934,0.0,0.0,0.0
33935,0.0,0.0,0.0
33936,0.0,0.0,0.0
33937,0.0,0.0,0.0
33938,0.0,0.0,0.0
33939,0.0,0.0,0.0
33940,0.0,0.0,0.0
33941,0.0,0.0,0.0
33942,0.0,0.0,0.0
33943,0.0,0.0,0.0
33944,0.0,0.0,0.0
33945,0.0,0.0,0.0
33946,0.0,0.0,0.0
33947,0.0,0.0,0.0
33948,0.0,0.0,0.0
33949,0.0,0.0,0.0
33950,0.0,0.0,0.0
33951,0.0,0.0,0.0
33952,0.0,0.0,0.0
33953,0.0,0.0,0.0
33954,0.0,0.0,0.0
33955,0.0,0.0,0.0
33956,0.0,0.0,0.0
33957,0.0,0.0,0.0
33958,0.0,0.0,0.0
33959,0.0,0.0,0.0
33960,0.0,0.0,0.0
33961,0.0,0.0,0.0
33962,0.0,0.0,0.0
33963,0.0,0.0,0.0
33964,0.0,0.0,0.0
33965,0.0,0.0,0.0
33966,0.0,0.0,0.0
33967,0.0,0.0,0.0
33968,0.0,0.0,0.0
33969,0.0,0.0,0.0
33970,0.0,0.0,0.0
33971,0.0,0.0,0.0
33972,0.0,0.0,0.0
33973,0.0,0.0,0.0
33974,0.0,0.0,0.0
33975,0.0,0.0,0.0
33976,0.0,0.0,0.0
33977,0.0,0.0,0.0
33978,0.0,0.0,0.0
33979,0.0,0.0,0.0
33980,0.0,0.0,0.0
33981,0.0,0.0,0.0
33982,0.0,0.0,0.0
33983,0.0,0.0,0.0
33984,0.0,0.0,0.0
33985,0.0,0.0,0.0
33986,0.0,0.0,0.0
33987,0.0,0.0,0.0
33988,0.0,0.0,0.0
33989,0.0,0.0,0.0
33990,0.0,0.0,0.0
33991,0.0,0.0,0.0
33992,0.0,0.0,0.0
33993,0.0,0.0,0.0
33994,0.0,0.0,0.0
33995,0.0,0.0,0.0
33996,0.0,0.0,0.0
33997,0.0,0.0,0.0
33998,0.0,0.0,0.0
33999,0.0,0.0,0.0
34000,0.0,0.0,0.0
34001,0.0,0.0,0.0
34002,0.0,0.0,0.0
34003,0.0,0.0,0.0
34004,0.0,0.0,0.0
34005,0.0,0.0,0.0
34006,0.0,0.0,0.0
34007,0.0,0.0,0.0
34008,0.0,0.0,0.0
34009,0.0,0.0,0.0
34010,0.0,0.0,0.0
34011,0.0,0.0,0.0
34012,0.0,0.0,0.0
34013,0.0,0.0,0.0
34014,0.0,0.0,0.0
34015,0.0,0.0,0.0
34016,0.0,0.0,0.0
34017,0.0,0.0,0.0
34018,0.0,0.0,0.0
34019,0.0,0.0,0.0
34020,0.0,0.0,0.0
34021,0.0,0.0,0.0
34022,0.0,0.0,0.0
34023,0.0,0.0,0.0
34024,0.0,0.0,0.0
34025,0.0,0.0,0.0
34026,0.0,0.0,0.0
34027,0.0,0.0,0.0
34028,0.0,0.0,0.0
34029,0.0,0.0,0.0
34030,0.0,0.0,0.0
34031,0.0,0.0,0.0
34032,0.0,0.0,0.0
34033,0.0,0.0,0.0
34034,0.0,0.0,0.0
34035,0.0,0.0,0.0
34036,0.0,0.0,0.0
34037,0.0,0.0,0.0
34038,0.0,0.0,0.0
34039,0.0,0.0,0.0
34040,0.0,0.0,0.0
34041,0.0,0.0,0.0
34042,0.0,0.0,0.0
34043,0.0,0.0,0.0
34044,0.0,0.0,0.0
34045,0.0,0.0,0.0
34046,0.0,0.0,0.0
34047,0.0,0.0,0.0
34048,0.0,0.0,0.0
34049,0.0,0.0,0.0
34050,0.0,0.0,0.0
34051,0.0,0.0,0.0
34052,0.0,0.0,0.0
34053,0.0,0.0,0.0
34054,0.0,0.0,0.0
34055,0.0,0.0,0.0
34056,0.0,0.0,0.0
34057,0.0,0.0,0.0
34058,0.0,0.0,0.0
34059,0.0,0.0,0.0
34060,0.0,0.0,0.0
34061,0.0,0.0,0.0
34062,0.0,0.0,0.0
34063,0.0,0.0,0.0
34064,0.0,0.0,0.0
34065,0.0,0.0,0.0
34066,0.0,0.0,0.0
34067,0.0,0.0,0.0
34068,0.0,0.0,0.0
34069,0.0,0.0,0.0
34070,0.0,0.0,0.0
34071,0.0,0.0,0.0
34072,0.0,0.0,0.0
34073,0.0,0.0,0.0
34074,0.0,0.0,0.0
34075,0.0,0.0,0.0
34076,0.0,0.0,0.0
34077,0.0,0.0,0.0
34078,0.0,0.0,0.0
34079,0.0,0.0,0.0
34080,0.0,0.0,0.0
34081,0.0,0.0,0.0
34082,0.0,0.0,0.0
34083,0.0,0.0,0.0
34084,0.0,0.0,0.0
34085,0.0,0.0,0.0
34086,0.0,0.0,0.0
34087,0.0,0.0,0.0
34088,0.0,0.0,0.0
34089,0.0,0.0,0.0
34090,0.0,0.0,0.0
34091,0.0,0.0,0.0
34092,0.0,0.0,0.0
34093,0.0,0.0,0.0
34094,0.0,0.0,0.0
34095,0.0,0.0,0.0
34096,0.0,0.0,0.0
34097,0.0,0.0,0.0
34098,0.0,0.0,0.0
34099,0.0,0.0,0.0
34100,0.0,0.0,0.0
34101,0.0,0.0,0.0
34102,0.0,0.0,0.0
34103,0.0,0.0,0.0
34104,0.0,0.0,0.0
34105,0.0,0.0,0.0
34106,0.0,0.0,0.0
34107,0.0,0.0,0.0
34108,0.0,0.0,0.0
34109,0.0,0.0,0.0
34110,0.0,0.0,0.0
34111,0.0,0.0,0.0
34112,0.0,0.0,0.0
34113,0.0,0.0,0.0
34114,0.0,0.0,0.0
34115,0.0,0.0,0.0
34116,0.0,0.0,0.0
34117,0.0,0.0,0.0
34118,0.0,0.0,0.0
34119,0.0,0.0,0.0
34120,0.0,0.0,0.0
34121,0.0,0.0,0.0
34122,0.0,0.0,0.0
34123,0.0,0.0,0.0
34124,0.0,0.0,0.0
34125,0.0,0.0,0.0
34126,0.0,0.0,0.0
34127,0.0,0.0,0.0
34128,0.0,0.0,0.0
34129,0.0,0.0,0.0
34130,0.0,0.0,0.0
34131,0.0,0.0,0.0
34132,0.0,0.0,0.0
34133,0.0,0.0,0.0
34134,0.0,0.0,0.0
34135,0.0,0.0,0.0
34136,0.0,0.0,0.0
34137,0.0,0.0,0.0
34138,0.0,0.0,0.0
34139,0.0,0.0,0.0
34140,0.0,0.0,0.0
34141,0.0,0.0,0.0
34142,0.0,0.0,0.0
34143,0.0,0.0,0.0
34144,0.0,0.0,0.0
34145,0.0,0.0,0.0
34146,0.0,0.0,0.0
34147,0.0,0.0,0.0
34148,0.0,0.0,0.0
34149,0.0,0.0,0.0
34150,0.0,0.0,0.0
34151,0.0,0.0,0.0
34152,0.0,0.0,0.0
34153,0.0,0.0,0.0
34154,0.0,0.0,0.0
34155,0.0,0.0,0.0
34156,0.0,0.0,0.0
34157,0.0,0.0,0.0
34158,0.0,0.0,0.0
34159,0.0,0.0,0.0
34160,0.0,0.0,0.0
34161,0.0,0.0,0.0
34162,0.0,0.0,0.0
34163,0.0,0.0,0.0
34164,0.0,0.0,0.0
34165,0.0,0.0,0.0
34166,0.0,0.0,0.0
34167,0.0,0.0,0.0
34168,0.0,0.0,0.0
34169,0.0,0.0,0.0
34170,0.0,0.0,0.0
34171,0.0,0.0,0.0
34172,0.0,0.0,0.0
34173,0.0,0.0,0.0
34174,0.0,0.0,0.0
34175,0.0,0.0,0.0
34176,0.0,0.0,0.0
34177,0.0,0.0,0.0
34178,0.0,0.0,0.0
34179,0.0,0.0,0.0
34180,0.0,0.0,0.0
34181,0.0,0.0,0.0
34182,0.0,0.0,0.0
34183,0.0,0.0,0.0
34184,0.0,0.0,0.0
34185,0.0,0.0,0.0
34186,0.0,0.0,0.0
34187,0.0,0.0,0.0
34188,0.0,0.0,0.0
34189,0.0,0.0,0.0
34190,0.0,0.0,0.0
34191,0.0,0.0,0.0
34192,0.0,0.0,0.0
34193,0.0,0.0,0.0
34194,0.0,0.0,0.0
34195,0.0,0.0,0.0
34196,0.0,0.0,0.0
34197,0.0,0.0,0.0
34198,0.0,0.0,0.0
34199,0.0,0.0,0.0
34200,0.0,0.0,0.0
34201,0.0,0.0,0.0
34202,0.0,0.0,0.0
34203,0.0,0.0,0.0
34204,0.0,0.0,0.0
34205,0.0,0.0,0.0
34206,0.0,0.0,0.0
34207,0.0,0.0,0.0
34208,0.0,0.0,0.0
34209,0.0,0.0,0.0
34210,0.0,0.0,0.0
34211,0.0,0.0,0.0
34212,0.0,0.0,0.0
34213,0.0,0.0,0.0
34214,0.0,0.0,0.0
34215,0.0,0.0,0.0
34216,0.0,0.0,0.0
34217,0.0,0.0,0.0
34218,0.0,0.0,0.0
34219,0.0,0.0,0.0
34220,0.0,0.0,0.0
34221,0.0,0.0,0.0
34222,0.0,0.0,0.0
34223,0.0,0.0,0.0
34224,0.0,0.0,0.0
34225,0.0,0.0,0.0
34226,0.0,0.0,0.0
34227,0.0,0.0,0.0
34228,0.0,0.0,0.0
34229,0.0,0.0,0.0
34230,0.0,0.0,0.0
34231,0.0,0.0,0.0
34232,0.0,0.0,0.0
34233,0.0,0.0,0.0
34234,0.0,0.0,0.0
34235,0.0,0.0,0.0
34236,0.0,0.0,0.0
34237,0.0,0.0,0.0
34238,0.0,0.0,0.0
34239,0.0,0.0,0.0
34240,0.0,0.0,0.0
34241,0.0,0.0,0.0
34242,0.0,0.0,0.0
34243,0.0,0.0,0.0
34244,0.0,0.0,0.0
34245,0.0,0.0,0.0
34246,0.0,0.0,0.0
34247,0.0,0.0,0.0
34248,0.0,0.0,0.0
34249,0.0,0.0,0.0
34250,0.0,0.0,0.0
34251,0.0,0.0,0.0
34252,0.0,0.0,0.0
34253,0.0,0.0,0.0
34254,0.0,0.0,0.0
34255,0.0,0.0,0.0
34256,0.0,0.0,0.0
34257,0.0,0.0,0.0
34258,0.0,0.0,0.0
34259,0.0,0.0,0.0
34260,0.0,0.0,0.0
34261,0.0,0.0,0.0
34262,0.0,0.0,0.0
34263,0.0,0.0,0.0
34264,0.0,0.0,0.0
34265,0.0,0.0,0.0
34266,0.0,0.0,0.0
34267,0.0,0.0,0.0
34268,0.0,0.0,0.0
34269,0.0,0.0,0.0
34270,0.0,0.0,0.0
34271,0.0,0.0,0.0
34272,0.0,0.0,0.0
34273,0.0,0.0,0.0
34274,0.0,0.0,0.0
34275,0.0,0.0,0.0
34276,0.0,0.0,0.0
34277,0.0,0.0,0.0
34278,0.0,0.0,0.0
34279,0.0,0.0,0.0
34280,0.0,0.0,0.0
34281,0.0,0.0,0.0
34282,0.0,0.0,0.0
34283,0.0,0.0,0.0
34284,0.0,0.0,0.0
34285,0.0,0.0,0.0
34286,0.0,0.0,0.0
34287,0.0,0.0,0.0
34288,0.0,0.0,0.0
34289,0.0,0.0,0.0
34290,0.0,0.0,0.0
34291,0.0,0.0,0.0
34292,0.0,0.0,0.0
34293,0.0,0.0,0.0
34294,0.0,0.0,0.0
34295,0.0,0.0,0.0
34296,0.0,0.0,0.0
34297,0.0,0.0,0.0
34298,0.0,0.0,0.0
34299,0.0,0.0,0.0
34300,0.0,0.0,0.0
34301,0.0,0.0,0.0
34302,0.0,0.0,0.0
34303,0.0,0.0,0.0
34304,0.0,0.0,0.0
34305,0.0,0.0,0.0
34306,0.0,0.0,0.0
34307,0.0,0.0,0.0
34308,0.0,0.0,0.0
34309,0.0,0.0,0.0
34310,0.0,0.0,0.0
34311,0.0,0.0,0.0
34312,0.0,0.0,0.0
34313,0.0,0.0,0.0
34314,0.0,0.0,0.0
34315,0.0,0.0,0.0
34316,0.0,0.0,0.0
34317,0.0,0.0,0.0
34318,0.0,0.0,0.0
34319,0.0,0.0,0.0
34320,0.0,0.0,0.0
34321,0.0,0.0,0.0
34322,0.0,0.0,0.0
34323,0.0,0.0,0.0
34324,0.0,0.0,0.0
34325,0.0,0.0,0.0
34326,0.0,0.0,0.0
34327,0.0,0.0,0.0
34328,0.0,0.0,0.0
34329,0.0,0.0,0.0
34330,0.0,0.0,0.0
34331,0.0,0.0,0.0
34332,0.0,0.0,0.0
34333,0.0,0.0,0.0
34334,0.0,0.0,0.0
34335,0.0,0.0,0.0
34336,0.0,0.0,0.0
34337,0.0,0.0,0.0
34338,0.0,0.0,0.0
34339,0.0,0.0,0.0
34340,0.0,0.0,0.0
34341,0.0,0.0,0.0
34342,0.0,0.0,0.0
34343,0.0,0.0,0.0
34344,0.0,0.0,0.0
34345,0.0,0.0,0.0
34346,0.0,0.0,0.0
34347,0.0,0.0,0.0
34348,0.0,0.0,0.0
34349,0.0,0.0,0.0
34350,0.0,0.0,0.0
34351,0.0,0.0,0.0
34352,0.0,0.0,0.0
34353,0.0,0.0,0.0
34354,0.0,0.0,0.0
34355,0.0,0.0,0.0
34356,0.0,0.0,0.0
34357,0.0,0.0,0.0
34358,0.0,0.0,0.0
34359,0.0,0.0,0.0
34360,0.0,0.0,0.0
34361,0.0,0.0,0.0
34362,0.0,0.0,0.0
34363,0.0,0.0,0.0
34364,0.0,0.0,0.0
34365,0.0,0.0,0.0
34366,0.0,0.0,0.0
34367,0.0,0.0,0.0
34368,0.0,0.0,0.0
34369,0.0,0.0,0.0
34370,0.0,0.0,0.0
34371,0.0,0.0,0.0
34372,0.0,0.0,0.0
34373,0.0,0.0,0.0
34374,0.0,0.0,0.0
34375,0.0,0.0,0.0
34376,0.0,0.0,0.0
34377,0.0,0.0,0.0
34378,0.0,0.0,0.0
34379,0.0,0.0,0.0
34380,0.0,0.0,0.0
34381,0.0,0.0,0.0
34382,0.0,0.0,0.0
34383,0.0,0.0,0.0
34384,0.0,0.0,0.0
34385,0.0,0.0,0.0
34386,0.0,0.0,0.0
34387,0.0,0.0,0.0
34388,0.0,0.0,0.0
34389,0.0,0.0,0.0
34390,0.0,0.0,0.0
34391,0.0,0.0,0.0
34392,0.0,0.0,0.0
34393,0.0,0.0,0.0
34394,0.0,0.0,0.0
34395,0.0,0.0,0.0
34396,0.0,0.0,0.0
34397,0.0,0.0,0.0
34398,0.0,0.0,0.0
34399,0.0,0.0,0.0
34400,0.0,0.0,0.0
34401,0.0,0.0,0.0
34402,0.0,0.0,0.0
34403,0.0,0.0,0.0
34404,0.0,0.0,0.0
34405,0.0,0.0,0.0
34406,0.0,0.0,0.0
34407,0.0,0.0,0.0
34408,0.0,0.0,0.0
34409,0.0,0.0,0.0
34410,0.0,0.0,0.0
34411,0.0,0.0,0.0
34412,0.0,0.0,0.0
34413,0.0,0.0,0.0
34414,0.0,0.0,0.0
34415,0.0,0.0,0.0
34416,0.0,0.0,0.0
34417,0.0,0.0,0.0
34418,0.0,0.0,0.0
34419,0.0,0.0,0.0
34420,0.0,0.0,0.0
34421,0.0,0.0,0.0
34422,0.0,0.0,0.0
34423,0.0,0.0,0.0
34424,0.0,0.0,0.0
34425,0.0,0.0,0.0
34426,0.0,0.0,0.0
34427,0.0,0.0,0.0
34428,0.0,0.0,0.0
34429,0.0,0.0,0.0
34430,0.0,0.0,0.0
34431,0.0,0.0,0.0
34432,0.0,0.0,0.0
34433,0.0,0.0,0.0
34434,0.0,0.0,0.0
34435,0.0,0.0,0.0
34436,0.0,0.0,0.0
34437,0.0,0.0,0.0
34438,0.0,0.0,0.0
34439,0.0,0.0,0.0
34440,0.0,0.0,0.0
34441,0.0,0.0,0.0
34442,0.0,0.0,0.0
34443,0.0,0.0,0.0
34444,0.0,0.0,0.0
34445,0.0,0.0,0.0
34446,0.0,0.0,0.0
34447,0.0,0.0,0.0
34448,0.0,0.0,0.0
34449,0.0,0.0,0.0
34450,0.0,0.0,0.0
34451,0.0,0.0,0.0
34452,0.0,0.0,0.0
34453,0.0,0.0,0.0
34454,0.0,0.0,0.0
34455,0.0,0.0,0.0
34456,0.0,0.0,0.0
34457,0.0,0.0,0.0
34458,0.0,0.0,0.0
34459,0.0,0.0,0.0
34460,0.0,0.0,0.0
34461,0.0,0.0,0.0
34462,0.0,0.0,0.0
34463,0.0,0.0,0.0
34464,0.0,0.0,0.0
34465,0.0,0.0,0.0
34466,0.0,0.0,0.0
34467,0.0,0.0,0.0
34468,0.0,0.0,0.0
34469,0.0,0.0,0.0
34470,0.0,0.0,0.0
34471,0.0,0.0,0.0
34472,0.0,0.0,0.0
34473,0.0,0.0,0.0
34474,0.0,0.0,0.0
34475,0.0,0.0,0.0
34476,0.0,0.0,0.0
34477,0.0,0.0,0.0
34478,0.0,0.0,0.0
34479,0.0,0.0,0.0
34480,0.0,0.0,0.0
34481,0.0,0.0,0.0
34482,0.0,0.0,0.0
34483,0.0,0.0,0.0
34484,0.0,0.0,0.0
34485,0.0,0.0,0.0
34486,0.0,0.0,0.0
34487,0.0,0.0,0.0
34488,0.0,0.0,0.0
34489,0.0,0.0,0.0
34490,0.0,0.0,0.0
34491,0.0,0.0,0.0
34492,0.0,0.0,0.0
34493,0.0,0.0,0.0
34494,0.0,0.0,0.0
34495,0.0,0.0,0.0
34496,0.0,0.0,0.0
34497,0.0,0.0,0.0
34498,0.0,0.0,0.0
34499,0.0,0.0,0.0
34500,0.0,0.0,0.0
34501,0.0,0.0,0.0
34502,0.0,0.0,0.0
34503,0.0,0.0,0.0
34504,0.0,0.0,0.0
34505,0.0,0.0,0.0
34506,0.0,0.0,0.0
34507,0.0,0.0,0.0
34508,0.0,0.0,0.0
34509,0.0,0.0,0.0
34510,0.0,0.0,0.0
34511,0.0,0.0,0.0
34512,0.0,0.0,0.0
34513,0.0,0.0,0.0
34514,0.0,0.0,0.0
34515,0.0,0.0,0.0
34516,0.0,0.0,0.0
34517,0.0,0.0,0.0
34518,0.0,0.0,0.0
34519,0.0,0.0,0.0
34520,0.0,0.0,0.0
34521,0.0,0.0,0.0
34522,0.0,0.0,0.0
34523,0.0,0.0,0.0
34524,0.0,0.0,0.0
34525,0.0,0.0,0.0
34526,0.0,0.0,0.0
34527,0.0,0.0,0.0
34528,0.0,0.0,0.0
34529,0.0,0.0,0.0
34530,0.0,0.0,0.0
34531,0.0,0.0,0.0
34532,0.0,0.0,0.0
34533,0.0,0.0,0.0
34534,0.0,0.0,0.0
34535,0.0,0.0,0.0
34536,0.0,0.0,0.0
34537,0.0,0.0,0.0
34538,0.0,0.0,0.0
34539,0.0,0.0,0.0
34540,0.0,0.0,0.0
34541,0.0,0.0,0.0
34542,0.0,0.0,0.0
34543,0.0,0.0,0.0
34544,0.0,0.0,0.0
34545,0.0,0.0,0.0
34546,0.0,0.0,0.0
34547,0.0,0.0,0.0
34548,0.0,0.0,0.0
34549,0.0,0.0,0.0
34550,0.0,0.0,0.0
34551,0.0,0.0,0.0
34552,0.0,0.0,0.0
34553,0.0,0.0,0.0
34554,0.0,0.0,0.0
34555,0.0,0.0,0.0
34556,0.0,0.0,0.0
34557,0.0,0.0,0.0
34558,0.0,0.0,0.0
34559,0.0,0.0,0.0
34560,0.0,0.0,0.0
34561,0.0,0.0,0.0
34562,0.0,0.0,0.0
34563,0.0,0.0,0.0
34564,0.0,0.0,0.0
34565,0.0,0.0,0.0
34566,0.0,0.0,0.0
34567,0.0,0.0,0.0
34568,0.0,0.0,0.0
34569,0.0,0.0,0.0
34570,0.0,0.0,0.0
34571,0.0,0.0,0.0
34572,0.0,0.0,0.0
34573,0.0,0.0,0.0
34574,0.0,0.0,0.0
34575,0.0,0.0,0.0
34576,0.0,0.0,0.0
34577,0.0,0.0,0.0
34578,0.0,0.0,0.0
34579,0.0,0.0,0.0
34580,0.0,0.0,0.0
34581,0.0,0.0,0.0
34582,0.0,0.0,0.0
34583,0.0,0.0,0.0
34584,0.0,0.0,0.0
34585,0.0,0.0,0.0
34586,0.0,0.0,0.0
34587,0.0,0.0,0.0
34588,0.0,0.0,0.0
34589,0.0,0.0,0.0
34590,0.0,0.0,0.0
34591,0.0,0.0,0.0
34592,0.0,0.0,0.0
34593,0.0,0.0,0.0
34594,0.0,0.0,0.0
34595,0.0,0.0,0.0
34596,0.0,0.0,0.0
34597,0.0,0.0,0.0
34598,0.0,0.0,0.0
34599,0.0,0.0,0.0
34600,0.0,0.0,0.0
34601,0.0,0.0,0.0
34602,0.0,0.0,0.0
34603,0.0,0.0,0.0
34604,0.0,0.0,0.0
34605,0.0,0.0,0.0
34606,0.0,0.0,0.0
34607,0.0,0.0,0.0
34608,0.0,0.0,0.0
34609,0.0,0.0,0.0
34610,0.0,0.0,0.0
34611,0.0,0.0,0.0
34612,0.0,0.0,0.0
34613,0.0,0.0,0.0
34614,0.0,0.0,0.0
34615,0.0,0.0,0.0
34616,0.0,0.0,0.0
34617,0.0,0.0,0.0
34618,0.0,0.0,0.0
34619,0.0,0.0,0.0
34620,0.0,0.0,0.0
34621,0.0,0.0,0.0
34622,0.0,0.0,0.0
34623,0.0,0.0,0.0
34624,0.0,0.0,0.0
34625,0.0,0.0,0.0
34626,0.0,0.0,0.0
34627,0.0,0.0,0.0
34628,0.0,0.0,0.0
34629,0.0,0.0,0.0
34630,0.0,0.0,0.0
34631,0.0,0.0,0.0
34632,0.0,0.0,0.0
34633,0.0,0.0,0.0
34634,0.0,0.0,0.0
34635,0.0,0.0,0.0
34636,0.0,0.0,0.0
34637,0.0,0.0,0.0
34638,0.0,0.0,0.0
34639,0.0,0.0,0.0
34640,0.0,0.0,0.0
34641,0.0,0.0,0.0
34642,0.0,0.0,0.0
34643,0.0,0.0,0.0
34644,0.0,0.0,0.0
34645,0.0,0.0,0.0
34646,0.0,0.0,0.0
34647,0.0,0.0,0.0
34648,0.0,0.0,0.0
34649,0.0,0.0,0.0
34650,0.0,0.0,0.0
34651,0.0,0.0,0.0
34652,0.0,0.0,0.0
34653,0.0,0.0,0.0
34654,0.0,0.0,0.0
34655,0.0,0.0,0.0
34656,0.0,0.0,0.0
34657,0.0,0.0,0.0
34658,0.0,0.0,0.0
34659,0.0,0.0,0.0
34660,0.0,0.0,0.0
34661,0.0,0.0,0.0
34662,0.0,0.0,0.0
34663,0.0,0.0,0.0
34664,0.0,0.0,0.0
34665,0.0,0.0,0.0
34666,0.0,0.0,0.0
34667,0.0,0.0,0.0
34668,0.0,0.0,0.0
34669,0.0,0.0,0.0
34670,0.0,0.0,0.0
34671,0.0,0.0,0.0
34672,0.0,0.0,0.0
34673,0.0,0.0,0.0
34674,0.0,0.0,0.0
34675,0.0,0.0,0.0
34676,0.0,0.0,0.0
34677,0.0,0.0,0.0
34678,0.0,0.0,0.0
34679,0.0,0.0,0.0
34680,0.0,0.0,0.0
34681,0.0,0.0,0.0
34682,0.0,0.0,0.0
34683,0.0,0.0,0.0
34684,0.0,0.0,0.0
34685,0.0,0.0,0.0
34686,0.0,0.0,0.0
34687,0.0,0.0,0.0
34688,0.0,0.0,0.0
34689,0.0,0.0,0.0
34690,0.0,0.0,0.0
34691,0.0,0.0,0.0
34692,0.0,0.0,0.0
34693,0.0,0.0,0.0
34694,0.0,0.0,0.0
34695,0.0,0.0,0.0
34696,0.0,0.0,0.0
34697,0.0,0.0,0.0
34698,0.0,0.0,0.0
34699,0.0,0.0,0.0
34700,0.0,0.0,0.0
34701,0.0,0.0,0.0
34702,0.0,0.0,0.0
34703,0.0,0.0,0.0
34704,0.0,0.0,0.0
34705,0.0,0.0,0.0
34706,0.0,0.0,0.0
34707,0.0,0.0,0.0
34708,0.0,0.0,0.0
34709,0.0,0.0,0.0
34710,0.0,0.0,0.0
34711,0.0,0.0,0.0
34712,0.0,0.0,0.0
34713,0.0,0.0,0.0
34714,0.0,0.0,0.0
34715,0.0,0.0,0.0
34716,0.0,0.0,0.0
34717,0.0,0.0,0.0
34718,0.0,0.0,0.0
34719,0.0,0.0,0.0
34720,0.0,0.0,0.0
34721,0.0,0.0,0.0
34722,0.0,0.0,0.0
34723,0.0,0.0,0.0
34724,0.0,0.0,0.0
34725,0.0,0.0,0.0
34726,0.0,0.0,0.0
34727,0.0,0.0,0.0
34728,0.0,0.0,0.0
34729,0.0,0.0,0.0
34730,0.0,0.0,0.0
34731,0.0,0.0,0.0
34732,0.0,0.0,0.0
34733,0.0,0.0,0.0
34734,0.0,0.0,0.0
34735,0.0,0.0,0.0
34736,0.0,0.0,0.0
34737,0.0,0.0,0.0
34738,0.0,0.0,0.0
34739,0.0,0.0,0.0
34740,0.0,0.0,0.0
34741,0.0,0.0,0.0
34742,0.0,0.0,0.0
34743,0.0,0.0,0.0
34744,0.0,0.0,0.0
34745,0.0,0.0,0.0
34746,0.0,0.0,0.0
34747,0.0,0.0,0.0
34748,0.0,0.0,0.0
34749,0.0,0.0,0.0
34750,0.0,0.0,0.0
34751,0.0,0.0,0.0
34752,0.0,0.0,0.0
34753,0.0,0.0,0.0
34754,0.0,0.0,0.0
34755,0.0,0.0,0.0
34756,0.0,0.0,0.0
34757,0.0,0.0,0.0
34758,0.0,0.0,0.0
34759,0.0,0.0,0.0
34760,0.0,0.0,0.0
34761,0.0,0.0,0.0
34762,0.0,0.0,0.0
34763,0.0,0.0,0.0
34764,0.0,0.0,0.0
34765,0.0,0.0,0.0
34766,0.0,0.0,0.0
34767,0.0,0.0,0.0
34768,0.0,0.0,0.0
34769,0.0,0.0,0.0
34770,0.0,0.0,0.0
34771,0.0,0.0,0.0
34772,0.0,0.0,0.0
34773,0.0,0.0,0.0
34774,0.0,0.0,0.0
34775,0.0,0.0,0.0
34776,0.0,0.0,0.0
34777,0.0,0.0,0.0
34778,0.0,0.0,0.0
34779,0.0,0.0,0.0
34780,0.0,0.0,0.0
34781,0.0,0.0,0.0
34782,0.0,0.0,0.0
34783,0.0,0.0,0.0
34784,0.0,0.0,0.0
34785,0.0,0.0,0.0
34786,0.0,0.0,0.0
34787,0.0,0.0,0.0
34788,0.0,0.0,0.0
34789,0.0,0.0,0.0
34790,0.0,0.0,0.0
34791,0.0,0.0,0.0
34792,0.0,0.0,0.0
34793,0.0,0.0,0.0
34794,0.0,0.0,0.0
34795,0.0,0.0,0.0
34796,0.0,0.0,0.0
34797,0.0,0.0,0.0
34798,0.0,0.0,0.0
34799,0.0,0.0,0.0
34800,0.0,0.0,0.0
34801,0.0,0.0,0.0
34802,0.0,0.0,0.0
34803,0.0,0.0,0.0
34804,0.0,0.0,0.0
34805,0.0,0.0,0.0
34806,0.0,0.0,0.0
34807,0.0,0.0,0.0
34808,0.0,0.0,0.0
34809,0.0,0.0,0.0
34810,0.0,0.0,0.0
34811,0.0,0.0,0.0
34812,0.0,0.0,0.0
34813,0.0,0.0,0.0
34814,0.0,0.0,0.0
34815,0.0,0.0,0.0
34816,0.0,0.0,0.0
34817,0.0,0.0,0.0
34818,0.0,0.0,0.0
34819,0.0,0.0,0.0
34820,0.0,0.0,0.0
34821,0.0,0.0,0.0
34822,0.0,0.0,0.0
34823,0.0,0.0,0.0
34824,0.0,0.0,0.0
34825,0.0,0.0,0.0
34826,0.0,0.0,0.0
34827,0.0,0.0,0.0
34828,0.0,0.0,0.0
34829,0.0,0.0,0.0
34830,0.0,0.0,0.0
34831,0.0,0.0,0.0
34832,0.0,0.0,0.0
34833,0.0,0.0,0.0
34834,0.0,0.0,0.0
34835,0.0,0.0,0.0
34836,0.0,0.0,0.0
34837,0.0,0.0,0.0
34838,0.0,0.0,0.0
34839,0.0,0.0,0.0
34840,0.0,0.0,0.0
34841,0.0,0.0,0.0
34842,0.0,0.0,0.0
34843,0.0,0.0,0.0
34844,0.0,0.0,0.0
34845,0.0,0.0,0.0
34846,0.0,0.0,0.0
34847,0.0,0.0,0.0
34848,0.0,0.0,0.0
34849,0.0,0.0,0.0
34850,0.0,0.0,0.0
34851,0.0,0.0,0.0
34852,0.0,0.0,0.0
34853,0.0,0.0,0.0
34854,0.0,0.0,0.0
34855,0.0,0.0,0.0
34856,0.0,0.0,0.0
34857,0.0,0.0,0.0
34858,0.0,0.0,0.0
34859,0.0,0.0,0.0
34860,0.0,0.0,0.0
34861,0.0,0.0,0.0
34862,0.0,0.0,0.0
34863,0.0,0.0,0.0
34864,0.0,0.0,0.0
34865,0.0,0.0,0.0
34866,0.0,0.0,0.0
34867,0.0,0.0,0.0
34868,0.0,0.0,0.0
34869,0.0,0.0,0.0
34870,0.0,0.0,0.0
34871,0.0,0.0,0.0
34872,0.0,0.0,0.0
34873,0.0,0.0,0.0
34874,0.0,0.0,0.0
34875,0.0,0.0,0.0
34876,0.0,0.0,0.0
34877,0.0,0.0,0.0
34878,0.0,0.0,0.0
34879,0.0,0.0,0.0
34880,0.0,0.0,0.0
34881,0.0,0.0,0.0
34882,0.0,0.0,0.0
34883,0.0,0.0,0.0
34884,0.0,0.0,0.0
34885,0.0,0.0,0.0
34886,0.0,0.0,0.0
34887,0.0,0.0,0.0
34888,0.0,0.0,0.0
34889,0.0,0.0,0.0
34890,0.0,0.0,0.0
34891,0.0,0.0,0.0
34892,0.0,0.0,0.0
34893,0.0,0.0,0.0
34894,0.0,0.0,0.0
34895,0.0,0.0,0.0
34896,0.0,0.0,0.0
34897,0.0,0.0,0.0
34898,0.0,0.0,0.0
34899,0.0,0.0,0.0
34900,0.0,0.0,0.0
34901,0.0,0.0,0.0
34902,0.0,0.0,0.0
34903,0.0,0.0,0.0
34904,0.0,0.0,0.0
34905,0.0,0.0,0.0
34906,0.0,0.0,0.0
34907,0.0,0.0,0.0
34908,0.0,0.0,0.0
34909,0.0,0.0,0.0
34910,0.0,0.0,0.0
34911,0.0,0.0,0.0
34912,0.0,0.0,0.0
34913,0.0,0.0,0.0
34914,0.0,0.0,0.0
34915,0.0,0.0,0.0
34916,0.0,0.0,0.0
34917,0.0,0.0,0.0
34918,0.0,0.0,0.0
34919,0.0,0.0,0.0
34920,0.0,0.0,0.0
34921,0.0,0.0,0.0
34922,0.0,0.0,0.0
34923,0.0,0.0,0.0
34924,0.0,0.0,0.0
34925,0.0,0.0,0.0
34926,0.0,0.0,0.0
34927,0.0,0.0,0.0
34928,0.0,0.0,0.0
34929,0.0,0.0,0.0
34930,0.0,0.0,0.0
34931,0.0,0.0,0.0
34932,0.0,0.0,0.0
34933,0.0,0.0,0.0
34934,0.0,0.0,0.0
34935,0.0,0.0,0.0
34936,0.0,0.0,0.0
34937,0.0,0.0,0.0
34938,0.0,0.0,0.0
34939,0.0,0.0,0.0
34940,0.0,0.0,0.0
34941,0.0,0.0,0.0
34942,0.0,0.0,0.0
34943,0.0,0.0,0.0
34944,0.0,0.0,0.0
34945,0.0,0.0,0.0
34946,0.0,0.0,0.0
34947,0.0,0.0,0.0
34948,0.0,0.0,0.0
34949,0.0,0.0,0.0
34950,0.0,0.0,0.0
34951,0.0,0.0,0.0
34952,0.0,0.0,0.0
34953,0.0,0.0,0.0
34954,0.0,0.0,0.0
34955,0.0,0.0,0.0
34956,0.0,0.0,0.0
34957,0.0,0.0,0.0
34958,0.0,0.0,0.0
34959,0.0,0.0,0.0
34960,0.0,0.0,0.0
34961,0.0,0.0,0.0
34962,0.0,0.0,0.0
34963,0.0,0.0,0.0
34964,0.0,0.0,0.0
34965,0.0,0.0,0.0
34966,0.0,0.0,0.0
34967,0.0,0.0,0.0
34968,0.0,0.0,0.0
34969,0.0,0.0,0.0
34970,0.0,0.0,0.0
34971,0.0,0.0,0.0
34972,0.0,0.0,0.0
34973,0.0,0.0,0.0
34974,0.0,0.0,0.0
34975,0.0,0.0,0.0
34976,0.0,0.0,0.0
34977,0.0,0.0,0.0
34978,0.0,0.0,0.0
34979,0.0,0.0,0.0
34980,0.0,0.0,0.0
34981,0.0,0.0,0.0
34982,0.0,0.0,0.0
34983,0.0,0.0,0.0
34984,0.0,0.0,0.0
34985,0.0,0.0,0.0
34986,0.0,0.0,0.0
34987,0.0,0.0,0.0
34988,0.0,0.0,0.0
34989,0.0,0.0,0.0
34990,0.0,0.0,0.0
34991,0.0,0.0,0.0
34992,0.0,0.0,0.0
34993,0.0,0.0,0.0
34994,0.0,0.0,0.0
34995,0.0,0.0,0.0
34996,0.0,0.0,0.0
34997,0.0,0.0,0.0
34998,0.0,0.0,0.0
34999,0.0,0.0,0.0
35000,0.0,0.0,0.0
35001,0.0,0.0,0.0
35002,0.0,0.0,0.0
35003,0.0,0.0,0.0
35004,0.0,0.0,0.0
35005,0.0,0.0,0.0
35006,0.0,0.0,0.0
35007,0.0,0.0,0.0
35008,0.0,0.0,0.0
35009,0.0,0.0,0.0
35010,0.0,0.0,0.0
35011,0.0,0.0,0.0
35012,0.0,0.0,0.0
35013,0.0,0.0,0.0
35014,0.0,0.0,0.0
35015,0.0,0.0,0.0
35016,0.0,0.0,0.0
35017,0.0,0.0,0.0
35018,0.0,0.0,0.0
35019,0.0,0.0,0.0
35020,0.0,0.0,0.0
35021,0.0,0.0,0.0
35022,0.0,0.0,0.0
35023,0.0,0.0,0.0
35024,0.0,0.0,0.0
35025,0.0,0.0,0.0
35026,0.0,0.0,0.0
35027,0.0,0.0,0.0
35028,0.0,0.0,0.0
35029,0.0,0.0,0.0
35030,0.0,0.0,0.0
35031,0.0,0.0,0.0
35032,0.0,0.0,0.0
35033,0.0,0.0,0.0
35034,0.0,0.0,0.0
35035,0.0,0.0,0.0
35036,0.0,0.0,0.0
35037,0.0,0.0,0.0
35038,0.0,0.0,0.0
35039,0.0,0.0,0.0
35040,0.0,0.0,0.0
35041,0.0,0.0,0.0
35042,0.0,0.0,0.0
35043,0.0,0.0,0.0
35044,0.0,0.0,0.0
35045,0.0,0.0,0.0
35046,0.0,0.0,0.0
35047,0.0,0.0,0.0
35048,0.0,0.0,0.0
35049,0.0,0.0,0.0
35050,0.0,0.0,0.0
35051,0.0,0.0,0.0
35052,0.0,0.0,0.0
35053,0.0,0.0,0.0
35054,0.0,0.0,0.0
35055,0.0,0.0,0.0
35056,0.0,0.0,0.0
35057,0.0,0.0,0.0
35058,0.0,0.0,0.0
35059,0.0,0.0,0.0
35060,0.0,0.0,0.0
35061,0.0,0.0,0.0
35062,0.0,0.0,0.0
35063,0.0,0.0,0.0
35064,0.0,0.0,0.0
35065,0.0,0.0,0.0
35066,0.0,0.0,0.0
35067,0.0,0.0,0.0
35068,0.0,0.0,0.0
35069,0.0,0.0,0.0
35070,0.0,0.0,0.0
35071,0.0,0.0,0.0
35072,0.0,0.0,0.0
35073,0.0,0.0,0.0
35074,0.0,0.0,0.0
35075,0.0,0.0,0.0
35076,0.0,0.0,0.0
35077,0.0,0.0,0.0
35078,0.0,0.0,0.0
35079,0.0,0.0,0.0
35080,0.0,0.0,0.0
35081,0.0,0.0,0.0
35082,0.0,0.0,0.0
35083,0.0,0.0,0.0
35084,0.0,0.0,0.0
35085,0.0,0.0,0.0
35086,0.0,0.0,0.0
35087,0.0,0.0,0.0
35088,0.0,0.0,0.0
35089,0.0,0.0,0.0
35090,0.0,0.0,0.0
35091,0.0,0.0,0.0
35092,0.0,0.0,0.0
35093,0.0,0.0,0.0
35094,0.0,0.0,0.0
35095,0.0,0.0,0.0
35096,0.0,0.0,0.0
35097,0.0,0.0,0.0
35098,0.0,0.0,0.0
35099,0.0,0.0,0.0
35100,0.0,0.0,0.0
35101,0.0,0.0,0.0
35102,0.0,0.0,0.0
35103,0.0,0.0,0.0
35104,0.0,0.0,0.0
35105,0.0,0.0,0.0
35106,0.0,0.0,0.0
35107,0.0,0.0,0.0
35108,0.0,0.0,0.0
35109,0.0,0.0,0.0
35110,0.0,0.0,0.0
35111,0.0,0.0,0.0
35112,0.0,0.0,0.0
35113,0.0,0.0,0.0
35114,0.0,0.0,0.0
35115,0.0,0.0,0.0
35116,0.0,0.0,0.0
35117,0.0,0.0,0.0
35118,0.0,0.0,0.0
35119,0.0,0.0,0.0
35120,0.0,0.0,0.0
35121,0.0,0.0,0.0
35122,0.0,0.0,0.0
35123,0.0,0.0,0.0
35124,0.0,0.0,0.0
35125,0.0,0.0,0.0
35126,0.0,0.0,0.0
35127,0.0,0.0,0.0
35128,0.0,0.0,0.0
35129,0.0,0.0,0.0
35130,0.0,0.0,0.0
35131,0.0,0.0,0.0
35132,0.0,0.0,0.0
35133,0.0,0.0,0.0
35134,0.0,0.0,0.0
35135,0.0,0.0,0.0
35136,0.0,0.0,0.0
35137,0.0,0.0,0.0
35138,0.0,0.0,0.0
35139,0.0,0.0,0.0
35140,0.0,0.0,0.0
35141,0.0,0.0,0.0
35142,0.0,0.0,0.0
35143,0.0,0.0,0.0
35144,0.0,0.0,0.0
35145,0.0,0.0,0.0
35146,0.0,0.0,0.0
35147,0.0,0.0,0.0
35148,0.0,0.0,0.0
35149,0.0,0.0,0.0
35150,0.0,0.0,0.0
35151,0.0,0.0,0.0
35152,0.0,0.0,0.0
35153,0.0,0.0,0.0
35154,0.0,0.0,0.0
35155,0.0,0.0,0.0
35156,0.0,0.0,0.0
35157,0.0,0.0,0.0
35158,0.0,0.0,0.0
35159,0.0,0.0,0.0
35160,0.0,0.0,0.0
35161,0.0,0.0,0.0
35162,0.0,0.0,0.0
35163,0.0,0.0,0.0
35164,0.0,0.0,0.0
35165,0.0,0.0,0.0
35166,0.0,0.0,0.0
35167,0.0,0.0,0.0
35168,0.0,0.0,0.0
35169,0.0,0.0,0.0
35170,0.0,0.0,0.0
35171,0.0,0.0,0.0
35172,0.0,0.0,0.0
35173,0.0,0.0,0.0
35174,0.0,0.0,0.0
35175,0.0,0.0,0.0
35176,0.0,0.0,0.0
35177,0.0,0.0,0.0
35178,0.0,0.0,0.0
35179,0.0,0.0,0.0
35180,0.0,0.0,0.0
35181,0.0,0.0,0.0
35182,0.0,0.0,0.0
35183,0.0,0.0,0.0
35184,0.0,0.0,0.0
35185,0.0,0.0,0.0
35186,0.0,0.0,0.0
35187,0.0,0.0,0.0
35188,0.0,0.0,0.0
35189,0.0,0.0,0.0
35190,0.0,0.0,0.0
35191,0.0,0.0,0.0
35192,0.0,0.0,0.0
35193,0.0,0.0,0.0
35194,0.0,0.0,0.0
35195,0.0,0.0,0.0
35196,0.0,0.0,0.0
35197,0.0,0.0,0.0
35198,0.0,0.0,0.0
35199,0.0,0.0,0.0
35200,0.0,0.0,0.0
35201,0.0,0.0,0.0
35202,0.0,0.0,0.0
35203,0.0,0.0,0.0
35204,0.0,0.0,0.0
35205,0.0,0.0,0.0
35206,0.0,0.0,0.0
35207,0.0,0.0,0.0
35208,0.0,0.0,0.0
35209,0.0,0.0,0.0
35210,0.0,0.0,0.0
35211,0.0,0.0,0.0
35212,0.0,0.0,0.0
35213,0.0,0.0,0.0
35214,0.0,0.0,0.0
35215,0.0,0.0,0.0
35216,0.0,0.0,0.0
35217,0.0,0.0,0.0
35218,0.0,0.0,0.0
35219,0.0,0.0,0.0
35220,0.0,0.0,0.0
35221,0.0,0.0,0.0
35222,0.0,0.0,0.0
35223,0.0,0.0,0.0
35224,0.0,0.0,0.0
35225,0.0,0.0,0.0
35226,0.0,0.0,0.0
35227,0.0,0.0,0.0
35228,0.0,0.0,0.0
35229,0.0,0.0,0.0
35230,0.0,0.0,0.0
35231,0.0,0.0,0.0
35232,0.0,0.0,0.0
35233,0.0,0.0,0.0
35234,0.0,0.0,0.0
35235,0.0,0.0,0.0
35236,0.0,0.0,0.0
35237,0.0,0.0,0.0
35238,0.0,0.0,0.0
35239,0.0,0.0,0.0
35240,0.0,0.0,0.0
35241,0.0,0.0,0.0
35242,0.0,0.0,0.0
35243,0.0,0.0,0.0
35244,0.0,0.0,0.0
35245,0.0,0.0,0.0
35246,0.0,0.0,0.0
35247,0.0,0.0,0.0
35248,0.0,0.0,0.0
35249,0.0,0.0,0.0
35250,0.0,0.0,0.0
35251,0.0,0.0,0.0
35252,0.0,0.0,0.0
35253,0.0,0.0,0.0
35254,0.0,0.0,0.0
35255,0.0,0.0,0.0
35256,0.0,0.0,0.0
35257,0.0,0.0,0.0
35258,0.0,0.0,0.0
35259,0.0,0.0,0.0
35260,0.0,0.0,0.0
35261,0.0,0.0,0.0
35262,0.0,0.0,0.0
35263,0.0,0.0,0.0
35264,0.0,0.0,0.0
35265,0.0,0.0,0.0
35266,0.0,0.0,0.0
35267,0.0,0.0,0.0
35268,0.0,0.0,0.0
35269,0.0,0.0,0.0
35270,0.0,0.0,0.0
35271,0.0,0.0,0.0
35272,0.0,0.0,0.0
35273,0.0,0.0,0.0
35274,0.0,0.0,0.0
35275,0.0,0.0,0.0
35276,0.0,0.0,0.0
35277,0.0,0.0,0.0
35278,0.0,0.0,0.0
35279,0.0,0.0,0.0
35280,0.0,0.0,0.0
35281,0.0,0.0,0.0
35282,0.0,0.0,0.0
35283,0.0,0.0,0.0
35284,0.0,0.0,0.0
35285,0.0,0.0,0.0
35286,0.0,0.0,0.0
35287,0.0,0.0,0.0
35288,0.0,0.0,0.0
35289,0.0,0.0,0.0
35290,0.0,0.0,0.0
35291,0.0,0.0,0.0
35292,0.0,0.0,0.0
35293,0.0,0.0,0.0
35294,0.0,0.0,0.0
35295,0.0,0.0,0.0
35296,0.0,0.0,0.0
35297,0.0,0.0,0.0
35298,0.0,0.0,0.0
35299,0.0,0.0,0.0
35300,0.0,0.0,0.0
35301,0.0,0.0,0.0
35302,0.0,0.0,0.0
35303,0.0,0.0,0.0
35304,0.0,0.0,0.0
35305,0.0,0.0,0.0
35306,0.0,0.0,0.0
35307,0.0,0.0,0.0
35308,0.0,0.0,0.0
35309,0.0,0.0,0.0
35310,0.0,0.0,0.0
35311,0.0,0.0,0.0
35312,0.0,0.0,0.0
35313,0.0,0.0,0.0
35314,0.0,0.0,0.0
35315,0.0,0.0,0.0
35316,0.0,0.0,0.0
35317,0.0,0.0,0.0
35318,0.0,0.0,0.0
35319,0.0,0.0,0.0
35320,0.0,0.0,0.0
35321,0.0,0.0,0.0
35322,0.0,0.0,0.0
35323,0.0,0.0,0.0
35324,0.0,0.0,0.0
35325,0.0,0.0,0.0
35326,0.0,0.0,0.0
35327,0.0,0.0,0.0
35328,0.0,0.0,0.0
35329,0.0,0.0,0.0
35330,0.0,0.0,0.0
35331,0.0,0.0,0.0
35332,0.0,0.0,0.0
35333,0.0,0.0,0.0
35334,0.0,0.0,0.0
35335,0.0,0.0,0.0
35336,0.0,0.0,0.0
35337,0.0,0.0,0.0
35338,0.0,0.0,0.0
35339,0.0,0.0,0.0
35340,0.0,0.0,0.0
35341,0.0,0.0,0.0
35342,0.0,0.0,0.0
35343,0.0,0.0,0.0
35344,0.0,0.0,0.0
35345,0.0,0.0,0.0
35346,0.0,0.0,0.0
35347,0.0,0.0,0.0
35348,0.0,0.0,0.0
35349,0.0,0.0,0.0
35350,0.0,0.0,0.0
35351,0.0,0.0,0.0
35352,0.0,0.0,0.0
35353,0.0,0.0,0.0
35354,0.0,0.0,0.0
35355,0.0,0.0,0.0
35356,0.0,0.0,0.0
35357,0.0,0.0,0.0
35358,0.0,0.0,0.0
35359,0.0,0.0,0.0
35360,0.0,0.0,0.0
35361,0.0,0.0,0.0
35362,0.0,0.0,0.0
35363,0.0,0.0,0.0
35364,0.0,0.0,0.0
35365,0.0,0.0,0.0
35366,0.0,0.0,0.0
35367,0.0,0.0,0.0
35368,0.0,0.0,0.0
35369,0.0,0.0,0.0
35370,0.0,0.0,0.0
35371,0.0,0.0,0.0
35372,0.0,0.0,0.0
35373,0.0,0.0,0.0
35374,0.0,0.0,0.0
35375,0.0,0.0,0.0
35376,0.0,0.0,0.0
35377,0.0,0.0,0.0
35378,0.0,0.0,0.0
35379,0.0,0.0,0.0
35380,0.0,0.0,0.0
35381,0.0,0.0,0.0
35382,0.0,0.0,0.0
35383,0.0,0.0,0.0
35384,0.0,0.0,0.0
35385,0.0,0.0,0.0
35386,0.0,0.0,0.0
35387,0.0,0.0,0.0
35388,0.0,0.0,0.0
35389,0.0,0.0,0.0
35390,0.0,0.0,0.0
35391,0.0,0.0,0.0
35392,0.0,0.0,0.0
35393,0.0,0.0,0.0
35394,0.0,0.0,0.0
35395,0.0,0.0,0.0
35396,0.0,0.0,0.0
35397,0.0,0.0,0.0
35398,0.0,0.0,0.0
35399,0.0,0.0,0.0
35400,0.0,0.0,0.0
35401,0.0,0.0,0.0
35402,0.0,0.0,0.0
35403,0.0,0.0,0.0
35404,0.0,0.0,0.0
35405,0.0,0.0,0.0
35406,0.0,0.0,0.0
35407,0.0,0.0,0.0
35408,0.0,0.0,0.0
35409,0.0,0.0,0.0
35410,0.0,0.0,0.0
35411,0.0,0.0,0.0
35412,0.0,0.0,0.0
35413,0.0,0.0,0.0
35414,0.0,0.0,0.0
35415,0.0,0.0,0.0
35416,0.0,0.0,0.0
35417,0.0,0.0,0.0
35418,0.0,0.0,0.0
35419,0.0,0.0,0.0
35420,0.0,0.0,0.0
35421,0.0,0.0,0.0
35422,0.0,0.0,0.0
35423,0.0,0.0,0.0
35424,0.0,0.0,0.0
35425,0.0,0.0,0.0
35426,0.0,0.0,0.0
35427,0.0,0.0,0.0
35428,0.0,0.0,0.0
35429,0.0,0.0,0.0
35430,0.0,0.0,0.0
35431,0.0,0.0,0.0
35432,0.0,0.0,0.0
35433,0.0,0.0,0.0
35434,0.0,0.0,0.0
35435,0.0,0.0,0.0
35436,0.0,0.0,0.0
35437,0.0,0.0,0.0
35438,0.0,0.0,0.0
35439,0.0,0.0,0.0
35440,0.0,0.0,0.0
35441,0.0,0.0,0.0
35442,0.0,0.0,0.0
35443,0.0,0.0,0.0
35444,0.0,0.0,0.0
35445,0.0,0.0,0.0
35446,0.0,0.0,0.0
35447,0.0,0.0,0.0
35448,0.0,0.0,0.0
35449,0.0,0.0,0.0
35450,0.0,0.0,0.0
35451,0.0,0.0,0.0
35452,0.0,0.0,0.0
35453,0.0,0.0,0.0
35454,0.0,0.0,0.0
35455,0.0,0.0,0.0
35456,0.0,0.0,0.0
35457,0.0,0.0,0.0
35458,0.0,0.0,0.0
35459,0.0,0.0,0.0
35460,0.0,0.0,0.0
35461,0.0,0.0,0.0
35462,0.0,0.0,0.0
35463,0.0,0.0,0.0
35464,0.0,0.0,0.0
35465,0.0,0.0,0.0
35466,0.0,0.0,0.0
35467,0.0,0.0,0.0
35468,0.0,0.0,0.0
35469,0.0,0.0,0.0
35470,0.0,0.0,0.0
35471,0.0,0.0,0.0
35472,0.0,0.0,0.0
35473,0.0,0.0,0.0
35474,0.0,0.0,0.0
35475,0.0,0.0,0.0
35476,0.0,0.0,0.0
35477,0.0,0.0,0.0
35478,0.0,0.0,0.0
35479,0.0,0.0,0.0
35480,0.0,0.0,0.0
35481,0.0,0.0,0.0
35482,0.0,0.0,0.0
35483,0.0,0.0,0.0
35484,0.0,0.0,0.0
35485,0.0,0.0,0.0
35486,0.0,0.0,0.0
35487,0.0,0.0,0.0
35488,0.0,0.0,0.0
35489,0.0,0.0,0.0
35490,0.0,0.0,0.0
35491,0.0,0.0,0.0
35492,0.0,0.0,0.0
35493,0.0,0.0,0.0
35494,0.0,0.0,0.0
35495,0.0,0.0,0.0
35496,0.0,0.0,0.0
35497,0.0,0.0,0.0
35498,0.0,0.0,0.0
35499,0.0,0.0,0.0
35500,0.0,0.0,0.0
35501,0.0,0.0,0.0
35502,0.0,0.0,0.0
35503,0.0,0.0,0.0
35504,0.0,0.0,0.0
35505,0.0,0.0,0.0
35506,0.0,0.0,0.0
35507,0.0,0.0,0.0
35508,0.0,0.0,0.0
35509,0.0,0.0,0.0
35510,0.0,0.0,0.0
35511,0.0,0.0,0.0
35512,0.0,0.0,0.0
35513,0.0,0.0,0.0
35514,0.0,0.0,0.0
35515,0.0,0.0,0.0
35516,0.0,0.0,0.0
35517,0.0,0.0,0.0
35518,0.0,0.0,0.0
35519,0.0,0.0,0.0
35520,0.0,0.0,0.0
35521,0.0,0.0,0.0
35522,0.0,0.0,0.0
35523,0.0,0.0,0.0
35524,0.0,0.0,0.0
35525,0.0,0.0,0.0
35526,0.0,0.0,0.0
35527,0.0,0.0,0.0
35528,0.0,0.0,0.0
35529,0.0,0.0,0.0
35530,0.0,0.0,0.0
35531,0.0,0.0,0.0
35532,0.0,0.0,0.0
35533,0.0,0.0,0.0
35534,0.0,0.0,0.0
35535,0.0,0.0,0.0
35536,0.0,0.0,0.0
35537,0.0,0.0,0.0
35538,0.0,0.0,0.0
35539,0.0,0.0,0.0
35540,0.0,0.0,0.0
35541,0.0,0.0,0.0
35542,0.0,0.0,0.0
35543,0.0,0.0,0.0
35544,0.0,0.0,0.0
35545,0.0,0.0,0.0
35546,0.0,0.0,0.0
35547,0.0,0.0,0.0
35548,0.0,0.0,0.0
35549,0.0,0.0,0.0
35550,0.0,0.0,0.0
35551,0.0,0.0,0.0
35552,0.0,0.0,0.0
35553,0.0,0.0,0.0
35554,0.0,0.0,0.0
35555,0.0,0.0,0.0
35556,0.0,0.0,0.0
35557,0.0,0.0,0.0
35558,0.0,0.0,0.0
35559,0.0,0.0,0.0
35560,0.0,0.0,0.0
35561,0.0,0.0,0.0
35562,0.0,0.0,0.0
35563,0.0,0.0,0.0
35564,0.0,0.0,0.0
35565,0.0,0.0,0.0
35566,0.0,0.0,0.0
35567,0.0,0.0,0.0
35568,0.0,0.0,0.0
35569,0.0,0.0,0.0
35570,0.0,0.0,0.0
35571,0.0,0.0,0.0
35572,0.0,0.0,0.0
35573,0.0,0.0,0.0
35574,0.0,0.0,0.0
35575,0.0,0.0,0.0
35576,0.0,0.0,0.0
35577,0.0,0.0,0.0
35578,0.0,0.0,0.0
35579,0.0,0.0,0.0
35580,0.0,0.0,0.0
35581,0.0,0.0,0.0
35582,0.0,0.0,0.0
35583,0.0,0.0,0.0
35584,0.0,0.0,0.0
35585,0.0,0.0,0.0
35586,0.0,0.0,0.0
35587,0.0,0.0,0.0
35588,0.0,0.0,0.0
35589,0.0,0.0,0.0
35590,0.0,0.0,0.0
35591,0.0,0.0,0.0
35592,0.0,0.0,0.0
35593,0.0,0.0,0.0
35594,0.0,0.0,0.0
35595,0.0,0.0,0.0
35596,0.0,0.0,0.0
35597,0.0,0.0,0.0
35598,0.0,0.0,0.0
35599,0.0,0.0,0.0
35600,0.0,0.0,0.0
35601,0.0,0.0,0.0
35602,0.0,0.0,0.0
35603,0.0,0.0,0.0
35604,0.0,0.0,0.0
35605,0.0,0.0,0.0
35606,0.0,0.0,0.0
35607,0.0,0.0,0.0
35608,0.0,0.0,0.0
35609,0.0,0.0,0.0
35610,0.0,0.0,0.0
35611,0.0,0.0,0.0
35612,0.0,0.0,0.0
35613,0.0,0.0,0.0
35614,0.0,0.0,0.0
35615,0.0,0.0,0.0
35616,0.0,0.0,0.0
35617,0.0,0.0,0.0
35618,0.0,0.0,0.0
35619,0.0,0.0,0.0
35620,0.0,0.0,0.0
35621,0.0,0.0,0.0
35622,0.0,0.0,0.0
35623,0.0,0.0,0.0
35624,0.0,0.0,0.0
35625,0.0,0.0,0.0
35626,0.0,0.0,0.0
35627,0.0,0.0,0.0
35628,0.0,0.0,0.0
35629,0.0,0.0,0.0
35630,0.0,0.0,0.0
35631,0.0,0.0,0.0
35632,0.0,0.0,0.0
35633,0.0,0.0,0.0
35634,0.0,0.0,0.0
35635,0.0,0.0,0.0
35636,0.0,0.0,0.0
35637,0.0,0.0,0.0
35638,0.0,0.0,0.0
35639,0.0,0.0,0.0
35640,0.0,0.0,0.0
35641,0.0,0.0,0.0
35642,0.0,0.0,0.0
35643,0.0,0.0,0.0
35644,0.0,0.0,0.0
35645,0.0,0.0,0.0
35646,0.0,0.0,0.0
35647,0.0,0.0,0.0
35648,0.0,0.0,0.0
35649,0.0,0.0,0.0
35650,0.0,0.0,0.0
35651,0.0,0.0,0.0
35652,0.0,0.0,0.0
35653,0.0,0.0,0.0
35654,0.0,0.0,0.0
35655,0.0,0.0,0.0
35656,0.0,0.0,0.0
35657,0.0,0.0,0.0
35658,0.0,0.0,0.0
35659,0.0,0.0,0.0
35660,0.0,0.0,0.0
35661,0.0,0.0,0.0
35662,0.0,0.0,0.0
35663,0.0,0.0,0.0
35664,0.0,0.0,0.0
35665,0.0,0.0,0.0
35666,0.0,0.0,0.0
35667,0.0,0.0,0.0
35668,0.0,0.0,0.0
35669,0.0,0.0,0.0
35670,0.0,0.0,0.0
35671,0.0,0.0,0.0
35672,0.0,0.0,0.0
35673,0.0,0.0,0.0
35674,0.0,0.0,0.0
35675,0.0,0.0,0.0
35676,0.0,0.0,0.0
35677,0.0,0.0,0.0
35678,0.0,0.0,0.0
35679,0.0,0.0,0.0
35680,0.0,0.0,0.0
35681,0.0,0.0,0.0
35682,0.0,0.0,0.0
35683,0.0,0.0,0.0
35684,0.0,0.0,0.0
35685,0.0,0.0,0.0
35686,0.0,0.0,0.0
35687,0.0,0.0,0.0
35688,0.0,0.0,0.0
35689,0.0,0.0,0.0
35690,0.0,0.0,0.0
35691,0.0,0.0,0.0
35692,0.0,0.0,0.0
35693,0.0,0.0,0.0
35694,0.0,0.0,0.0
35695,0.0,0.0,0.0
35696,0.0,0.0,0.0
35697,0.0,0.0,0.0
35698,0.0,0.0,0.0
35699,0.0,0.0,0.0
35700,0.0,0.0,0.0
35701,0.0,0.0,0.0
35702,0.0,0.0,0.0
35703,0.0,0.0,0.0
35704,0.0,0.0,0.0
35705,0.0,0.0,0.0
35706,0.0,0.0,0.0
35707,0.0,0.0,0.0
35708,0.0,0.0,0.0
35709,0.0,0.0,0.0
35710,0.0,0.0,0.0
35711,0.0,0.0,0.0
35712,0.0,0.0,0.0
35713,0.0,0.0,0.0
35714,0.0,0.0,0.0
35715,0.0,0.0,0.0
35716,0.0,0.0,0.0
35717,0.0,0.0,0.0
35718,0.0,0.0,0.0
35719,0.0,0.0,0.0
35720,0.0,0.0,0.0
35721,0.0,0.0,0.0
35722,0.0,0.0,0.0
35723,0.0,0.0,0.0
35724,0.0,0.0,0.0
35725,0.0,0.0,0.0
35726,0.0,0.0,0.0
35727,0.0,0.0,0.0
35728,0.0,0.0,0.0
35729,0.0,0.0,0.0
35730,0.0,0.0,0.0
35731,0.0,0.0,0.0
35732,0.0,0.0,0.0
35733,0.0,0.0,0.0
35734,0.0,0.0,0.0
35735,0.0,0.0,0.0
35736,0.0,0.0,0.0
35737,0.0,0.0,0.0
35738,0.0,0.0,0.0
35739,0.0,0.0,0.0
35740,0.0,0.0,0.0
35741,0.0,0.0,0.0
35742,0.0,0.0,0.0
35743,0.0,0.0,0.0
35744,0.0,0.0,0.0
35745,0.0,0.0,0.0
35746,0.0,0.0,0.0
35747,0.0,0.0,0.0
35748,0.0,0.0,0.0
35749,0.0,0.0,0.0
35750,0.0,0.0,0.0
35751,0.0,0.0,0.0
35752,0.0,0.0,0.0
35753,0.0,0.0,0.0
35754,0.0,0.0,0.0
35755,0.0,0.0,0.0
35756,0.0,0.0,0.0
35757,0.0,0.0,0.0
35758,0.0,0.0,0.0
35759,0.0,0.0,0.0
35760,0.0,0.0,0.0
35761,0.0,0.0,0.0
35762,0.0,0.0,0.0
35763,0.0,0.0,0.0
35764,0.0,0.0,0.0
35765,0.0,0.0,0.0
35766,0.0,0.0,0.0
35767,0.0,0.0,0.0
35768,0.0,0.0,0.0
35769,0.0,0.0,0.0
35770,0.0,0.0,0.0
35771,0.0,0.0,0.0
35772,0.0,0.0,0.0
35773,0.0,0.0,0.0
35774,0.0,0.0,0.0
35775,0.0,0.0,0.0
35776,0.0,0.0,0.0
35777,0.0,0.0,0.0
35778,0.0,0.0,0.0
35779,0.0,0.0,0.0
35780,0.0,0.0,0.0
35781,0.0,0.0,0.0
35782,0.0,0.0,0.0
35783,0.0,0.0,0.0
35784,0.0,0.0,0.0
35785,0.0,0.0,0.0
35786,0.0,0.0,0.0
35787,0.0,0.0,0.0
35788,0.0,0.0,0.0
35789,0.0,0.0,0.0
35790,0.0,0.0,0.0
35791,0.0,0.0,0.0
35792,0.0,0.0,0.0
35793,0.0,0.0,0.0
35794,0.0,0.0,0.0
35795,0.0,0.0,0.0
35796,0.0,0.0,0.0
35797,0.0,0.0,0.0
35798,0.0,0.0,0.0
35799,0.0,0.0,0.0
35800,0.0,0.0,0.0
35801,0.0,0.0,0.0
35802,0.0,0.0,0.0
35803,0.0,0.0,0.0
35804,0.0,0.0,0.0
35805,0.0,0.0,0.0
35806,0.0,0.0,0.0
35807,0.0,0.0,0.0
35808,0.0,0.0,0.0
35809,0.0,0.0,0.0
35810,0.0,0.0,0.0
35811,0.0,0.0,0.0
35812,0.0,0.0,0.0
35813,0.0,0.0,0.0
35814,0.0,0.0,0.0
35815,0.0,0.0,0.0
35816,0.0,0.0,0.0
35817,0.0,0.0,0.0
35818,0.0,0.0,0.0
35819,0.0,0.0,0.0
35820,0.0,0.0,0.0
35821,0.0,0.0,0.0
35822,0.0,0.0,0.0
35823,0.0,0.0,0.0
35824,0.0,0.0,0.0
35825,0.0,0.0,0.0
35826,0.0,0.0,0.0
35827,0.0,0.0,0.0
35828,0.0,0.0,0.0
35829,0.0,0.0,0.0
35830,0.0,0.0,0.0
35831,0.0,0.0,0.0
35832,0.0,0.0,0.0
35833,0.0,0.0,0.0
35834,0.0,0.0,0.0
35835,0.0,0.0,0.0
35836,0.0,0.0,0.0
35837,0.0,0.0,0.0
35838,0.0,0.0,0.0
35839,0.0,0.0,0.0
35840,0.0,0.0,0.0
35841,0.0,0.0,0.0
35842,0.0,0.0,0.0
35843,0.0,0.0,0.0
35844,0.0,0.0,0.0
35845,0.0,0.0,0.0
35846,0.0,0.0,0.0
35847,0.0,0.0,0.0
35848,0.0,0.0,0.0
35849,0.0,0.0,0.0
35850,0.0,0.0,0.0
35851,0.0,0.0,0.0
35852,0.0,0.0,0.0
35853,0.0,0.0,0.0
35854,0.0,0.0,0.0
35855,0.0,0.0,0.0
35856,0.0,0.0,0.0
35857,0.0,0.0,0.0
35858,0.0,0.0,0.0
35859,0.0,0.0,0.0
35860,0.0,0.0,0.0
35861,0.0,0.0,0.0
35862,0.0,0.0,0.0
35863,0.0,0.0,0.0
35864,0.0,0.0,0.0
35865,0.0,0.0,0.0
35866,0.0,0.0,0.0
35867,0.0,0.0,0.0
35868,0.0,0.0,0.0
35869,0.0,0.0,0.0
35870,0.0,0.0,0.0
35871,0.0,0.0,0.0
35872,0.0,0.0,0.0
35873,0.0,0.0,0.0
35874,0.0,0.0,0.0
35875,0.0,0.0,0.0
35876,0.0,0.0,0.0
35877,0.0,0.0,0.0
35878,0.0,0.0,0.0
35879,0.0,0.0,0.0
35880,0.0,0.0,0.0
35881,0.0,0.0,0.0
35882,0.0,0.0,0.0
35883,0.0,0.0,0.0
35884,0.0,0.0,0.0
35885,0.0,0.0,0.0
35886,0.0,0.0,0.0
35887,0.0,0.0,0.0
35888,0.0,0.0,0.0
35889,0.0,0.0,0.0
35890,0.0,0.0,0.0
35891,0.0,0.0,0.0
35892,0.0,0.0,0.0
35893,0.0,0.0,0.0
35894,0.0,0.0,0.0
35895,0.0,0.0,0.0
35896,0.0,0.0,0.0
35897,0.0,0.0,0.0
35898,0.0,0.0,0.0
35899,0.0,0.0,0.0
35900,0.0,0.0,0.0
35901,0.0,0.0,0.0
35902,0.0,0.0,0.0
35903,0.0,0.0,0.0
35904,0.0,0.0,0.0
35905,0.0,0.0,0.0
35906,0.0,0.0,0.0
35907,0.0,0.0,0.0
35908,0.0,0.0,0.0
35909,0.0,0.0,0.0
35910,0.0,0.0,0.0
35911,0.0,0.0,0.0
35912,0.0,0.0,0.0
35913,0.0,0.0,0.0
35914,0.0,0.0,0.0
35915,0.0,0.0,0.0
35916,0.0,0.0,0.0
35917,0.0,0.0,0.0
35918,0.0,0.0,0.0
35919,0.0,0.0,0.0
35920,0.0,0.0,0.0
35921,0.0,0.0,0.0
35922,0.0,0.0,0.0
35923,0.0,0.0,0.0
35924,0.0,0.0,0.0
35925,0.0,0.0,0.0
35926,0.0,0.0,0.0
35927,0.0,0.0,0.0
35928,0.0,0.0,0.0
35929,0.0,0.0,0.0
35930,0.0,0.0,0.0
35931,0.0,0.0,0.0
35932,0.0,0.0,0.0
35933,0.0,0.0,0.0
35934,0.0,0.0,0.0
35935,0.0,0.0,0.0
35936,0.0,0.0,0.0
35937,0.0,0.0,0.0
35938,0.0,0.0,0.0
35939,0.0,0.0,0.0
35940,0.0,0.0,0.0
35941,0.0,0.0,0.0
35942,0.0,0.0,0.0
35943,0.0,0.0,0.0
35944,0.0,0.0,0.0
35945,0.0,0.0,0.0
35946,0.0,0.0,0.0
35947,0.0,0.0,0.0
35948,0.0,0.0,0.0
35949,0.0,0.0,0.0
35950,0.0,0.0,0.0
35951,0.0,0.0,0.0
35952,0.0,0.0,0.0
35953,0.0,0.0,0.0
35954,0.0,0.0,0.0
35955,0.0,0.0,0.0
35956,0.0,0.0,0.0
35957,0.0,0.0,0.0
35958,0.0,0.0,0.0
35959,0.0,0.0,0.0
35960,0.0,0.0,0.0
35961,0.0,0.0,0.0
35962,0.0,0.0,0.0
35963,0.0,0.0,0.0
35964,0.0,0.0,0.0
35965,0.0,0.0,0.0
35966,0.0,0.0,0.0
35967,0.0,0.0,0.0
35968,0.0,0.0,0.0
35969,0.0,0.0,0.0
35970,0.0,0.0,0.0
35971,0.0,0.0,0.0
35972,0.0,0.0,0.0
35973,0.0,0.0,0.0
35974,0.0,0.0,0.0
35975,0.0,0.0,0.0
35976,0.0,0.0,0.0
35977,0.0,0.0,0.0
35978,0.0,0.0,0.0
35979,0.0,0.0,0.0
35980,0.0,0.0,0.0
35981,0.0,0.0,0.0
35982,0.0,0.0,0.0
35983,0.0,0.0,0.0
35984,0.0,0.0,0.0
35985,0.0,0.0,0.0
35986,0.0,0.0,0.0
35987,0.0,0.0,0.0
35988,0.0,0.0,0.0
35989,0.0,0.0,0.0
35990,0.0,0.0,0.0
35991,0.0,0.0,0.0
35992,0.0,0.0,0.0
35993,0.0,0.0,0.0
35994,0.0,0.0,0.0
35995,0.0,0.0,0.0
35996,0.0,0.0,0.0
35997,0.0,0.0,0.0
35998,0.0,0.0,0.0
35999,0.0,0.0,0.0
36000,0.0,0.0,0.0
36001,0.0,0.0,0.0
36002,0.0,0.0,0.0
36003,0.0,0.0,0.0
36004,0.0,0.0,0.0
36005,0.0,0.0,0.0
36006,0.0,0.0,0.0
36007,0.0,0.0,0.0
36008,0.0,0.0,0.0
36009,0.0,0.0,0.0
36010,0.0,0.0,0.0
36011,0.0,0.0,0.0
36012,0.0,0.0,0.0
36013,0.0,0.0,0.0
36014,0.0,0.0,0.0
36015,0.0,0.0,0.0
36016,0.0,0.0,0.0
36017,0.0,0.0,0.0
36018,0.0,0.0,0.0
36019,0.0,0.0,0.0
36020,0.0,0.0,0.0
36021,0.0,0.0,0.0
36022,0.0,0.0,0.0
36023,0.0,0.0,0.0
36024,0.0,0.0,0.0
36025,0.0,0.0,0.0
36026,0.0,0.0,0.0
36027,0.0,0.0,0.0
36028,0.0,0.0,0.0
36029,0.0,0.0,0.0
36030,0.0,0.0,0.0
36031,0.0,0.0,0.0
36032,0.0,0.0,0.0
36033,0.0,0.0,0.0
36034,0.0,0.0,0.0
36035,0.0,0.0,0.0
36036,0.0,0.0,0.0
36037,0.0,0.0,0.0
36038,0.0,0.0,0.0
36039,0.0,0.0,0.0
36040,0.0,0.0,0.0
36041,0.0,0.0,0.0
36042,0.0,0.0,0.0
36043,0.0,0.0,0.0
36044,0.0,0.0,0.0
36045,0.0,0.0,0.0
36046,0.0,0.0,0.0
36047,0.0,0.0,0.0
36048,0.0,0.0,0.0
36049,0.0,0.0,0.0
36050,0.0,0.0,0.0
36051,0.0,0.0,0.0
36052,0.0,0.0,0.0
36053,0.0,0.0,0.0
36054,0.0,0.0,0.0
36055,0.0,0.0,0.0
36056,0.0,0.0,0.0
36057,0.0,0.0,0.0
36058,0.0,0.0,0.0
36059,0.0,0.0,0.0
36060,0.0,0.0,0.0
36061,0.0,0.0,0.0
36062,0.0,0.0,0.0
36063,0.0,0.0,0.0
36064,0.0,0.0,0.0
36065,0.0,0.0,0.0
36066,0.0,0.0,0.0
36067,0.0,0.0,0.0
36068,0.0,0.0,0.0
36069,0.0,0.0,0.0
36070,0.0,0.0,0.0
36071,0.0,0.0,0.0
36072,0.0,0.0,0.0
36073,0.0,0.0,0.0
36074,0.0,0.0,0.0
36075,0.0,0.0,0.0
36076,0.0,0.0,0.0
36077,0.0,0.0,0.0
36078,0.0,0.0,0.0
36079,0.0,0.0,0.0
36080,0.0,0.0,0.0
36081,0.0,0.0,0.0
36082,0.0,0.0,0.0
36083,0.0,0.0,0.0
36084,0.0,0.0,0.0
36085,0.0,0.0,0.0
36086,0.0,0.0,0.0
36087,0.0,0.0,0.0
36088,0.0,0.0,0.0
36089,0.0,0.0,0.0
36090,0.0,0.0,0.0
36091,0.0,0.0,0.0
36092,0.0,0.0,0.0
36093,0.0,0.0,0.0
36094,0.0,0.0,0.0
36095,0.0,0.0,0.0
36096,0.0,0.0,0.0
36097,0.0,0.0,0.0
36098,0.0,0.0,0.0
36099,0.0,0.0,0.0
36100,0.0,0.0,0.0
36101,0.0,0.0,0.0
36102,0.0,0.0,0.0
36103,0.0,0.0,0.0
36104,0.0,0.0,0.0
36105,0.0,0.0,0.0
36106,0.0,0.0,0.0
36107,0.0,0.0,0.0
36108,0.0,0.0,0.0
36109,0.0,0.0,0.0
36110,0.0,0.0,0.0
36111,0.0,0.0,0.0
36112,0.0,0.0,0.0
36113,0.0,0.0,0.0
36114,0.0,0.0,0.0
36115,0.0,0.0,0.0
36116,0.0,0.0,0.0
36117,0.0,0.0,0.0
36118,0.0,0.0,0.0
36119,0.0,0.0,0.0
36120,0.0,0.0,0.0
36121,0.0,0.0,0.0
36122,0.0,0.0,0.0
36123,0.0,0.0,0.0
36124,0.0,0.0,0.0
36125,0.0,0.0,0.0
36126,0.0,0.0,0.0
36127,0.0,0.0,0.0
36128,0.0,0.0,0.0
36129,0.0,0.0,0.0
36130,0.0,0.0,0.0
36131,0.0,0.0,0.0
36132,0.0,0.0,0.0
36133,0.0,0.0,0.0
36134,0.0,0.0,0.0
36135,0.0,0.0,0.0
36136,0.0,0.0,0.0
36137,0.0,0.0,0.0
36138,0.0,0.0,0.0
36139,0.0,0.0,0.0
36140,0.0,0.0,0.0
36141,0.0,0.0,0.0
36142,0.0,0.0,0.0
36143,0.0,0.0,0.0
36144,0.0,0.0,0.0
36145,0.0,0.0,0.0
36146,0.0,0.0,0.0
36147,0.0,0.0,0.0
36148,0.0,0.0,0.0
36149,0.0,0.0,0.0
36150,0.0,0.0,0.0
36151,0.0,0.0,0.0
36152,0.0,0.0,0.0
36153,0.0,0.0,0.0
36154,0.0,0.0,0.0
36155,0.0,0.0,0.0
36156,0.0,0.0,0.0
36157,0.0,0.0,0.0
36158,0.0,0.0,0.0
36159,0.0,0.0,0.0
36160,0.0,0.0,0.0
36161,0.0,0.0,0.0
36162,0.0,0.0,0.0
36163,0.0,0.0,0.0
36164,0.0,0.0,0.0
36165,0.0,0.0,0.0
36166,0.0,0.0,0.0
36167,0.0,0.0,0.0
36168,0.0,0.0,0.0
36169,0.0,0.0,0.0
36170,0.0,0.0,0.0
36171,0.0,0.0,0.0
36172,0.0,0.0,0.0
36173,0.0,0.0,0.0
36174,0.0,0.0,0.0
36175,0.0,0.0,0.0
36176,0.0,0.0,0.0
36177,0.0,0.0,0.0
36178,0.0,0.0,0.0
36179,0.0,0.0,0.0
36180,0.0,0.0,0.0
36181,0.0,0.0,0.0
36182,0.0,0.0,0.0
36183,0.0,0.0,0.0
36184,0.0,0.0,0.0
36185,0.0,0.0,0.0
36186,0.0,0.0,0.0
36187,0.0,0.0,0.0
36188,0.0,0.0,0.0
36189,0.0,0.0,0.0
36190,0.0,0.0,0.0
36191,0.0,0.0,0.0
36192,0.0,0.0,0.0
36193,0.0,0.0,0.0
36194,0.0,0.0,0.0
36195,0.0,0.0,0.0
36196,0.0,0.0,0.0
36197,0.0,0.0,0.0
36198,0.0,0.0,0.0
36199,0.0,0.0,0.0
36200,0.0,0.0,0.0
36201,0.0,0.0,0.0
36202,0.0,0.0,0.0
36203,0.0,0.0,0.0
36204,0.0,0.0,0.0
36205,0.0,0.0,0.0
36206,0.0,0.0,0.0
36207,0.0,0.0,0.0
36208,0.0,0.0,0.0
36209,0.0,0.0,0.0
36210,0.0,0.0,0.0
36211,0.0,0.0,0.0
36212,0.0,0.0,0.0
36213,0.0,0.0,0.0
36214,0.0,0.0,0.0
36215,0.0,0.0,0.0
36216,0.0,0.0,0.0
36217,0.0,0.0,0.0
36218,0.0,0.0,0.0
36219,0.0,0.0,0.0
36220,0.0,0.0,0.0
36221,0.0,0.0,0.0
36222,0.0,0.0,0.0
36223,0.0,0.0,0.0
36224,0.0,0.0,0.0
36225,0.0,0.0,0.0
36226,0.0,0.0,0.0
36227,0.0,0.0,0.0
36228,0.0,0.0,0.0
36229,0.0,0.0,0.0
36230,0.0,0.0,0.0
36231,0.0,0.0,0.0
36232,0.0,0.0,0.0
36233,0.0,0.0,0.0
36234,0.0,0.0,0.0
36235,0.0,0.0,0.0
36236,0.0,0.0,0.0
36237,0.0,0.0,0.0
36238,0.0,0.0,0.0
36239,0.0,0.0,0.0
36240,0.0,0.0,0.0
36241,0.0,0.0,0.0
36242,0.0,0.0,0.0
36243,0.0,0.0,0.0
36244,0.0,0.0,0.0
36245,0.0,0.0,0.0
36246,0.0,0.0,0.0
36247,0.0,0.0,0.0
36248,0.0,0.0,0.0
36249,0.0,0.0,0.0
36250,0.0,0.0,0.0
36251,0.0,0.0,0.0
36252,0.0,0.0,0.0
36253,0.0,0.0,0.0
36254,0.0,0.0,0.0
36255,0.0,0.0,0.0
36256,0.0,0.0,0.0
36257,0.0,0.0,0.0
36258,0.0,0.0,0.0
36259,0.0,0.0,0.0
36260,0.0,0.0,0.0
36261,0.0,0.0,0.0
36262,0.0,0.0,0.0
36263,0.0,0.0,0.0
36264,0.0,0.0,0.0
36265,0.0,0.0,0.0
36266,0.0,0.0,0.0
36267,0.0,0.0,0.0
36268,0.0,0.0,0.0
36269,0.0,0.0,0.0
36270,0.0,0.0,0.0
36271,0.0,0.0,0.0
36272,0.0,0.0,0.0
36273,0.0,0.0,0.0
36274,0.0,0.0,0.0
36275,0.0,0.0,0.0
36276,0.0,0.0,0.0
36277,0.0,0.0,0.0
36278,0.0,0.0,0.0
36279,0.0,0.0,0.0
36280,0.0,0.0,0.0
36281,0.0,0.0,0.0
36282,0.0,0.0,0.0
36283,0.0,0.0,0.0
36284,0.0,0.0,0.0
36285,0.0,0.0,0.0
36286,0.0,0.0,0.0
36287,0.0,0.0,0.0
36288,0.0,0.0,0.0
36289,0.0,0.0,0.0
36290,0.0,0.0,0.0
36291,0.0,0.0,0.0
36292,0.0,0.0,0.0
36293,0.0,0.0,0.0
36294,0.0,0.0,0.0
36295,0.0,0.0,0.0
36296,0.0,0.0,0.0
36297,0.0,0.0,0.0
36298,0.0,0.0,0.0
36299,0.0,0.0,0.0
36300,0.0,0.0,0.0
36301,0.0,0.0,0.0
36302,0.0,0.0,0.0
36303,0.0,0.0,0.0
36304,0.0,0.0,0.0
36305,0.0,0.0,0.0
36306,0.0,0.0,0.0
36307,0.0,0.0,0.0
36308,0.0,0.0,0.0
36309,0.0,0.0,0.0
36310,0.0,0.0,0.0
36311,0.0,0.0,0.0
36312,0.0,0.0,0.0
36313,0.0,0.0,0.0
36314,0.0,0.0,0.0
36315,0.0,0.0,0.0
36316,0.0,0.0,0.0
36317,0.0,0.0,0.0
36318,0.0,0.0,0.0
36319,0.0,0.0,0.0
36320,0.0,0.0,0.0
36321,0.0,0.0,0.0
36322,0.0,0.0,0.0
36323,0.0,0.0,0.0
36324,0.0,0.0,0.0
36325,0.0,0.0,0.0
36326,0.0,0.0,0.0
36327,0.0,0.0,0.0
36328,0.0,0.0,0.0
36329,0.0,0.0,0.0
36330,0.0,0.0,0.0
36331,0.0,0.0,0.0
36332,0.0,0.0,0.0
36333,0.0,0.0,0.0
36334,0.0,0.0,0.0
36335,0.0,0.0,0.0
36336,0.0,0.0,0.0
36337,0.0,0.0,0.0
36338,0.0,0.0,0.0
36339,0.0,0.0,0.0
36340,0.0,0.0,0.0
36341,0.0,0.0,0.0
36342,0.0,0.0,0.0
36343,0.0,0.0,0.0
36344,0.0,0.0,0.0
36345,0.0,0.0,0.0
36346,0.0,0.0,0.0
36347,0.0,0.0,0.0
36348,0.0,0.0,0.0
36349,0.0,0.0,0.0
36350,0.0,0.0,0.0
36351,0.0,0.0,0.0
36352,0.0,0.0,0.0
36353,0.0,0.0,0.0
36354,0.0,0.0,0.0
36355,0.0,0.0,0.0
36356,0.0,0.0,0.0
36357,0.0,0.0,0.0
36358,0.0,0.0,0.0
36359,0.0,0.0,0.0
36360,0.0,0.0,0.0
36361,0.0,0.0,0.0
36362,0.0,0.0,0.0
36363,0.0,0.0,0.0
36364,0.0,0.0,0.0
36365,0.0,0.0,0.0
36366,0.0,0.0,0.0
36367,0.0,0.0,0.0
36368,0.0,0.0,0.0
36369,0.0,0.0,0.0
36370,0.0,0.0,0.0
36371,0.0,0.0,0.0
36372,0.0,0.0,0.0
36373,0.0,0.0,0.0
36374,0.0,0.0,0.0
36375,0.0,0.0,0.0
36376,0.0,0.0,0.0
36377,0.0,0.0,0.0
36378,0.0,0.0,0.0
36379,0.0,0.0,0.0
36380,0.0,0.0,0.0
36381,0.0,0.0,0.0
36382,0.0,0.0,0.0
36383,0.0,0.0,0.0
36384,0.0,0.0,0.0
36385,0.0,0.0,0.0
36386,0.0,0.0,0.0
36387,0.0,0.0,0.0
36388,0.0,0.0,0.0
36389,0.0,0.0,0.0
36390,0.0,0.0,0.0
36391,0.0,0.0,0.0
36392,0.0,0.0,0.0
36393,0.0,0.0,0.0
36394,0.0,0.0,0.0
36395,0.0,0.0,0.0
36396,0.0,0.0,0.0
36397,0.0,0.0,0.0
36398,0.0,0.0,0.0
36399,0.0,0.0,0.0
36400,0.0,0.0,0.0
36401,0.0,0.0,0.0
36402,0.0,0.0,0.0
36403,0.0,0.0,0.0
36404,0.0,0.0,0.0
36405,0.0,0.0,0.0
36406,0.0,0.0,0.0
36407,0.0,0.0,0.0
36408,0.0,0.0,0.0
36409,0.0,0.0,0.0
36410,0.0,0.0,0.0
36411,0.0,0.0,0.0
36412,0.0,0.0,0.0
36413,0.0,0.0,0.0
36414,0.0,0.0,0.0
36415,0.0,0.0,0.0
36416,0.0,0.0,0.0
36417,0.0,0.0,0.0
36418,0.0,0.0,0.0
36419,0.0,0.0,0.0
36420,0.0,0.0,0.0
36421,0.0,0.0,0.0
36422,0.0,0.0,0.0
36423,0.0,0.0,0.0
36424,0.0,0.0,0.0
36425,0.0,0.0,0.0
36426,0.0,0.0,0.0
36427,0.0,0.0,0.0
36428,0.0,0.0,0.0
36429,0.0,0.0,0.0
36430,0.0,0.0,0.0
36431,0.0,0.0,0.0
36432,0.0,0.0,0.0
36433,0.0,0.0,0.0
36434,0.0,0.0,0.0
36435,0.0,0.0,0.0
36436,0.0,0.0,0.0
36437,0.0,0.0,0.0
36438,0.0,0.0,0.0
36439,0.0,0.0,0.0
36440,0.0,0.0,0.0
36441,0.0,0.0,0.0
36442,0.0,0.0,0.0
36443,0.0,0.0,0.0
36444,0.0,0.0,0.0
36445,0.0,0.0,0.0
36446,0.0,0.0,0.0
36447,0.0,0.0,0.0
36448,0.0,0.0,0.0
36449,0.0,0.0,0.0
36450,0.0,0.0,0.0
36451,0.0,0.0,0.0
36452,0.0,0.0,0.0
36453,0.0,0.0,0.0
36454,0.0,0.0,0.0
36455,0.0,0.0,0.0
36456,0.0,0.0,0.0
36457,0.0,0.0,0.0
36458,0.0,0.0,0.0
36459,0.0,0.0,0.0
36460,0.0,0.0,0.0
36461,0.0,0.0,0.0
36462,0.0,0.0,0.0
36463,0.0,0.0,0.0
36464,0.0,0.0,0.0
36465,0.0,0.0,0.0
36466,0.0,0.0,0.0
36467,0.0,0.0,0.0
36468,0.0,0.0,0.0
36469,0.0,0.0,0.0
36470,0.0,0.0,0.0
36471,0.0,0.0,0.0
36472,0.0,0.0,0.0
36473,0.0,0.0,0.0
36474,0.0,0.0,0.0
36475,0.0,0.0,0.0
36476,0.0,0.0,0.0
36477,0.0,0.0,0.0
36478,0.0,0.0,0.0
36479,0.0,0.0,0.0
36480,0.0,0.0,0.0
36481,0.0,0.0,0.0
36482,0.0,0.0,0.0
36483,0.0,0.0,0.0
36484,0.0,0.0,0.0
36485,0.0,0.0,0.0
36486,0.0,0.0,0.0
36487,0.0,0.0,0.0
36488,0.0,0.0,0.0
36489,0.0,0.0,0.0
36490,0.0,0.0,0.0
36491,0.0,0.0,0.0
36492,0.0,0.0,0.0
36493,0.0,0.0,0.0
36494,0.0,0.0,0.0
36495,0.0,0.0,0.0
36496,0.0,0.0,0.0
36497,0.0,0.0,0.0
36498,0.0,0.0,0.0
36499,0.0,0.0,0.0
36500,0.0,0.0,0.0
36501,0.0,0.0,0.0
36502,0.0,0.0,0.0
36503,0.0,0.0,0.0
36504,0.0,0.0,0.0
36505,0.0,0.0,0.0
36506,0.0,0.0,0.0
36507,0.0,0.0,0.0
36508,0.0,0.0,0.0
36509,0.0,0.0,0.0
36510,0.0,0.0,0.0
36511,0.0,0.0,0.0
36512,0.0,0.0,0.0
36513,0.0,0.0,0.0
36514,0.0,0.0,0.0
36515,0.0,0.0,0.0
36516,0.0,0.0,0.0
36517,0.0,0.0,0.0
36518,0.0,0.0,0.0
36519,0.0,0.0,0.0
36520,0.0,0.0,0.0
36521,0.0,0.0,0.0
36522,0.0,0.0,0.0
36523,0.0,0.0,0.0
36524,0.0,0.0,0.0
36525,0.0,0.0,0.0
36526,0.0,0.0,0.0
36527,0.0,0.0,0.0
36528,0.0,0.0,0.0
36529,0.0,0.0,0.0
36530,0.0,0.0,0.0
36531,0.0,0.0,0.0
36532,0.0,0.0,0.0
36533,0.0,0.0,0.0
36534,0.0,0.0,0.0
36535,0.0,0.0,0.0
36536,0.0,0.0,0.0
36537,0.0,0.0,0.0
36538,0.0,0.0,0.0
36539,0.0,0.0,0.0
36540,0.0,0.0,0.0
36541,0.0,0.0,0.0
36542,0.0,0.0,0.0
36543,0.0,0.0,0.0
36544,0.0,0.0,0.0
36545,0.0,0.0,0.0
36546,0.0,0.0,0.0
36547,0.0,0.0,0.0
36548,0.0,0.0,0.0
36549,0.0,0.0,0.0
36550,0.0,0.0,0.0
36551,0.0,0.0,0.0
36552,0.0,0.0,0.0
36553,0.0,0.0,0.0
36554,0.0,0.0,0.0
36555,0.0,0.0,0.0
36556,0.0,0.0,0.0
36557,0.0,0.0,0.0
36558,0.0,0.0,0.0
36559,0.0,0.0,0.0
36560,0.0,0.0,0.0
36561,0.0,0.0,0.0
36562,0.0,0.0,0.0
36563,0.0,0.0,0.0
36564,0.0,0.0,0.0
36565,0.0,0.0,0.0
36566,0.0,0.0,0.0
36567,0.0,0.0,0.0
36568,0.0,0.0,0.0
36569,0.0,0.0,0.0
36570,0.0,0.0,0.0
36571,0.0,0.0,0.0
36572,0.0,0.0,0.0
36573,0.0,0.0,0.0
36574,0.0,0.0,0.0
36575,0.0,0.0,0.0
36576,0.0,0.0,0.0
36577,0.0,0.0,0.0
36578,0.0,0.0,0.0
36579,0.0,0.0,0.0
36580,0.0,0.0,0.0
36581,0.0,0.0,0.0
36582,0.0,0.0,0.0
36583,0.0,0.0,0.0
36584,0.0,0.0,0.0
36585,0.0,0.0,0.0
36586,0.0,0.0,0.0
36587,0.0,0.0,0.0
36588,0.0,0.0,0.0
36589,0.0,0.0,0.0
36590,0.0,0.0,0.0
36591,0.0,0.0,0.0
36592,0.0,0.0,0.0
36593,0.0,0.0,0.0
36594,0.0,0.0,0.0
36595,0.0,0.0,0.0
36596,0.0,0.0,0.0
36597,0.0,0.0,0.0
36598,0.0,0.0,0.0
36599,0.0,0.0,0.0
36600,0.0,0.0,0.0
36601,0.0,0.0,0.0
36602,0.0,0.0,0.0
36603,0.0,0.0,0.0
36604,0.0,0.0,0.0
36605,0.0,0.0,0.0
36606,0.0,0.0,0.0
36607,0.0,0.0,0.0
36608,0.0,0.0,0.0
36609,0.0,0.0,0.0
36610,0.0,0.0,0.0
36611,0.0,0.0,0.0
36612,0.0,0.0,0.0
36613,0.0,0.0,0.0
36614,0.0,0.0,0.0
36615,0.0,0.0,0.0
36616,0.0,0.0,0.0
36617,0.0,0.0,0.0
36618,0.0,0.0,0.0
36619,0.0,0.0,0.0
36620,0.0,0.0,0.0
36621,0.0,0.0,0.0
36622,0.0,0.0,0.0
36623,0.0,0.0,0.0
36624,0.0,0.0,0.0
36625,0.0,0.0,0.0
36626,0.0,0.0,0.0
36627,0.0,0.0,0.0
36628,0.0,0.0,0.0
36629,0.0,0.0,0.0
36630,0.0,0.0,0.0
36631,0.0,0.0,0.0
36632,0.0,0.0,0.0
36633,0.0,0.0,0.0
36634,0.0,0.0,0.0
36635,0.0,0.0,0.0
36636,0.0,0.0,0.0
36637,0.0,0.0,0.0
36638,0.0,0.0,0.0
36639,0.0,0.0,0.0
36640,0.0,0.0,0.0
36641,0.0,0.0,0.0
36642,0.0,0.0,0.0
36643,0.0,0.0,0.0
36644,0.0,0.0,0.0
36645,0.0,0.0,0.0
36646,0.0,0.0,0.0
36647,0.0,0.0,0.0
36648,0.0,0.0,0.0
36649,0.0,0.0,0.0
36650,0.0,0.0,0.0
36651,0.0,0.0,0.0
36652,0.0,0.0,0.0
36653,0.0,0.0,0.0
36654,0.0,0.0,0.0
36655,0.0,0.0,0.0
36656,0.0,0.0,0.0
36657,0.0,0.0,0.0
36658,0.0,0.0,0.0
36659,0.0,0.0,0.0
36660,0.0,0.0,0.0
36661,0.0,0.0,0.0
36662,0.0,0.0,0.0
36663,0.0,0.0,0.0
36664,0.0,0.0,0.0
36665,0.0,0.0,0.0
36666,0.0,0.0,0.0
36667,0.0,0.0,0.0
36668,0.0,0.0,0.0
36669,0.0,0.0,0.0
36670,0.0,0.0,0.0
36671,0.0,0.0,0.0
36672,0.0,0.0,0.0
36673,0.0,0.0,0.0
36674,0.0,0.0,0.0
36675,0.0,0.0,0.0
36676,0.0,0.0,0.0
36677,0.0,0.0,0.0
36678,0.0,0.0,0.0
36679,0.0,0.0,0.0
36680,0.0,0.0,0.0
36681,0.0,0.0,0.0
36682,0.0,0.0,0.0
36683,0.0,0.0,0.0
36684,0.0,0.0,0.0
36685,0.0,0.0,0.0
36686,0.0,0.0,0.0
36687,0.0,0.0,0.0
36688,0.0,0.0,0.0
36689,0.0,0.0,0.0
36690,0.0,0.0,0.0
36691,0.0,0.0,0.0
36692,0.0,0.0,0.0
36693,0.0,0.0,0.0
36694,0.0,0.0,0.0
36695,0.0,0.0,0.0
36696,0.0,0.0,0.0
36697,0.0,0.0,0.0
36698,0.0,0.0,0.0
36699,0.0,0.0,0.0
36700,0.0,0.0,0.0
36701,0.0,0.0,0.0
36702,0.0,0.0,0.0
36703,0.0,0.0,0.0
36704,0.0,0.0,0.0
36705,0.0,0.0,0.0
36706,0.0,0.0,0.0
36707,0.0,0.0,0.0
36708,0.0,0.0,0.0
36709,0.0,0.0,0.0
36710,0.0,0.0,0.0
36711,0.0,0.0,0.0
36712,0.0,0.0,0.0
36713,0.0,0.0,0.0
36714,0.0,0.0,0.0
36715,0.0,0.0,0.0
36716,0.0,0.0,0.0
36717,0.0,0.0,0.0
36718,0.0,0.0,0.0
36719,0.0,0.0,0.0
36720,0.0,0.0,0.0
36721,0.0,0.0,0.0
36722,0.0,0.0,0.0
36723,0.0,0.0,0.0
36724,0.0,0.0,0.0
36725,0.0,0.0,0.0
36726,0.0,0.0,0.0
36727,0.0,0.0,0.0
36728,0.0,0.0,0.0
36729,0.0,0.0,0.0
36730,0.0,0.0,0.0
36731,0.0,0.0,0.0
36732,0.0,0.0,0.0
36733,0.0,0.0,0.0
36734,0.0,0.0,0.0
36735,0.0,0.0,0.0
36736,0.0,0.0,0.0
36737,0.0,0.0,0.0
36738,0.0,0.0,0.0
36739,0.0,0.0,0.0
36740,0.0,0.0,0.0
36741,0.0,0.0,0.0
36742,0.0,0.0,0.0
36743,0.0,0.0,0.0
36744,0.0,0.0,0.0
36745,0.0,0.0,0.0
36746,0.0,0.0,0.0
36747,0.0,0.0,0.0
36748,0.0,0.0,0.0
36749,0.0,0.0,0.0
36750,0.0,0.0,0.0
36751,0.0,0.0,0.0
36752,0.0,0.0,0.0
36753,0.0,0.0,0.0
36754,0.0,0.0,0.0
36755,0.0,0.0,0.0
36756,0.0,0.0,0.0
36757,0.0,0.0,0.0
36758,0.0,0.0,0.0
36759,0.0,0.0,0.0
36760,0.0,0.0,0.0
36761,0.0,0.0,0.0
36762,0.0,0.0,0.0
36763,0.0,0.0,0.0
36764,0.0,0.0,0.0
36765,0.0,0.0,0.0
36766,0.0,0.0,0.0
36767,0.0,0.0,0.0
36768,0.0,0.0,0.0
36769,0.0,0.0,0.0
36770,0.0,0.0,0.0
36771,0.0,0.0,0.0
36772,0.0,0.0,0.0
36773,0.0,0.0,0.0
36774,0.0,0.0,0.0
36775,0.0,0.0,0.0
36776,0.0,0.0,0.0
36777,0.0,0.0,0.0
36778,0.0,0.0,0.0
36779,0.0,0.0,0.0
36780,0.0,0.0,0.0
36781,0.0,0.0,0.0
36782,0.0,0.0,0.0
36783,0.0,0.0,0.0
36784,0.0,0.0,0.0
36785,0.0,0.0,0.0
36786,0.0,0.0,0.0
36787,0.0,0.0,0.0
36788,0.0,0.0,0.0
36789,0.0,0.0,0.0
36790,0.0,0.0,0.0
36791,0.0,0.0,0.0
36792,0.0,0.0,0.0
36793,0.0,0.0,0.0
36794,0.0,0.0,0.0
36795,0.0,0.0,0.0
36796,0.0,0.0,0.0
36797,0.0,0.0,0.0
36798,0.0,0.0,0.0
36799,0.0,0.0,0.0
36800,0.0,0.0,0.0
36801,0.0,0.0,0.0
36802,0.0,0.0,0.0
36803,0.0,0.0,0.0
36804,0.0,0.0,0.0
36805,0.0,0.0,0.0
36806,0.0,0.0,0.0
36807,0.0,0.0,0.0
36808,0.0,0.0,0.0
36809,0.0,0.0,0.0
36810,0.0,0.0,0.0
36811,0.0,0.0,0.0
36812,0.0,0.0,0.0
36813,0.0,0.0,0.0
36814,0.0,0.0,0.0
36815,0.0,0.0,0.0
36816,0.0,0.0,0.0
36817,0.0,0.0,0.0
36818,0.0,0.0,0.0
36819,0.0,0.0,0.0
36820,0.0,0.0,0.0
36821,0.0,0.0,0.0
36822,0.0,0.0,0.0
36823,0.0,0.0,0.0
36824,0.0,0.0,0.0
36825,0.0,0.0,0.0
36826,0.0,0.0,0.0
36827,0.0,0.0,0.0
36828,0.0,0.0,0.0
36829,0.0,0.0,0.0
36830,0.0,0.0,0.0
36831,0.0,0.0,0.0
36832,0.0,0.0,0.0
36833,0.0,0.0,0.0
36834,0.0,0.0,0.0
36835,0.0,0.0,0.0
36836,0.0,0.0,0.0
36837,0.0,0.0,0.0
36838,0.0,0.0,0.0
36839,0.0,0.0,0.0
36840,0.0,0.0,0.0
36841,0.0,0.0,0.0
36842,0.0,0.0,0.0
36843,0.0,0.0,0.0
36844,0.0,0.0,0.0
36845,0.0,0.0,0.0
36846,0.0,0.0,0.0
36847,0.0,0.0,0.0
36848,0.0,0.0,0.0
36849,0.0,0.0,0.0
36850,0.0,0.0,0.0
36851,0.0,0.0,0.0
36852,0.0,0.0,0.0
36853,0.0,0.0,0.0
36854,0.0,0.0,0.0
36855,0.0,0.0,0.0
36856,0.0,0.0,0.0
36857,0.0,0.0,0.0
36858,0.0,0.0,0.0
36859,0.0,0.0,0.0
36860,0.0,0.0,0.0
36861,0.0,0.0,0.0
36862,0.0,0.0,0.0
36863,0.0,0.0,0.0
36864,0.0,0.0,0.0
36865,0.0,0.0,0.0
36866,0.0,0.0,0.0
36867,0.0,0.0,0.0
36868,0.0,0.0,0.0
36869,0.0,0.0,0.0
36870,0.0,0.0,0.0
36871,0.0,0.0,0.0
36872,0.0,0.0,0.0
36873,0.0,0.0,0.0
36874,0.0,0.0,0.0
36875,0.0,0.0,0.0
36876,0.0,0.0,0.0
36877,0.0,0.0,0.0
36878,0.0,0.0,0.0
36879,0.0,0.0,0.0
36880,0.0,0.0,0.0
36881,0.0,0.0,0.0
36882,0.0,0.0,0.0
36883,0.0,0.0,0.0
36884,0.0,0.0,0.0
36885,0.0,0.0,0.0
36886,0.0,0.0,0.0
36887,0.0,0.0,0.0
36888,0.0,0.0,0.0
36889,0.0,0.0,0.0
36890,0.0,0.0,0.0
36891,0.0,0.0,0.0
36892,0.0,0.0,0.0
36893,0.0,0.0,0.0
36894,0.0,0.0,0.0
36895,0.0,0.0,0.0
36896,0.0,0.0,0.0
36897,0.0,0.0,0.0
36898,0.0,0.0,0.0
36899,0.0,0.0,0.0
36900,0.0,0.0,0.0
36901,0.0,0.0,0.0
36902,0.0,0.0,0.0
36903,0.0,0.0,0.0
36904,0.0,0.0,0.0
36905,0.0,0.0,0.0
36906,0.0,0.0,0.0
36907,0.0,0.0,0.0
36908,0.0,0.0,0.0
36909,0.0,0.0,0.0
36910,0.0,0.0,0.0
36911,0.0,0.0,0.0
36912,0.0,0.0,0.0
36913,0.0,0.0,0.0
36914,0.0,0.0,0.0
36915,0.0,0.0,0.0
36916,0.0,0.0,0.0
36917,0.0,0.0,0.0
36918,0.0,0.0,0.0
36919,0.0,0.0,0.0
36920,0.0,0.0,0.0
36921,0.0,0.0,0.0
36922,0.0,0.0,0.0
36923,0.0,0.0,0.0
36924,0.0,0.0,0.0
36925,0.0,0.0,0.0
36926,0.0,0.0,0.0
36927,0.0,0.0,0.0
36928,0.0,0.0,0.0
36929,0.0,0.0,0.0
36930,0.0,0.0,0.0
36931,0.0,0.0,0.0
36932,0.0,0.0,0.0
36933,0.0,0.0,0.0
36934,0.0,0.0,0.0
36935,0.0,0.0,0.0
36936,0.0,0.0,0.0
36937,0.0,0.0,0.0
36938,0.0,0.0,0.0
36939,0.0,0.0,0.0
36940,0.0,0.0,0.0
36941,0.0,0.0,0.0
36942,0.0,0.0,0.0
36943,0.0,0.0,0.0
36944,0.0,0.0,0.0
36945,0.0,0.0,0.0
36946,0.0,0.0,0.0
36947,0.0,0.0,0.0
36948,0.0,0.0,0.0
36949,0.0,0.0,0.0
36950,0.0,0.0,0.0
36951,0.0,0.0,0.0
36952,0.0,0.0,0.0
36953,0.0,0.0,0.0
36954,0.0,0.0,0.0
36955,0.0,0.0,0.0
36956,0.0,0.0,0.0
36957,0.0,0.0,0.0
36958,0.0,0.0,0.0
36959,0.0,0.0,0.0
36960,0.0,0.0,0.0
36961,0.0,0.0,0.0
36962,0.0,0.0,0.0
36963,0.0,0.0,0.0
36964,0.0,0.0,0.0
36965,0.0,0.0,0.0
36966,0.0,0.0,0.0
36967,0.0,0.0,0.0
36968,0.0,0.0,0.0
36969,0.0,0.0,0.0
36970,0.0,0.0,0.0
36971,0.0,0.0,0.0
36972,0.0,0.0,0.0
36973,0.0,0.0,0.0
36974,0.0,0.0,0.0
36975,0.0,0.0,0.0
36976,0.0,0.0,0.0
36977,0.0,0.0,0.0
36978,0.0,0.0,0.0
36979,0.0,0.0,0.0
36980,0.0,0.0,0.0
36981,0.0,0.0,0.0
36982,0.0,0.0,0.0
36983,0.0,0.0,0.0
36984,0.0,0.0,0.0
36985,0.0,0.0,0.0
36986,0.0,0.0,0.0
36987,0.0,0.0,0.0
36988,0.0,0.0,0.0
36989,0.0,0.0,0.0
36990,0.0,0.0,0.0
36991,0.0,0.0,0.0
36992,0.0,0.0,0.0
36993,0.0,0.0,0.0
36994,0.0,0.0,0.0
36995,0.0,0.0,0.0
36996,0.0,0.0,0.0
36997,0.0,0.0,0.0
36998,0.0,0.0,0.0
36999,0.0,0.0,0.0
37000,0.0,0.0,0.0
37001,0.0,0.0,0.0
37002,0.0,0.0,0.0
37003,0.0,0.0,0.0
37004,0.0,0.0,0.0
37005,0.0,0.0,0.0
37006,0.0,0.0,0.0
37007,0.0,0.0,0.0
37008,0.0,0.0,0.0
37009,0.0,0.0,0.0
37010,0.0,0.0,0.0
37011,0.0,0.0,0.0
37012,0.0,0.0,0.0
37013,0.0,0.0,0.0
37014,0.0,0.0,0.0
37015,0.0,0.0,0.0
37016,0.0,0.0,0.0
37017,0.0,0.0,0.0
37018,0.0,0.0,0.0
37019,0.0,0.0,0.0
37020,0.0,0.0,0.0
37021,0.0,0.0,0.0
37022,0.0,0.0,0.0
37023,0.0,0.0,0.0
37024,0.0,0.0,0.0
37025,0.0,0.0,0.0
37026,0.0,0.0,0.0
37027,0.0,0.0,0.0
37028,0.0,0.0,0.0
37029,0.0,0.0,0.0
37030,0.0,0.0,0.0
37031,0.0,0.0,0.0
37032,0.0,0.0,0.0
37033,0.0,0.0,0.0
37034,0.0,0.0,0.0
37035,0.0,0.0,0.0
37036,0.0,0.0,0.0
37037,0.0,0.0,0.0
37038,0.0,0.0,0.0
37039,0.0,0.0,0.0
37040,0.0,0.0,0.0
37041,0.0,0.0,0.0
37042,0.0,0.0,0.0
37043,0.0,0.0,0.0
37044,0.0,0.0,0.0
37045,0.0,0.0,0.0
37046,0.0,0.0,0.0
37047,0.0,0.0,0.0
37048,0.0,0.0,0.0
37049,0.0,0.0,0.0
37050,0.0,0.0,0.0
37051,0.0,0.0,0.0
37052,0.0,0.0,0.0
37053,0.0,0.0,0.0
37054,0.0,0.0,0.0
37055,0.0,0.0,0.0
37056,0.0,0.0,0.0
37057,0.0,0.0,0.0
37058,0.0,0.0,0.0
37059,0.0,0.0,0.0
37060,0.0,0.0,0.0
37061,0.0,0.0,0.0
37062,0.0,0.0,0.0
37063,0.0,0.0,0.0
37064,0.0,0.0,0.0
37065,0.0,0.0,0.0
37066,0.0,0.0,0.0
37067,0.0,0.0,0.0
37068,0.0,0.0,0.0
37069,0.0,0.0,0.0
37070,0.0,0.0,0.0
37071,0.0,0.0,0.0
37072,0.0,0.0,0.0
37073,0.0,0.0,0.0
37074,0.0,0.0,0.0
37075,0.0,0.0,0.0
37076,0.0,0.0,0.0
37077,0.0,0.0,0.0
37078,0.0,0.0,0.0
37079,0.0,0.0,0.0
37080,0.0,0.0,0.0
37081,0.0,0.0,0.0
37082,0.0,0.0,0.0
37083,0.0,0.0,0.0
37084,0.0,0.0,0.0
37085,0.0,0.0,0.0
37086,0.0,0.0,0.0
37087,0.0,0.0,0.0
37088,0.0,0.0,0.0
37089,0.0,0.0,0.0
37090,0.0,0.0,0.0
37091,0.0,0.0,0.0
37092,0.0,0.0,0.0
37093,0.0,0.0,0.0
37094,0.0,0.0,0.0
37095,0.0,0.0,0.0
37096,0.0,0.0,0.0
37097,0.0,0.0,0.0
37098,0.0,0.0,0.0
37099,0.0,0.0,0.0
37100,0.0,0.0,0.0
37101,0.0,0.0,0.0
37102,0.0,0.0,0.0
37103,0.0,0.0,0.0
37104,0.0,0.0,0.0
37105,0.0,0.0,0.0
37106,0.0,0.0,0.0
37107,0.0,0.0,0.0
37108,0.0,0.0,0.0
37109,0.0,0.0,0.0
37110,0.0,0.0,0.0
37111,0.0,0.0,0.0
37112,0.0,0.0,0.0
37113,0.0,0.0,0.0
37114,0.0,0.0,0.0
37115,0.0,0.0,0.0
37116,0.0,0.0,0.0
37117,0.0,0.0,0.0
37118,0.0,0.0,0.0
37119,0.0,0.0,0.0
37120,0.0,0.0,0.0
37121,0.0,0.0,0.0
37122,0.0,0.0,0.0
37123,0.0,0.0,0.0
37124,0.0,0.0,0.0
37125,0.0,0.0,0.0
37126,0.0,0.0,0.0
37127,0.0,0.0,0.0
37128,0.0,0.0,0.0
37129,0.0,0.0,0.0
37130,0.0,0.0,0.0
37131,0.0,0.0,0.0
37132,0.0,0.0,0.0
37133,0.0,0.0,0.0
37134,0.0,0.0,0.0
37135,0.0,0.0,0.0
37136,0.0,0.0,0.0
37137,0.0,0.0,0.0
37138,0.0,0.0,0.0
37139,0.0,0.0,0.0
37140,0.0,0.0,0.0
37141,0.0,0.0,0.0
37142,0.0,0.0,0.0
37143,0.0,0.0,0.0
37144,0.0,0.0,0.0
37145,0.0,0.0,0.0
37146,0.0,0.0,0.0
37147,0.0,0.0,0.0
37148,0.0,0.0,0.0
37149,0.0,0.0,0.0
37150,0.0,0.0,0.0
37151,0.0,0.0,0.0
37152,0.0,0.0,0.0
37153,0.0,0.0,0.0
37154,0.0,0.0,0.0
37155,0.0,0.0,0.0
37156,0.0,0.0,0.0
37157,0.0,0.0,0.0
37158,0.0,0.0,0.0
37159,0.0,0.0,0.0
37160,0.0,0.0,0.0
37161,0.0,0.0,0.0
37162,0.0,0.0,0.0
37163,0.0,0.0,0.0
37164,0.0,0.0,0.0
37165,0.0,0.0,0.0
37166,0.0,0.0,0.0
37167,0.0,0.0,0.0
37168,0.0,0.0,0.0
37169,0.0,0.0,0.0
37170,0.0,0.0,0.0
37171,0.0,0.0,0.0
37172,0.0,0.0,0.0
37173,0.0,0.0,0.0
37174,0.0,0.0,0.0
37175,0.0,0.0,0.0
37176,0.0,0.0,0.0
37177,0.0,0.0,0.0
37178,0.0,0.0,0.0
37179,0.0,0.0,0.0
37180,0.0,0.0,0.0
37181,0.0,0.0,0.0
37182,0.0,0.0,0.0
37183,0.0,0.0,0.0
37184,0.0,0.0,0.0
37185,0.0,0.0,0.0
37186,0.0,0.0,0.0
37187,0.0,0.0,0.0
37188,0.0,0.0,0.0
37189,0.0,0.0,0.0
37190,0.0,0.0,0.0
37191,0.0,0.0,0.0
37192,0.0,0.0,0.0
37193,0.0,0.0,0.0
37194,0.0,0.0,0.0
37195,0.0,0.0,0.0
37196,0.0,0.0,0.0
37197,0.0,0.0,0.0
37198,0.0,0.0,0.0
37199,0.0,0.0,0.0
37200,0.0,0.0,0.0
37201,0.0,0.0,0.0
37202,0.0,0.0,0.0
37203,0.0,0.0,0.0
37204,0.0,0.0,0.0
37205,0.0,0.0,0.0
37206,0.0,0.0,0.0
37207,0.0,0.0,0.0
37208,0.0,0.0,0.0
37209,0.0,0.0,0.0
37210,0.0,0.0,0.0
37211,0.0,0.0,0.0
37212,0.0,0.0,0.0
37213,0.0,0.0,0.0
37214,0.0,0.0,0.0
37215,0.0,0.0,0.0
37216,0.0,0.0,0.0
37217,0.0,0.0,0.0
37218,0.0,0.0,0.0
37219,0.0,0.0,0.0
37220,0.0,0.0,0.0
37221,0.0,0.0,0.0
37222,0.0,0.0,0.0
37223,0.0,0.0,0.0
37224,0.0,0.0,0.0
37225,0.0,0.0,0.0
37226,0.0,0.0,0.0
37227,0.0,0.0,0.0
37228,0.0,0.0,0.0
37229,0.0,0.0,0.0
37230,0.0,0.0,0.0
37231,0.0,0.0,0.0
37232,0.0,0.0,0.0
37233,0.0,0.0,0.0
37234,0.0,0.0,0.0
37235,0.0,0.0,0.0
37236,0.0,0.0,0.0
37237,0.0,0.0,0.0
37238,0.0,0.0,0.0
37239,0.0,0.0,0.0
37240,0.0,0.0,0.0
37241,0.0,0.0,0.0
37242,0.0,0.0,0.0
37243,0.0,0.0,0.0
37244,0.0,0.0,0.0
37245,0.0,0.0,0.0
37246,0.0,0.0,0.0
37247,0.0,0.0,0.0
37248,0.0,0.0,0.0
37249,0.0,0.0,0.0
37250,0.0,0.0,0.0
37251,0.0,0.0,0.0
37252,0.0,0.0,0.0
37253,0.0,0.0,0.0
37254,0.0,0.0,0.0
37255,0.0,0.0,0.0
37256,0.0,0.0,0.0
37257,0.0,0.0,0.0
37258,0.0,0.0,0.0
37259,0.0,0.0,0.0
37260,0.0,0.0,0.0
37261,0.0,0.0,0.0
37262,0.0,0.0,0.0
37263,0.0,0.0,0.0
37264,0.0,0.0,0.0
37265,0.0,0.0,0.0
37266,0.0,0.0,0.0
37267,0.0,0.0,0.0
37268,0.0,0.0,0.0
37269,0.0,0.0,0.0
37270,0.0,0.0,0.0
37271,0.0,0.0,0.0
37272,0.0,0.0,0.0
37273,0.0,0.0,0.0
37274,0.0,0.0,0.0
37275,0.0,0.0,0.0
37276,0.0,0.0,0.0
37277,0.0,0.0,0.0
37278,0.0,0.0,0.0
37279,0.0,0.0,0.0
37280,0.0,0.0,0.0
37281,0.0,0.0,0.0
37282,0.0,0.0,0.0
37283,0.0,0.0,0.0
37284,0.0,0.0,0.0
37285,0.0,0.0,0.0
37286,0.0,0.0,0.0
37287,0.0,0.0,0.0
37288,0.0,0.0,0.0
37289,0.0,0.0,0.0
37290,0.0,0.0,0.0
37291,0.0,0.0,0.0
37292,0.0,0.0,0.0
37293,0.0,0.0,0.0
37294,0.0,0.0,0.0
37295,0.0,0.0,0.0
37296,0.0,0.0,0.0
37297,0.0,0.0,0.0
37298,0.0,0.0,0.0
37299,0.0,0.0,0.0
37300,0.0,0.0,0.0
37301,0.0,0.0,0.0
37302,0.0,0.0,0.0
37303,0.0,0.0,0.0
37304,0.0,0.0,0.0
37305,0.0,0.0,0.0
37306,0.0,0.0,0.0
37307,0.0,0.0,0.0
37308,0.0,0.0,0.0
37309,0.0,0.0,0.0
37310,0.0,0.0,0.0
37311,0.0,0.0,0.0
37312,0.0,0.0,0.0
37313,0.0,0.0,0.0
37314,0.0,0.0,0.0
37315,0.0,0.0,0.0
37316,0.0,0.0,0.0
37317,0.0,0.0,0.0
37318,0.0,0.0,0.0
37319,0.0,0.0,0.0
37320,0.0,0.0,0.0
37321,0.0,0.0,0.0
37322,0.0,0.0,0.0
37323,0.0,0.0,0.0
37324,0.0,0.0,0.0
37325,0.0,0.0,0.0
37326,0.0,0.0,0.0
37327,0.0,0.0,0.0
37328,0.0,0.0,0.0
37329,0.0,0.0,0.0
37330,0.0,0.0,0.0
37331,0.0,0.0,0.0
37332,0.0,0.0,0.0
37333,0.0,0.0,0.0
37334,0.0,0.0,0.0
37335,0.0,0.0,0.0
37336,0.0,0.0,0.0
37337,0.0,0.0,0.0
37338,0.0,0.0,0.0
37339,0.0,0.0,0.0
37340,0.0,0.0,0.0
37341,0.0,0.0,0.0
37342,0.0,0.0,0.0
37343,0.0,0.0,0.0
37344,0.0,0.0,0.0
37345,0.0,0.0,0.0
37346,0.0,0.0,0.0
37347,0.0,0.0,0.0
37348,0.0,0.0,0.0
37349,0.0,0.0,0.0
37350,0.0,0.0,0.0
37351,0.0,0.0,0.0
37352,0.0,0.0,0.0
37353,0.0,0.0,0.0
37354,0.0,0.0,0.0
37355,0.0,0.0,0.0
37356,0.0,0.0,0.0
37357,0.0,0.0,0.0
37358,0.0,0.0,0.0
37359,0.0,0.0,0.0
37360,0.0,0.0,0.0
37361,0.0,0.0,0.0
37362,0.0,0.0,0.0
37363,0.0,0.0,0.0
37364,0.0,0.0,0.0
37365,0.0,0.0,0.0
37366,0.0,0.0,0.0
37367,0.0,0.0,0.0
37368,0.0,0.0,0.0
37369,0.0,0.0,0.0
37370,0.0,0.0,0.0
37371,0.0,0.0,0.0
37372,0.0,0.0,0.0
37373,0.0,0.0,0.0
37374,0.0,0.0,0.0
37375,0.0,0.0,0.0
37376,0.0,0.0,0.0
37377,0.0,0.0,0.0
37378,0.0,0.0,0.0
37379,0.0,0.0,0.0
37380,0.0,0.0,0.0
37381,0.0,0.0,0.0
37382,0.0,0.0,0.0
37383,0.0,0.0,0.0
37384,0.0,0.0,0.0
37385,0.0,0.0,0.0
37386,0.0,0.0,0.0
37387,0.0,0.0,0.0
37388,0.0,0.0,0.0
37389,0.0,0.0,0.0
37390,0.0,0.0,0.0
37391,0.0,0.0,0.0
37392,0.0,0.0,0.0
37393,0.0,0.0,0.0
37394,0.0,0.0,0.0
37395,0.0,0.0,0.0
37396,0.0,0.0,0.0
37397,0.0,0.0,0.0
37398,0.0,0.0,0.0
37399,0.0,0.0,0.0
37400,0.0,0.0,0.0
37401,0.0,0.0,0.0
37402,0.0,0.0,0.0
37403,0.0,0.0,0.0
37404,0.0,0.0,0.0
37405,0.0,0.0,0.0
37406,0.0,0.0,0.0
37407,0.0,0.0,0.0
37408,0.0,0.0,0.0
37409,0.0,0.0,0.0
37410,0.0,0.0,0.0
37411,0.0,0.0,0.0
37412,0.0,0.0,0.0
37413,0.0,0.0,0.0
37414,0.0,0.0,0.0
37415,0.0,0.0,0.0
37416,0.0,0.0,0.0
37417,0.0,0.0,0.0
37418,0.0,0.0,0.0
37419,0.0,0.0,0.0
37420,0.0,0.0,0.0
37421,0.0,0.0,0.0
37422,0.0,0.0,0.0
37423,0.0,0.0,0.0
37424,0.0,0.0,0.0
37425,0.0,0.0,0.0
37426,0.0,0.0,0.0
37427,0.0,0.0,0.0
37428,0.0,0.0,0.0
37429,0.0,0.0,0.0
37430,0.0,0.0,0.0
37431,0.0,0.0,0.0
37432,0.0,0.0,0.0
37433,0.0,0.0,0.0
37434,0.0,0.0,0.0
37435,0.0,0.0,0.0
37436,0.0,0.0,0.0
37437,0.0,0.0,0.0
37438,0.0,0.0,0.0
37439,0.0,0.0,0.0
37440,0.0,0.0,0.0
37441,0.0,0.0,0.0
37442,0.0,0.0,0.0
37443,0.0,0.0,0.0
37444,0.0,0.0,0.0
37445,0.0,0.0,0.0
37446,0.0,0.0,0.0
37447,0.0,0.0,0.0
37448,0.0,0.0,0.0
37449,0.0,0.0,0.0
37450,0.0,0.0,0.0
37451,0.0,0.0,0.0
37452,0.0,0.0,0.0
37453,0.0,0.0,0.0
37454,0.0,0.0,0.0
37455,0.0,0.0,0.0
37456,0.0,0.0,0.0
37457,0.0,0.0,0.0
37458,0.0,0.0,0.0
37459,0.0,0.0,0.0
37460,0.0,0.0,0.0
37461,0.0,0.0,0.0
37462,0.0,0.0,0.0
37463,0.0,0.0,0.0
37464,0.0,0.0,0.0
37465,0.0,0.0,0.0
37466,0.0,0.0,0.0
37467,0.0,0.0,0.0
37468,0.0,0.0,0.0
37469,0.0,0.0,0.0
37470,0.0,0.0,0.0
37471,0.0,0.0,0.0
37472,0.0,0.0,0.0
37473,0.0,0.0,0.0
37474,0.0,0.0,0.0
37475,0.0,0.0,0.0
37476,0.0,0.0,0.0
37477,0.0,0.0,0.0
37478,0.0,0.0,0.0
37479,0.0,0.0,0.0
37480,0.0,0.0,0.0
37481,0.0,0.0,0.0
37482,0.0,0.0,0.0
37483,0.0,0.0,0.0
37484,0.0,0.0,0.0
37485,0.0,0.0,0.0
37486,0.0,0.0,0.0
37487,0.0,0.0,0.0
37488,0.0,0.0,0.0
37489,0.0,0.0,0.0
37490,0.0,0.0,0.0
37491,0.0,0.0,0.0
37492,0.0,0.0,0.0
37493,0.0,0.0,0.0
37494,0.0,0.0,0.0
37495,0.0,0.0,0.0
37496,0.0,0.0,0.0
37497,0.0,0.0,0.0
37498,0.0,0.0,0.0
37499,0.0,0.0,0.0
37500,0.0,0.0,0.0
37501,0.0,0.0,0.0
37502,0.0,0.0,0.0
37503,0.0,0.0,0.0
37504,0.0,0.0,0.0
37505,0.0,0.0,0.0
37506,0.0,0.0,0.0
37507,0.0,0.0,0.0
37508,0.0,0.0,0.0
37509,0.0,0.0,0.0
37510,0.0,0.0,0.0
37511,0.0,0.0,0.0
37512,0.0,0.0,0.0
37513,0.0,0.0,0.0
37514,0.0,0.0,0.0
37515,0.0,0.0,0.0
37516,0.0,0.0,0.0
37517,0.0,0.0,0.0
37518,0.0,0.0,0.0
37519,0.0,0.0,0.0
37520,0.0,0.0,0.0
37521,0.0,0.0,0.0
37522,0.0,0.0,0.0
37523,0.0,0.0,0.0
37524,0.0,0.0,0.0
37525,0.0,0.0,0.0
37526,0.0,0.0,0.0
37527,0.0,0.0,0.0
37528,0.0,0.0,0.0
37529,0.0,0.0,0.0
37530,0.0,0.0,0.0
37531,0.0,0.0,0.0
37532,0.0,0.0,0.0
37533,0.0,0.0,0.0
37534,0.0,0.0,0.0
37535,0.0,0.0,0.0
37536,0.0,0.0,0.0
37537,0.0,0.0,0.0
37538,0.0,0.0,0.0
37539,0.0,0.0,0.0
37540,0.0,0.0,0.0
37541,0.0,0.0,0.0
37542,0.0,0.0,0.0
37543,0.0,0.0,0.0
37544,0.0,0.0,0.0
37545,0.0,0.0,0.0
37546,0.0,0.0,0.0
37547,0.0,0.0,0.0
37548,0.0,0.0,0.0
37549,0.0,0.0,0.0
37550,0.0,0.0,0.0
37551,0.0,0.0,0.0
37552,0.0,0.0,0.0
37553,0.0,0.0,0.0
37554,0.0,0.0,0.0
37555,0.0,0.0,0.0
37556,0.0,0.0,0.0
37557,0.0,0.0,0.0
37558,0.0,0.0,0.0
37559,0.0,0.0,0.0
37560,0.0,0.0,0.0
37561,0.0,0.0,0.0
37562,0.0,0.0,0.0
37563,0.0,0.0,0.0
37564,0.0,0.0,0.0
37565,0.0,0.0,0.0
37566,0.0,0.0,0.0
37567,0.0,0.0,0.0
37568,0.0,0.0,0.0
37569,0.0,0.0,0.0
37570,0.0,0.0,0.0
37571,0.0,0.0,0.0
37572,0.0,0.0,0.0
37573,0.0,0.0,0.0
37574,0.0,0.0,0.0
37575,0.0,0.0,0.0
37576,0.0,0.0,0.0
37577,0.0,0.0,0.0
37578,0.0,0.0,0.0
37579,0.0,0.0,0.0
37580,0.0,0.0,0.0
37581,0.0,0.0,0.0
37582,0.0,0.0,0.0
37583,0.0,0.0,0.0
37584,0.0,0.0,0.0
37585,0.0,0.0,0.0
37586,0.0,0.0,0.0
37587,0.0,0.0,0.0
37588,0.0,0.0,0.0
37589,0.0,0.0,0.0
37590,0.0,0.0,0.0
37591,0.0,0.0,0.0
37592,0.0,0.0,0.0
37593,0.0,0.0,0.0
37594,0.0,0.0,0.0
37595,0.0,0.0,0.0
37596,0.0,0.0,0.0
37597,0.0,0.0,0.0
37598,0.0,0.0,0.0
37599,0.0,0.0,0.0
37600,0.0,0.0,0.0
37601,0.0,0.0,0.0
37602,0.0,0.0,0.0
37603,0.0,0.0,0.0
37604,0.0,0.0,0.0
37605,0.0,0.0,0.0
37606,0.0,0.0,0.0
37607,0.0,0.0,0.0
37608,0.0,0.0,0.0
37609,0.0,0.0,0.0
37610,0.0,0.0,0.0
37611,0.0,0.0,0.0
37612,0.0,0.0,0.0
37613,0.0,0.0,0.0
37614,0.0,0.0,0.0
37615,0.0,0.0,0.0
37616,0.0,0.0,0.0
37617,0.0,0.0,0.0
37618,0.0,0.0,0.0
37619,0.0,0.0,0.0
37620,0.0,0.0,0.0
37621,0.0,0.0,0.0
37622,0.0,0.0,0.0
37623,0.0,0.0,0.0
37624,0.0,0.0,0.0
37625,0.0,0.0,0.0
37626,0.0,0.0,0.0
37627,0.0,0.0,0.0
37628,0.0,0.0,0.0
37629,0.0,0.0,0.0
37630,0.0,0.0,0.0
37631,0.0,0.0,0.0
37632,0.0,0.0,0.0
37633,0.0,0.0,0.0
37634,0.0,0.0,0.0
37635,0.0,0.0,0.0
37636,0.0,0.0,0.0
37637,0.0,0.0,0.0
37638,0.0,0.0,0.0
37639,0.0,0.0,0.0
37640,0.0,0.0,0.0
37641,0.0,0.0,0.0
37642,0.0,0.0,0.0
37643,0.0,0.0,0.0
37644,0.0,0.0,0.0
37645,0.0,0.0,0.0
37646,0.0,0.0,0.0
37647,0.0,0.0,0.0
37648,0.0,0.0,0.0
37649,0.0,0.0,0.0
37650,0.0,0.0,0.0
37651,0.0,0.0,0.0
37652,0.0,0.0,0.0
37653,0.0,0.0,0.0
37654,0.0,0.0,0.0
37655,0.0,0.0,0.0
37656,0.0,0.0,0.0
37657,0.0,0.0,0.0
37658,0.0,0.0,0.0
37659,0.0,0.0,0.0
37660,0.0,0.0,0.0
37661,0.0,0.0,0.0
37662,0.0,0.0,0.0
37663,0.0,0.0,0.0
37664,0.0,0.0,0.0
37665,0.0,0.0,0.0
37666,0.0,0.0,0.0
37667,0.0,0.0,0.0
37668,0.0,0.0,0.0
37669,0.0,0.0,0.0
37670,0.0,0.0,0.0
37671,0.0,0.0,0.0
37672,0.0,0.0,0.0
37673,0.0,0.0,0.0
37674,0.0,0.0,0.0
37675,0.0,0.0,0.0
37676,0.0,0.0,0.0
37677,0.0,0.0,0.0
37678,0.0,0.0,0.0
37679,0.0,0.0,0.0
37680,0.0,0.0,0.0
37681,0.0,0.0,0.0
37682,0.0,0.0,0.0
37683,0.0,0.0,0.0
37684,0.0,0.0,0.0
37685,0.0,0.0,0.0
37686,0.0,0.0,0.0
37687,0.0,0.0,0.0
37688,0.0,0.0,0.0
37689,0.0,0.0,0.0
37690,0.0,0.0,0.0
37691,0.0,0.0,0.0
37692,0.0,0.0,0.0
37693,0.0,0.0,0.0
37694,0.0,0.0,0.0
37695,0.0,0.0,0.0
37696,0.0,0.0,0.0
37697,0.0,0.0,0.0
37698,0.0,0.0,0.0
37699,0.0,0.0,0.0
37700,0.0,0.0,0.0
37701,0.0,0.0,0.0
37702,0.0,0.0,0.0
37703,0.0,0.0,0.0
37704,0.0,0.0,0.0
37705,0.0,0.0,0.0
37706,0.0,0.0,0.0
37707,0.0,0.0,0.0
37708,0.0,0.0,0.0
37709,0.0,0.0,0.0
37710,0.0,0.0,0.0
37711,0.0,0.0,0.0
37712,0.0,0.0,0.0
37713,0.0,0.0,0.0
37714,0.0,0.0,0.0
37715,0.0,0.0,0.0
37716,0.0,0.0,0.0
37717,0.0,0.0,0.0
37718,0.0,0.0,0.0
37719,0.0,0.0,0.0
37720,0.0,0.0,0.0
37721,0.0,0.0,0.0
37722,0.0,0.0,0.0
37723,0.0,0.0,0.0
37724,0.0,0.0,0.0
37725,0.0,0.0,0.0
37726,0.0,0.0,0.0
37727,0.0,0.0,0.0
37728,0.0,0.0,0.0
37729,0.0,0.0,0.0
37730,0.0,0.0,0.0
37731,0.0,0.0,0.0
37732,0.0,0.0,0.0
37733,0.0,0.0,0.0
37734,0.0,0.0,0.0
37735,0.0,0.0,0.0
37736,0.0,0.0,0.0
37737,0.0,0.0,0.0
37738,0.0,0.0,0.0
37739,0.0,0.0,0.0
37740,0.0,0.0,0.0
37741,0.0,0.0,0.0
37742,0.0,0.0,0.0
37743,0.0,0.0,0.0
37744,0.0,0.0,0.0
37745,0.0,0.0,0.0
37746,0.0,0.0,0.0
37747,0.0,0.0,0.0
37748,0.0,0.0,0.0
37749,0.0,0.0,0.0
37750,0.0,0.0,0.0
37751,0.0,0.0,0.0
37752,0.0,0.0,0.0
37753,0.0,0.0,0.0
37754,0.0,0.0,0.0
37755,0.0,0.0,0.0
37756,0.0,0.0,0.0
37757,0.0,0.0,0.0
37758,0.0,0.0,0.0
37759,0.0,0.0,0.0
37760,0.0,0.0,0.0
37761,0.0,0.0,0.0
37762,0.0,0.0,0.0
37763,0.0,0.0,0.0
37764,0.0,0.0,0.0
37765,0.0,0.0,0.0
37766,0.0,0.0,0.0
37767,0.0,0.0,0.0
37768,0.0,0.0,0.0
37769,0.0,0.0,0.0
37770,0.0,0.0,0.0
37771,0.0,0.0,0.0
37772,0.0,0.0,0.0
37773,0.0,0.0,0.0
37774,0.0,0.0,0.0
37775,0.0,0.0,0.0
37776,0.0,0.0,0.0
37777,0.0,0.0,0.0
37778,0.0,0.0,0.0
37779,0.0,0.0,0.0
37780,0.0,0.0,0.0
37781,0.0,0.0,0.0
37782,0.0,0.0,0.0
37783,0.0,0.0,0.0
37784,0.0,0.0,0.0
37785,0.0,0.0,0.0
37786,0.0,0.0,0.0
37787,0.0,0.0,0.0
37788,0.0,0.0,0.0
37789,0.0,0.0,0.0
37790,0.0,0.0,0.0
37791,0.0,0.0,0.0
37792,0.0,0.0,0.0
37793,0.0,0.0,0.0
37794,0.0,0.0,0.0
37795,0.0,0.0,0.0
37796,0.0,0.0,0.0
37797,0.0,0.0,0.0
37798,0.0,0.0,0.0
37799,0.0,0.0,0.0
37800,0.0,0.0,0.0
37801,0.0,0.0,0.0
37802,0.0,0.0,0.0
37803,0.0,0.0,0.0
37804,0.0,0.0,0.0
37805,0.0,0.0,0.0
37806,0.0,0.0,0.0
37807,0.0,0.0,0.0
37808,0.0,0.0,0.0
37809,0.0,0.0,0.0
37810,0.0,0.0,0.0
37811,0.0,0.0,0.0
37812,0.0,0.0,0.0
37813,0.0,0.0,0.0
37814,0.0,0.0,0.0
37815,0.0,0.0,0.0
37816,0.0,0.0,0.0
37817,0.0,0.0,0.0
37818,0.0,0.0,0.0
37819,0.0,0.0,0.0
37820,0.0,0.0,0.0
37821,0.0,0.0,0.0
37822,0.0,0.0,0.0
37823,0.0,0.0,0.0
37824,0.0,0.0,0.0
37825,0.0,0.0,0.0
37826,0.0,0.0,0.0
37827,0.0,0.0,0.0
37828,0.0,0.0,0.0
37829,0.0,0.0,0.0
37830,0.0,0.0,0.0
37831,0.0,0.0,0.0
37832,0.0,0.0,0.0
37833,0.0,0.0,0.0
37834,0.0,0.0,0.0
37835,0.0,0.0,0.0
37836,0.0,0.0,0.0
37837,0.0,0.0,0.0
37838,0.0,0.0,0.0
37839,0.0,0.0,0.0
37840,0.0,0.0,0.0
37841,0.0,0.0,0.0
37842,0.0,0.0,0.0
37843,0.0,0.0,0.0
37844,0.0,0.0,0.0
37845,0.0,0.0,0.0
37846,0.0,0.0,0.0
37847,0.0,0.0,0.0
37848,0.0,0.0,0.0
37849,0.0,0.0,0.0
37850,0.0,0.0,0.0
37851,0.0,0.0,0.0
37852,0.0,0.0,0.0
37853,0.0,0.0,0.0
37854,0.0,0.0,0.0
37855,0.0,0.0,0.0
37856,0.0,0.0,0.0
37857,0.0,0.0,0.0
37858,0.0,0.0,0.0
37859,0.0,0.0,0.0
37860,0.0,0.0,0.0
37861,0.0,0.0,0.0
37862,0.0,0.0,0.0
37863,0.0,0.0,0.0
37864,0.0,0.0,0.0
37865,0.0,0.0,0.0
37866,0.0,0.0,0.0
37867,0.0,0.0,0.0
37868,0.0,0.0,0.0
37869,0.0,0.0,0.0
37870,0.0,0.0,0.0
37871,0.0,0.0,0.0
37872,0.0,0.0,0.0
37873,0.0,0.0,0.0
37874,0.0,0.0,0.0
37875,0.0,0.0,0.0
37876,0.0,0.0,0.0
37877,0.0,0.0,0.0
37878,0.0,0.0,0.0
37879,0.0,0.0,0.0
37880,0.0,0.0,0.0
37881,0.0,0.0,0.0
37882,0.0,0.0,0.0
37883,0.0,0.0,0.0
37884,0.0,0.0,0.0
37885,0.0,0.0,0.0
37886,0.0,0.0,0.0
37887,0.0,0.0,0.0
37888,0.0,0.0,0.0
37889,0.0,0.0,0.0
37890,0.0,0.0,0.0
37891,0.0,0.0,0.0
37892,0.0,0.0,0.0
37893,0.0,0.0,0.0
37894,0.0,0.0,0.0
37895,0.0,0.0,0.0
37896,0.0,0.0,0.0
37897,0.0,0.0,0.0
37898,0.0,0.0,0.0
37899,0.0,0.0,0.0
37900,0.0,0.0,0.0
37901,0.0,0.0,0.0
37902,0.0,0.0,0.0
37903,0.0,0.0,0.0
37904,0.0,0.0,0.0
37905,0.0,0.0,0.0
37906,0.0,0.0,0.0
37907,0.0,0.0,0.0
37908,0.0,0.0,0.0
37909,0.0,0.0,0.0
37910,0.0,0.0,0.0
37911,0.0,0.0,0.0
37912,0.0,0.0,0.0
37913,0.0,0.0,0.0
37914,0.0,0.0,0.0
37915,0.0,0.0,0.0
37916,0.0,0.0,0.0
37917,0.0,0.0,0.0
37918,0.0,0.0,0.0
37919,0.0,0.0,0.0
37920,0.0,0.0,0.0
37921,0.0,0.0,0.0
37922,0.0,0.0,0.0
37923,0.0,0.0,0.0
37924,0.0,0.0,0.0
37925,0.0,0.0,0.0
37926,0.0,0.0,0.0
37927,0.0,0.0,0.0
37928,0.0,0.0,0.0
37929,0.0,0.0,0.0
37930,0.0,0.0,0.0
37931,0.0,0.0,0.0
37932,0.0,0.0,0.0
37933,0.0,0.0,0.0
37934,0.0,0.0,0.0
37935,0.0,0.0,0.0
37936,0.0,0.0,0.0
37937,0.0,0.0,0.0
37938,0.0,0.0,0.0
37939,0.0,0.0,0.0
37940,0.0,0.0,0.0
37941,0.0,0.0,0.0
37942,0.0,0.0,0.0
37943,0.0,0.0,0.0
37944,0.0,0.0,0.0
37945,0.0,0.0,0.0
37946,0.0,0.0,0.0
37947,0.0,0.0,0.0
37948,0.0,0.0,0.0
37949,0.0,0.0,0.0
37950,0.0,0.0,0.0
37951,0.0,0.0,0.0
37952,0.0,0.0,0.0
37953,0.0,0.0,0.0
37954,0.0,0.0,0.0
37955,0.0,0.0,0.0
37956,0.0,0.0,0.0
37957,0.0,0.0,0.0
37958,0.0,0.0,0.0
37959,0.0,0.0,0.0
37960,0.0,0.0,0.0
37961,0.0,0.0,0.0
37962,0.0,0.0,0.0
37963,0.0,0.0,0.0
37964,0.0,0.0,0.0
37965,0.0,0.0,0.0
37966,0.0,0.0,0.0
37967,0.0,0.0,0.0
37968,0.0,0.0,0.0
37969,0.0,0.0,0.0
37970,0.0,0.0,0.0
37971,0.0,0.0,0.0
37972,0.0,0.0,0.0
37973,0.0,0.0,0.0
37974,0.0,0.0,0.0
37975,0.0,0.0,0.0
37976,0.0,0.0,0.0
37977,0.0,0.0,0.0
37978,0.0,0.0,0.0
37979,0.0,0.0,0.0
37980,0.0,0.0,0.0
37981,0.0,0.0,0.0
37982,0.0,0.0,0.0
37983,0.0,0.0,0.0
37984,0.0,0.0,0.0
37985,0.0,0.0,0.0
37986,0.0,0.0,0.0
37987,0.0,0.0,0.0
37988,0.0,0.0,0.0
37989,0.0,0.0,0.0
37990,0.0,0.0,0.0
37991,0.0,0.0,0.0
37992,0.0,0.0,0.0
37993,0.0,0.0,0.0
37994,0.0,0.0,0.0
37995,0.0,0.0,0.0
37996,0.0,0.0,0.0
37997,0.0,0.0,0.0
37998,0.0,0.0,0.0
37999,0.0,0.0,0.0
38000,0.0,0.0,0.0
38001,0.0,0.0,0.0
38002,0.0,0.0,0.0
38003,0.0,0.0,0.0
38004,0.0,0.0,0.0
38005,0.0,0.0,0.0
38006,0.0,0.0,0.0
38007,0.0,0.0,0.0
38008,0.0,0.0,0.0
38009,0.0,0.0,0.0
38010,0.0,0.0,0.0
38011,0.0,0.0,0.0
38012,0.0,0.0,0.0
38013,0.0,0.0,0.0
38014,0.0,0.0,0.0
38015,0.0,0.0,0.0
38016,0.0,0.0,0.0
38017,0.0,0.0,0.0
38018,0.0,0.0,0.0
38019,0.0,0.0,0.0
38020,0.0,0.0,0.0
38021,0.0,0.0,0.0
38022,0.0,0.0,0.0
38023,0.0,0.0,0.0
38024,0.0,0.0,0.0
38025,0.0,0.0,0.0
38026,0.0,0.0,0.0
38027,0.0,0.0,0.0
38028,0.0,0.0,0.0
38029,0.0,0.0,0.0
38030,0.0,0.0,0.0
38031,0.0,0.0,0.0
38032,0.0,0.0,0.0
38033,0.0,0.0,0.0
38034,0.0,0.0,0.0
38035,0.0,0.0,0.0
38036,0.0,0.0,0.0
38037,0.0,0.0,0.0
38038,0.0,0.0,0.0
38039,0.0,0.0,0.0
38040,0.0,0.0,0.0
38041,0.0,0.0,0.0
38042,0.0,0.0,0.0
38043,0.0,0.0,0.0
38044,0.0,0.0,0.0
38045,0.0,0.0,0.0
38046,0.0,0.0,0.0
38047,0.0,0.0,0.0
38048,0.0,0.0,0.0
38049,0.0,0.0,0.0
38050,0.0,0.0,0.0
38051,0.0,0.0,0.0
38052,0.0,0.0,0.0
38053,0.0,0.0,0.0
38054,0.0,0.0,0.0
38055,0.0,0.0,0.0
38056,0.0,0.0,0.0
38057,0.0,0.0,0.0
38058,0.0,0.0,0.0
38059,0.0,0.0,0.0
38060,0.0,0.0,0.0
38061,0.0,0.0,0.0
38062,0.0,0.0,0.0
38063,0.0,0.0,0.0
38064,0.0,0.0,0.0
38065,0.0,0.0,0.0
38066,0.0,0.0,0.0
38067,0.0,0.0,0.0
38068,0.0,0.0,0.0
38069,0.0,0.0,0.0
38070,0.0,0.0,0.0
38071,0.0,0.0,0.0
38072,0.0,0.0,0.0
38073,0.0,0.0,0.0
38074,0.0,0.0,0.0
38075,0.0,0.0,0.0
38076,0.0,0.0,0.0
38077,0.0,0.0,0.0
38078,0.0,0.0,0.0
38079,0.0,0.0,0.0
38080,0.0,0.0,0.0
38081,0.0,0.0,0.0
38082,0.0,0.0,0.0
38083,0.0,0.0,0.0
38084,0.0,0.0,0.0
38085,0.0,0.0,0.0
38086,0.0,0.0,0.0
38087,0.0,0.0,0.0
38088,0.0,0.0,0.0
38089,0.0,0.0,0.0
38090,0.0,0.0,0.0
38091,0.0,0.0,0.0
38092,0.0,0.0,0.0
38093,0.0,0.0,0.0
38094,0.0,0.0,0.0
38095,0.0,0.0,0.0
38096,0.0,0.0,0.0
38097,0.0,0.0,0.0
38098,0.0,0.0,0.0
38099,0.0,0.0,0.0
38100,0.0,0.0,0.0
38101,0.0,0.0,0.0
38102,0.0,0.0,0.0
38103,0.0,0.0,0.0
38104,0.0,0.0,0.0
38105,0.0,0.0,0.0
38106,0.0,0.0,0.0
38107,0.0,0.0,0.0
38108,0.0,0.0,0.0
38109,0.0,0.0,0.0
38110,0.0,0.0,0.0
38111,0.0,0.0,0.0
38112,0.0,0.0,0.0
38113,0.0,0.0,0.0
38114,0.0,0.0,0.0
38115,0.0,0.0,0.0
38116,0.0,0.0,0.0
38117,0.0,0.0,0.0
38118,0.0,0.0,0.0
38119,0.0,0.0,0.0
38120,0.0,0.0,0.0
38121,0.0,0.0,0.0
38122,0.0,0.0,0.0
38123,0.0,0.0,0.0
38124,0.0,0.0,0.0
38125,0.0,0.0,0.0
38126,0.0,0.0,0.0
38127,0.0,0.0,0.0
38128,0.0,0.0,0.0
38129,0.0,0.0,0.0
38130,0.0,0.0,0.0
38131,0.0,0.0,0.0
38132,0.0,0.0,0.0
38133,0.0,0.0,0.0
38134,0.0,0.0,0.0
38135,0.0,0.0,0.0
38136,0.0,0.0,0.0
38137,0.0,0.0,0.0
38138,0.0,0.0,0.0
38139,0.0,0.0,0.0
38140,0.0,0.0,0.0
38141,0.0,0.0,0.0
38142,0.0,0.0,0.0
38143,0.0,0.0,0.0
38144,0.0,0.0,0.0
38145,0.0,0.0,0.0
38146,0.0,0.0,0.0
38147,0.0,0.0,0.0
38148,0.0,0.0,0.0
38149,0.0,0.0,0.0
38150,0.0,0.0,0.0
38151,0.0,0.0,0.0
38152,0.0,0.0,0.0
38153,0.0,0.0,0.0
38154,0.0,0.0,0.0
38155,0.0,0.0,0.0
38156,0.0,0.0,0.0
38157,0.0,0.0,0.0
38158,0.0,0.0,0.0
38159,0.0,0.0,0.0
38160,0.0,0.0,0.0
38161,0.0,0.0,0.0
38162,0.0,0.0,0.0
38163,0.0,0.0,0.0
38164,0.0,0.0,0.0
38165,0.0,0.0,0.0
38166,0.0,0.0,0.0
38167,0.0,0.0,0.0
38168,0.0,0.0,0.0
38169,0.0,0.0,0.0
38170,0.0,0.0,0.0
38171,0.0,0.0,0.0
38172,0.0,0.0,0.0
38173,0.0,0.0,0.0
38174,0.0,0.0,0.0
38175,0.0,0.0,0.0
38176,0.0,0.0,0.0
38177,0.0,0.0,0.0
38178,0.0,0.0,0.0
38179,0.0,0.0,0.0
38180,0.0,0.0,0.0
38181,0.0,0.0,0.0
38182,0.0,0.0,0.0
38183,0.0,0.0,0.0
38184,0.0,0.0,0.0
38185,0.0,0.0,0.0
38186,0.0,0.0,0.0
38187,0.0,0.0,0.0
38188,0.0,0.0,0.0
38189,0.0,0.0,0.0
38190,0.0,0.0,0.0
38191,0.0,0.0,0.0
38192,0.0,0.0,0.0
38193,0.0,0.0,0.0
38194,0.0,0.0,0.0
38195,0.0,0.0,0.0
38196,0.0,0.0,0.0
38197,0.0,0.0,0.0
38198,0.0,0.0,0.0
38199,0.0,0.0,0.0
38200,0.0,0.0,0.0
38201,0.0,0.0,0.0
38202,0.0,0.0,0.0
38203,0.0,0.0,0.0
38204,0.0,0.0,0.0
38205,0.0,0.0,0.0
38206,0.0,0.0,0.0
38207,0.0,0.0,0.0
38208,0.0,0.0,0.0
38209,0.0,0.0,0.0
38210,0.0,0.0,0.0
38211,0.0,0.0,0.0
38212,0.0,0.0,0.0
38213,0.0,0.0,0.0
38214,0.0,0.0,0.0
38215,0.0,0.0,0.0
38216,0.0,0.0,0.0
38217,0.0,0.0,0.0
38218,0.0,0.0,0.0
38219,0.0,0.0,0.0
38220,0.0,0.0,0.0
38221,0.0,0.0,0.0
38222,0.0,0.0,0.0
38223,0.0,0.0,0.0
38224,0.0,0.0,0.0
38225,0.0,0.0,0.0
38226,0.0,0.0,0.0
38227,0.0,0.0,0.0
38228,0.0,0.0,0.0
38229,0.0,0.0,0.0
38230,0.0,0.0,0.0
38231,0.0,0.0,0.0
38232,0.0,0.0,0.0
38233,0.0,0.0,0.0
38234,0.0,0.0,0.0
38235,0.0,0.0,0.0
38236,0.0,0.0,0.0
38237,0.0,0.0,0.0
38238,0.0,0.0,0.0
38239,0.0,0.0,0.0
38240,0.0,0.0,0.0
38241,0.0,0.0,0.0
38242,0.0,0.0,0.0
38243,0.0,0.0,0.0
38244,0.0,0.0,0.0
38245,0.0,0.0,0.0
38246,0.0,0.0,0.0
38247,0.0,0.0,0.0
38248,0.0,0.0,0.0
38249,0.0,0.0,0.0
38250,0.0,0.0,0.0
38251,0.0,0.0,0.0
38252,0.0,0.0,0.0
38253,0.0,0.0,0.0
38254,0.0,0.0,0.0
38255,0.0,0.0,0.0
38256,0.0,0.0,0.0
38257,0.0,0.0,0.0
38258,0.0,0.0,0.0
38259,0.0,0.0,0.0
38260,0.0,0.0,0.0
38261,0.0,0.0,0.0
38262,0.0,0.0,0.0
38263,0.0,0.0,0.0
38264,0.0,0.0,0.0
38265,0.0,0.0,0.0
38266,0.0,0.0,0.0
38267,0.0,0.0,0.0
38268,0.0,0.0,0.0
38269,0.0,0.0,0.0
38270,0.0,0.0,0.0
38271,0.0,0.0,0.0
38272,0.0,0.0,0.0
38273,0.0,0.0,0.0
38274,0.0,0.0,0.0
38275,0.0,0.0,0.0
38276,0.0,0.0,0.0
38277,0.0,0.0,0.0
38278,0.0,0.0,0.0
38279,0.0,0.0,0.0
38280,0.0,0.0,0.0
38281,0.0,0.0,0.0
38282,0.0,0.0,0.0
38283,0.0,0.0,0.0
38284,0.0,0.0,0.0
38285,0.0,0.0,0.0
38286,0.0,0.0,0.0
38287,0.0,0.0,0.0
38288,0.0,0.0,0.0
38289,0.0,0.0,0.0
38290,0.0,0.0,0.0
38291,0.0,0.0,0.0
38292,0.0,0.0,0.0
38293,0.0,0.0,0.0
38294,0.0,0.0,0.0
38295,0.0,0.0,0.0
38296,0.0,0.0,0.0
38297,0.0,0.0,0.0
38298,0.0,0.0,0.0
38299,0.0,0.0,0.0
38300,0.0,0.0,0.0
38301,0.0,0.0,0.0
38302,0.0,0.0,0.0
38303,0.0,0.0,0.0
38304,0.0,0.0,0.0
38305,0.0,0.0,0.0
38306,0.0,0.0,0.0
38307,0.0,0.0,0.0
38308,0.0,0.0,0.0
38309,0.0,0.0,0.0
38310,0.0,0.0,0.0
38311,0.0,0.0,0.0
38312,0.0,0.0,0.0
38313,0.0,0.0,0.0
38314,0.0,0.0,0.0
38315,0.0,0.0,0.0
38316,0.0,0.0,0.0
38317,0.0,0.0,0.0
38318,0.0,0.0,0.0
38319,0.0,0.0,0.0
38320,0.0,0.0,0.0
38321,0.0,0.0,0.0
38322,0.0,0.0,0.0
38323,0.0,0.0,0.0
38324,0.0,0.0,0.0
38325,0.0,0.0,0.0
38326,0.0,0.0,0.0
38327,0.0,0.0,0.0
38328,0.0,0.0,0.0
38329,0.0,0.0,0.0
38330,0.0,0.0,0.0
38331,0.0,0.0,0.0
38332,0.0,0.0,0.0
38333,0.0,0.0,0.0
38334,0.0,0.0,0.0
38335,0.0,0.0,0.0
38336,0.0,0.0,0.0
38337,0.0,0.0,0.0
38338,0.0,0.0,0.0
38339,0.0,0.0,0.0
38340,0.0,0.0,0.0
38341,0.0,0.0,0.0
38342,0.0,0.0,0.0
38343,0.0,0.0,0.0
38344,0.0,0.0,0.0
38345,0.0,0.0,0.0
38346,0.0,0.0,0.0
38347,0.0,0.0,0.0
38348,0.0,0.0,0.0
38349,0.0,0.0,0.0
38350,0.0,0.0,0.0
38351,0.0,0.0,0.0
38352,0.0,0.0,0.0
38353,0.0,0.0,0.0
38354,0.0,0.0,0.0
38355,0.0,0.0,0.0
38356,0.0,0.0,0.0
38357,0.0,0.0,0.0
38358,0.0,0.0,0.0
38359,0.0,0.0,0.0
38360,0.0,0.0,0.0
38361,0.0,0.0,0.0
38362,0.0,0.0,0.0
38363,0.0,0.0,0.0
38364,0.0,0.0,0.0
38365,0.0,0.0,0.0
38366,0.0,0.0,0.0
38367,0.0,0.0,0.0
38368,0.0,0.0,0.0
38369,0.0,0.0,0.0
38370,0.0,0.0,0.0
38371,0.0,0.0,0.0
38372,0.0,0.0,0.0
38373,0.0,0.0,0.0
38374,0.0,0.0,0.0
38375,0.0,0.0,0.0
38376,0.0,0.0,0.0
38377,0.0,0.0,0.0
38378,0.0,0.0,0.0
38379,0.0,0.0,0.0
38380,0.0,0.0,0.0
38381,0.0,0.0,0.0
38382,0.0,0.0,0.0
38383,0.0,0.0,0.0
38384,0.0,0.0,0.0
38385,0.0,0.0,0.0
38386,0.0,0.0,0.0
38387,0.0,0.0,0.0
38388,0.0,0.0,0.0
38389,0.0,0.0,0.0
38390,0.0,0.0,0.0
38391,0.0,0.0,0.0
38392,0.0,0.0,0.0
38393,0.0,0.0,0.0
38394,0.0,0.0,0.0
38395,0.0,0.0,0.0
38396,0.0,0.0,0.0
38397,0.0,0.0,0.0
38398,0.0,0.0,0.0
38399,0.0,0.0,0.0
38400,0.0,0.0,0.0
38401,0.0,0.0,0.0
38402,0.0,0.0,0.0
38403,0.0,0.0,0.0
38404,0.0,0.0,0.0
38405,0.0,0.0,0.0
38406,0.0,0.0,0.0
38407,0.0,0.0,0.0
38408,0.0,0.0,0.0
38409,0.0,0.0,0.0
38410,0.0,0.0,0.0
38411,0.0,0.0,0.0
38412,0.0,0.0,0.0
38413,0.0,0.0,0.0
38414,0.0,0.0,0.0
38415,0.0,0.0,0.0
38416,0.0,0.0,0.0
38417,0.0,0.0,0.0
38418,0.0,0.0,0.0
38419,0.0,0.0,0.0
38420,0.0,0.0,0.0
38421,0.0,0.0,0.0
38422,0.0,0.0,0.0
38423,0.0,0.0,0.0
38424,0.0,0.0,0.0
38425,0.0,0.0,0.0
38426,0.0,0.0,0.0
38427,0.0,0.0,0.0
38428,0.0,0.0,0.0
38429,0.0,0.0,0.0
38430,0.0,0.0,0.0
38431,0.0,0.0,0.0
38432,0.0,0.0,0.0
38433,0.0,0.0,0.0
38434,0.0,0.0,0.0
38435,0.0,0.0,0.0
38436,0.0,0.0,0.0
38437,0.0,0.0,0.0
38438,0.0,0.0,0.0
38439,0.0,0.0,0.0
38440,0.0,0.0,0.0
38441,0.0,0.0,0.0
38442,0.0,0.0,0.0
38443,0.0,0.0,0.0
38444,0.0,0.0,0.0
38445,0.0,0.0,0.0
38446,0.0,0.0,0.0
38447,0.0,0.0,0.0
38448,0.0,0.0,0.0
38449,0.0,0.0,0.0
38450,0.0,0.0,0.0
38451,0.0,0.0,0.0
38452,0.0,0.0,0.0
38453,0.0,0.0,0.0
38454,0.0,0.0,0.0
38455,0.0,0.0,0.0
38456,0.0,0.0,0.0
38457,0.0,0.0,0.0
38458,0.0,0.0,0.0
38459,0.0,0.0,0.0
38460,0.0,0.0,0.0
38461,0.0,0.0,0.0
38462,0.0,0.0,0.0
38463,0.0,0.0,0.0
38464,0.0,0.0,0.0
38465,0.0,0.0,0.0
38466,0.0,0.0,0.0
38467,0.0,0.0,0.0
38468,0.0,0.0,0.0
38469,0.0,0.0,0.0
38470,0.0,0.0,0.0
38471,0.0,0.0,0.0
38472,0.0,0.0,0.0
38473,0.0,0.0,0.0
38474,0.0,0.0,0.0
38475,0.0,0.0,0.0
38476,0.0,0.0,0.0
38477,0.0,0.0,0.0
38478,0.0,0.0,0.0
38479,0.0,0.0,0.0
38480,0.0,0.0,0.0
38481,0.0,0.0,0.0
38482,0.0,0.0,0.0
38483,0.0,0.0,0.0
38484,0.0,0.0,0.0
38485,0.0,0.0,0.0
38486,0.0,0.0,0.0
38487,0.0,0.0,0.0
38488,0.0,0.0,0.0
38489,0.0,0.0,0.0
38490,0.0,0.0,0.0
38491,0.0,0.0,0.0
38492,0.0,0.0,0.0
38493,0.0,0.0,0.0
38494,0.0,0.0,0.0
38495,0.0,0.0,0.0
38496,0.0,0.0,0.0
38497,0.0,0.0,0.0
38498,0.0,0.0,0.0
38499,0.0,0.0,0.0
38500,0.0,0.0,0.0
38501,0.0,0.0,0.0
38502,0.0,0.0,0.0
38503,0.0,0.0,0.0
38504,0.0,0.0,0.0
38505,0.0,0.0,0.0
38506,0.0,0.0,0.0
38507,0.0,0.0,0.0
38508,0.0,0.0,0.0
38509,0.0,0.0,0.0
38510,0.0,0.0,0.0
38511,0.0,0.0,0.0
38512,0.0,0.0,0.0
38513,0.0,0.0,0.0
38514,0.0,0.0,0.0
38515,0.0,0.0,0.0
38516,0.0,0.0,0.0
38517,0.0,0.0,0.0
38518,0.0,0.0,0.0
38519,0.0,0.0,0.0
38520,0.0,0.0,0.0
38521,0.0,0.0,0.0
38522,0.0,0.0,0.0
38523,0.0,0.0,0.0
38524,0.0,0.0,0.0
38525,0.0,0.0,0.0
38526,0.0,0.0,0.0
38527,0.0,0.0,0.0
38528,0.0,0.0,0.0
38529,0.0,0.0,0.0
38530,0.0,0.0,0.0
38531,0.0,0.0,0.0
38532,0.0,0.0,0.0
38533,0.0,0.0,0.0
38534,0.0,0.0,0.0
38535,0.0,0.0,0.0
38536,0.0,0.0,0.0
38537,0.0,0.0,0.0
38538,0.0,0.0,0.0
38539,0.0,0.0,0.0
38540,0.0,0.0,0.0
38541,0.0,0.0,0.0
38542,0.0,0.0,0.0
38543,0.0,0.0,0.0
38544,0.0,0.0,0.0
38545,0.0,0.0,0.0
38546,0.0,0.0,0.0
38547,0.0,0.0,0.0
38548,0.0,0.0,0.0
38549,0.0,0.0,0.0
38550,0.0,0.0,0.0
38551,0.0,0.0,0.0
38552,0.0,0.0,0.0
38553,0.0,0.0,0.0
38554,0.0,0.0,0.0
38555,0.0,0.0,0.0
38556,0.0,0.0,0.0
38557,0.0,0.0,0.0
38558,0.0,0.0,0.0
38559,0.0,0.0,0.0
38560,0.0,0.0,0.0
38561,0.0,0.0,0.0
38562,0.0,0.0,0.0
38563,0.0,0.0,0.0
38564,0.0,0.0,0.0
38565,0.0,0.0,0.0
38566,0.0,0.0,0.0
38567,0.0,0.0,0.0
38568,0.0,0.0,0.0
38569,0.0,0.0,0.0
38570,0.0,0.0,0.0
38571,0.0,0.0,0.0
38572,0.0,0.0,0.0
38573,0.0,0.0,0.0
38574,0.0,0.0,0.0
38575,0.0,0.0,0.0
38576,0.0,0.0,0.0
38577,0.0,0.0,0.0
38578,0.0,0.0,0.0
38579,0.0,0.0,0.0
38580,0.0,0.0,0.0
38581,0.0,0.0,0.0
38582,0.0,0.0,0.0
38583,0.0,0.0,0.0
38584,0.0,0.0,0.0
38585,0.0,0.0,0.0
38586,0.0,0.0,0.0
38587,0.0,0.0,0.0
38588,0.0,0.0,0.0
38589,0.0,0.0,0.0
38590,0.0,0.0,0.0
38591,0.0,0.0,0.0
38592,0.0,0.0,0.0
38593,0.0,0.0,0.0
38594,0.0,0.0,0.0
38595,0.0,0.0,0.0
38596,0.0,0.0,0.0
38597,0.0,0.0,0.0
38598,0.0,0.0,0.0
38599,0.0,0.0,0.0
38600,0.0,0.0,0.0
38601,0.0,0.0,0.0
38602,0.0,0.0,0.0
38603,0.0,0.0,0.0
38604,0.0,0.0,0.0
38605,0.0,0.0,0.0
38606,0.0,0.0,0.0
38607,0.0,0.0,0.0
38608,0.0,0.0,0.0
38609,0.0,0.0,0.0
38610,0.0,0.0,0.0
38611,0.0,0.0,0.0
38612,0.0,0.0,0.0
38613,0.0,0.0,0.0
38614,0.0,0.0,0.0
38615,0.0,0.0,0.0
38616,0.0,0.0,0.0
38617,0.0,0.0,0.0
38618,0.0,0.0,0.0
38619,0.0,0.0,0.0
38620,0.0,0.0,0.0
38621,0.0,0.0,0.0
38622,0.0,0.0,0.0
38623,0.0,0.0,0.0
38624,0.0,0.0,0.0
38625,0.0,0.0,0.0
38626,0.0,0.0,0.0
38627,0.0,0.0,0.0
38628,0.0,0.0,0.0
38629,0.0,0.0,0.0
38630,0.0,0.0,0.0
38631,0.0,0.0,0.0
38632,0.0,0.0,0.0
38633,0.0,0.0,0.0
38634,0.0,0.0,0.0
38635,0.0,0.0,0.0
38636,0.0,0.0,0.0
38637,0.0,0.0,0.0
38638,0.0,0.0,0.0
38639,0.0,0.0,0.0
38640,0.0,0.0,0.0
38641,0.0,0.0,0.0
38642,0.0,0.0,0.0
38643,0.0,0.0,0.0
38644,0.0,0.0,0.0
38645,0.0,0.0,0.0
38646,0.0,0.0,0.0
38647,0.0,0.0,0.0
38648,0.0,0.0,0.0
38649,0.0,0.0,0.0
38650,0.0,0.0,0.0
38651,0.0,0.0,0.0
38652,0.0,0.0,0.0
38653,0.0,0.0,0.0
38654,0.0,0.0,0.0
38655,0.0,0.0,0.0
38656,0.0,0.0,0.0
38657,0.0,0.0,0.0
38658,0.0,0.0,0.0
38659,0.0,0.0,0.0
38660,0.0,0.0,0.0
38661,0.0,0.0,0.0
38662,0.0,0.0,0.0
38663,0.0,0.0,0.0
38664,0.0,0.0,0.0
38665,0.0,0.0,0.0
38666,0.0,0.0,0.0
38667,0.0,0.0,0.0
38668,0.0,0.0,0.0
38669,0.0,0.0,0.0
38670,0.0,0.0,0.0
38671,0.0,0.0,0.0
38672,0.0,0.0,0.0
38673,0.0,0.0,0.0
38674,0.0,0.0,0.0
38675,0.0,0.0,0.0
38676,0.0,0.0,0.0
38677,0.0,0.0,0.0
38678,0.0,0.0,0.0
38679,0.0,0.0,0.0
38680,0.0,0.0,0.0
38681,0.0,0.0,0.0
38682,0.0,0.0,0.0
38683,0.0,0.0,0.0
38684,0.0,0.0,0.0
38685,0.0,0.0,0.0
38686,0.0,0.0,0.0
38687,0.0,0.0,0.0
38688,0.0,0.0,0.0
38689,0.0,0.0,0.0
38690,0.0,0.0,0.0
38691,0.0,0.0,0.0
38692,0.0,0.0,0.0
38693,0.0,0.0,0.0
38694,0.0,0.0,0.0
38695,0.0,0.0,0.0
38696,0.0,0.0,0.0
38697,0.0,0.0,0.0
38698,0.0,0.0,0.0
38699,0.0,0.0,0.0
38700,0.0,0.0,0.0
38701,0.0,0.0,0.0
38702,0.0,0.0,0.0
38703,0.0,0.0,0.0
38704,0.0,0.0,0.0
38705,0.0,0.0,0.0
38706,0.0,0.0,0.0
38707,0.0,0.0,0.0
38708,0.0,0.0,0.0
38709,0.0,0.0,0.0
38710,0.0,0.0,0.0
38711,0.0,0.0,0.0
38712,0.0,0.0,0.0
38713,0.0,0.0,0.0
38714,0.0,0.0,0.0
38715,0.0,0.0,0.0
38716,0.0,0.0,0.0
38717,0.0,0.0,0.0
38718,0.0,0.0,0.0
38719,0.0,0.0,0.0
38720,0.0,0.0,0.0
38721,0.0,0.0,0.0
38722,0.0,0.0,0.0
38723,0.0,0.0,0.0
38724,0.0,0.0,0.0
38725,0.0,0.0,0.0
38726,0.0,0.0,0.0
38727,0.0,0.0,0.0
38728,0.0,0.0,0.0
38729,0.0,0.0,0.0
38730,0.0,0.0,0.0
38731,0.0,0.0,0.0
38732,0.0,0.0,0.0
38733,0.0,0.0,0.0
38734,0.0,0.0,0.0
38735,0.0,0.0,0.0
38736,0.0,0.0,0.0
38737,0.0,0.0,0.0
38738,0.0,0.0,0.0
38739,0.0,0.0,0.0
38740,0.0,0.0,0.0
38741,0.0,0.0,0.0
38742,0.0,0.0,0.0
38743,0.0,0.0,0.0
38744,0.0,0.0,0.0
38745,0.0,0.0,0.0
38746,0.0,0.0,0.0
38747,0.0,0.0,0.0
38748,0.0,0.0,0.0
38749,0.0,0.0,0.0
38750,0.0,0.0,0.0
38751,0.0,0.0,0.0
38752,0.0,0.0,0.0
38753,0.0,0.0,0.0
38754,0.0,0.0,0.0
38755,0.0,0.0,0.0
38756,0.0,0.0,0.0
38757,0.0,0.0,0.0
38758,0.0,0.0,0.0
38759,0.0,0.0,0.0
38760,0.0,0.0,0.0
38761,0.0,0.0,0.0
38762,0.0,0.0,0.0
38763,0.0,0.0,0.0
38764,0.0,0.0,0.0
38765,0.0,0.0,0.0
38766,0.0,0.0,0.0
38767,0.0,0.0,0.0
38768,0.0,0.0,0.0
38769,0.0,0.0,0.0
38770,0.0,0.0,0.0
38771,0.0,0.0,0.0
38772,0.0,0.0,0.0
38773,0.0,0.0,0.0
38774,0.0,0.0,0.0
38775,0.0,0.0,0.0
38776,0.0,0.0,0.0
38777,0.0,0.0,0.0
38778,0.0,0.0,0.0
38779,0.0,0.0,0.0
38780,0.0,0.0,0.0
38781,0.0,0.0,0.0
38782,0.0,0.0,0.0
38783,0.0,0.0,0.0
38784,0.0,0.0,0.0
38785,0.0,0.0,0.0
38786,0.0,0.0,0.0
38787,0.0,0.0,0.0
38788,0.0,0.0,0.0
38789,0.0,0.0,0.0
38790,0.0,0.0,0.0
38791,0.0,0.0,0.0
38792,0.0,0.0,0.0
38793,0.0,0.0,0.0
38794,0.0,0.0,0.0
38795,0.0,0.0,0.0
38796,0.0,0.0,0.0
38797,0.0,0.0,0.0
38798,0.0,0.0,0.0
38799,0.0,0.0,0.0
38800,0.0,0.0,0.0
38801,0.0,0.0,0.0
38802,0.0,0.0,0.0
38803,0.0,0.0,0.0
38804,0.0,0.0,0.0
38805,0.0,0.0,0.0
38806,0.0,0.0,0.0
38807,0.0,0.0,0.0
38808,0.0,0.0,0.0
38809,0.0,0.0,0.0
38810,0.0,0.0,0.0
38811,0.0,0.0,0.0
38812,0.0,0.0,0.0
38813,0.0,0.0,0.0
38814,0.0,0.0,0.0
38815,0.0,0.0,0.0
38816,0.0,0.0,0.0
38817,0.0,0.0,0.0
38818,0.0,0.0,0.0
38819,0.0,0.0,0.0
38820,0.0,0.0,0.0
38821,0.0,0.0,0.0
38822,0.0,0.0,0.0
38823,0.0,0.0,0.0
38824,0.0,0.0,0.0
38825,0.0,0.0,0.0
38826,0.0,0.0,0.0
38827,0.0,0.0,0.0
38828,0.0,0.0,0.0
38829,0.0,0.0,0.0
38830,0.0,0.0,0.0
38831,0.0,0.0,0.0
38832,0.0,0.0,0.0
38833,0.0,0.0,0.0
38834,0.0,0.0,0.0
38835,0.0,0.0,0.0
38836,0.0,0.0,0.0
38837,0.0,0.0,0.0
38838,0.0,0.0,0.0
38839,0.0,0.0,0.0
38840,0.0,0.0,0.0
38841,0.0,0.0,0.0
38842,0.0,0.0,0.0
38843,0.0,0.0,0.0
38844,0.0,0.0,0.0
38845,0.0,0.0,0.0
38846,0.0,0.0,0.0
38847,0.0,0.0,0.0
38848,0.0,0.0,0.0
38849,0.0,0.0,0.0
38850,0.0,0.0,0.0
38851,0.0,0.0,0.0
38852,0.0,0.0,0.0
38853,0.0,0.0,0.0
38854,0.0,0.0,0.0
38855,0.0,0.0,0.0
38856,0.0,0.0,0.0
38857,0.0,0.0,0.0
38858,0.0,0.0,0.0
38859,0.0,0.0,0.0
38860,0.0,0.0,0.0
38861,0.0,0.0,0.0
38862,0.0,0.0,0.0
38863,0.0,0.0,0.0
38864,0.0,0.0,0.0
38865,0.0,0.0,0.0
38866,0.0,0.0,0.0
38867,0.0,0.0,0.0
38868,0.0,0.0,0.0
38869,0.0,0.0,0.0
38870,0.0,0.0,0.0
38871,0.0,0.0,0.0
38872,0.0,0.0,0.0
38873,0.0,0.0,0.0
38874,0.0,0.0,0.0
38875,0.0,0.0,0.0
38876,0.0,0.0,0.0
38877,0.0,0.0,0.0
38878,0.0,0.0,0.0
38879,0.0,0.0,0.0
38880,0.0,0.0,0.0
38881,0.0,0.0,0.0
38882,0.0,0.0,0.0
38883,0.0,0.0,0.0
38884,0.0,0.0,0.0
38885,0.0,0.0,0.0
38886,0.0,0.0,0.0
38887,0.0,0.0,0.0
38888,0.0,0.0,0.0
38889,0.0,0.0,0.0
38890,0.0,0.0,0.0
38891,0.0,0.0,0.0
38892,0.0,0.0,0.0
38893,0.0,0.0,0.0
38894,0.0,0.0,0.0
38895,0.0,0.0,0.0
38896,0.0,0.0,0.0
38897,0.0,0.0,0.0
38898,0.0,0.0,0.0
38899,0.0,0.0,0.0
38900,0.0,0.0,0.0
38901,0.0,0.0,0.0
38902,0.0,0.0,0.0
38903,0.0,0.0,0.0
38904,0.0,0.0,0.0
38905,0.0,0.0,0.0
38906,0.0,0.0,0.0
38907,0.0,0.0,0.0
38908,0.0,0.0,0.0
38909,0.0,0.0,0.0
38910,0.0,0.0,0.0
38911,0.0,0.0,0.0
38912,0.0,0.0,0.0
38913,0.0,0.0,0.0
38914,0.0,0.0,0.0
38915,0.0,0.0,0.0
38916,0.0,0.0,0.0
38917,0.0,0.0,0.0
38918,0.0,0.0,0.0
38919,0.0,0.0,0.0
38920,0.0,0.0,0.0
38921,0.0,0.0,0.0
38922,0.0,0.0,0.0
38923,0.0,0.0,0.0
38924,0.0,0.0,0.0
38925,0.0,0.0,0.0
38926,0.0,0.0,0.0
38927,0.0,0.0,0.0
38928,0.0,0.0,0.0
38929,0.0,0.0,0.0
38930,0.0,0.0,0.0
38931,0.0,0.0,0.0
38932,0.0,0.0,0.0
38933,0.0,0.0,0.0
38934,0.0,0.0,0.0
38935,0.0,0.0,0.0
38936,0.0,0.0,0.0
38937,0.0,0.0,0.0
38938,0.0,0.0,0.0
38939,0.0,0.0,0.0
38940,0.0,0.0,0.0
38941,0.0,0.0,0.0
38942,0.0,0.0,0.0
38943,0.0,0.0,0.0
38944,0.0,0.0,0.0
38945,0.0,0.0,0.0
38946,0.0,0.0,0.0
38947,0.0,0.0,0.0
38948,0.0,0.0,0.0
38949,0.0,0.0,0.0
38950,0.0,0.0,0.0
38951,0.0,0.0,0.0
38952,0.0,0.0,0.0
38953,0.0,0.0,0.0
38954,0.0,0.0,0.0
38955,0.0,0.0,0.0
38956,0.0,0.0,0.0
38957,0.0,0.0,0.0
38958,0.0,0.0,0.0
38959,0.0,0.0,0.0
38960,0.0,0.0,0.0
38961,0.0,0.0,0.0
38962,0.0,0.0,0.0
38963,0.0,0.0,0.0
38964,0.0,0.0,0.0
38965,0.0,0.0,0.0
38966,0.0,0.0,0.0
38967,0.0,0.0,0.0
38968,0.0,0.0,0.0
38969,0.0,0.0,0.0
38970,0.0,0.0,0.0
38971,0.0,0.0,0.0
38972,0.0,0.0,0.0
38973,0.0,0.0,0.0
38974,0.0,0.0,0.0
38975,0.0,0.0,0.0
38976,0.0,0.0,0.0
38977,0.0,0.0,0.0
38978,0.0,0.0,0.0
38979,0.0,0.0,0.0
38980,0.0,0.0,0.0
38981,0.0,0.0,0.0
38982,0.0,0.0,0.0
38983,0.0,0.0,0.0
38984,0.0,0.0,0.0
38985,0.0,0.0,0.0
38986,0.0,0.0,0.0
38987,0.0,0.0,0.0
38988,0.0,0.0,0.0
38989,0.0,0.0,0.0
38990,0.0,0.0,0.0
38991,0.0,0.0,0.0
38992,0.0,0.0,0.0
38993,0.0,0.0,0.0
38994,0.0,0.0,0.0
38995,0.0,0.0,0.0
38996,0.0,0.0,0.0
38997,0.0,0.0,0.0
38998,0.0,0.0,0.0
38999,0.0,0.0,0.0
39000,0.0,0.0,0.0
39001,0.0,0.0,0.0
39002,0.0,0.0,0.0
39003,0.0,0.0,0.0
39004,0.0,0.0,0.0
39005,0.0,0.0,0.0
39006,0.0,0.0,0.0
39007,0.0,0.0,0.0
39008,0.0,0.0,0.0
39009,0.0,0.0,0.0
39010,0.0,0.0,0.0
39011,0.0,0.0,0.0
39012,0.0,0.0,0.0
39013,0.0,0.0,0.0
39014,0.0,0.0,0.0
39015,0.0,0.0,0.0
39016,0.0,0.0,0.0
39017,0.0,0.0,0.0
39018,0.0,0.0,0.0
39019,0.0,0.0,0.0
39020,0.0,0.0,0.0
39021,0.0,0.0,0.0
39022,0.0,0.0,0.0
39023,0.0,0.0,0.0
39024,0.0,0.0,0.0
39025,0.0,0.0,0.0
39026,0.0,0.0,0.0
39027,0.0,0.0,0.0
39028,0.0,0.0,0.0
39029,0.0,0.0,0.0
39030,0.0,0.0,0.0
39031,0.0,0.0,0.0
39032,0.0,0.0,0.0
39033,0.0,0.0,0.0
39034,0.0,0.0,0.0
39035,0.0,0.0,0.0
39036,0.0,0.0,0.0
39037,0.0,0.0,0.0
39038,0.0,0.0,0.0
39039,0.0,0.0,0.0
39040,0.0,0.0,0.0
39041,0.0,0.0,0.0
39042,0.0,0.0,0.0
39043,0.0,0.0,0.0
39044,0.0,0.0,0.0
39045,0.0,0.0,0.0
39046,0.0,0.0,0.0
39047,0.0,0.0,0.0
39048,0.0,0.0,0.0
39049,0.0,0.0,0.0
39050,0.0,0.0,0.0
39051,0.0,0.0,0.0
39052,0.0,0.0,0.0
39053,0.0,0.0,0.0
39054,0.0,0.0,0.0
39055,0.0,0.0,0.0
39056,0.0,0.0,0.0
39057,0.0,0.0,0.0
39058,0.0,0.0,0.0
39059,0.0,0.0,0.0
39060,0.0,0.0,0.0
39061,0.0,0.0,0.0
39062,0.0,0.0,0.0
39063,0.0,0.0,0.0
39064,0.0,0.0,0.0
39065,0.0,0.0,0.0
39066,0.0,0.0,0.0
39067,0.0,0.0,0.0
39068,0.0,0.0,0.0
39069,0.0,0.0,0.0
39070,0.0,0.0,0.0
39071,0.0,0.0,0.0
39072,0.0,0.0,0.0
39073,0.0,0.0,0.0
39074,0.0,0.0,0.0
39075,0.0,0.0,0.0
39076,0.0,0.0,0.0
39077,0.0,0.0,0.0
39078,0.0,0.0,0.0
39079,0.0,0.0,0.0
39080,0.0,0.0,0.0
39081,0.0,0.0,0.0
39082,0.0,0.0,0.0
39083,0.0,0.0,0.0
39084,0.0,0.0,0.0
39085,0.0,0.0,0.0
39086,0.0,0.0,0.0
39087,0.0,0.0,0.0
39088,0.0,0.0,0.0
39089,0.0,0.0,0.0
39090,0.0,0.0,0.0
39091,0.0,0.0,0.0
39092,0.0,0.0,0.0
39093,0.0,0.0,0.0
39094,0.0,0.0,0.0
39095,0.0,0.0,0.0
39096,0.0,0.0,0.0
39097,0.0,0.0,0.0
39098,0.0,0.0,0.0
39099,0.0,0.0,0.0
39100,0.0,0.0,0.0
39101,0.0,0.0,0.0
39102,0.0,0.0,0.0
39103,0.0,0.0,0.0
39104,0.0,0.0,0.0
39105,0.0,0.0,0.0
39106,0.0,0.0,0.0
39107,0.0,0.0,0.0
39108,0.0,0.0,0.0
39109,0.0,0.0,0.0
39110,0.0,0.0,0.0
39111,0.0,0.0,0.0
39112,0.0,0.0,0.0
39113,0.0,0.0,0.0
39114,0.0,0.0,0.0
39115,0.0,0.0,0.0
39116,0.0,0.0,0.0
39117,0.0,0.0,0.0
39118,0.0,0.0,0.0
39119,0.0,0.0,0.0
39120,0.0,0.0,0.0
39121,0.0,0.0,0.0
39122,0.0,0.0,0.0
39123,0.0,0.0,0.0
39124,0.0,0.0,0.0
39125,0.0,0.0,0.0
39126,0.0,0.0,0.0
39127,0.0,0.0,0.0
39128,0.0,0.0,0.0
39129,0.0,0.0,0.0
39130,0.0,0.0,0.0
39131,0.0,0.0,0.0
39132,0.0,0.0,0.0
39133,0.0,0.0,0.0
39134,0.0,0.0,0.0
39135,0.0,0.0,0.0
39136,0.0,0.0,0.0
39137,0.0,0.0,0.0
39138,0.0,0.0,0.0
39139,0.0,0.0,0.0
39140,0.0,0.0,0.0
39141,0.0,0.0,0.0
39142,0.0,0.0,0.0
39143,0.0,0.0,0.0
39144,0.0,0.0,0.0
39145,0.0,0.0,0.0
39146,0.0,0.0,0.0
39147,0.0,0.0,0.0
39148,0.0,0.0,0.0
39149,0.0,0.0,0.0
39150,0.0,0.0,0.0
39151,0.0,0.0,0.0
39152,0.0,0.0,0.0
39153,0.0,0.0,0.0
39154,0.0,0.0,0.0
39155,0.0,0.0,0.0
39156,0.0,0.0,0.0
39157,0.0,0.0,0.0
39158,0.0,0.0,0.0
39159,0.0,0.0,0.0
39160,0.0,0.0,0.0
39161,0.0,0.0,0.0
39162,0.0,0.0,0.0
39163,0.0,0.0,0.0
39164,0.0,0.0,0.0
39165,0.0,0.0,0.0
39166,0.0,0.0,0.0
39167,0.0,0.0,0.0
39168,0.0,0.0,0.0
39169,0.0,0.0,0.0
39170,0.0,0.0,0.0
39171,0.0,0.0,0.0
39172,0.0,0.0,0.0
39173,0.0,0.0,0.0
39174,0.0,0.0,0.0
39175,0.0,0.0,0.0
39176,0.0,0.0,0.0
39177,0.0,0.0,0.0
39178,0.0,0.0,0.0
39179,0.0,0.0,0.0
39180,0.0,0.0,0.0
39181,0.0,0.0,0.0
39182,0.0,0.0,0.0
39183,0.0,0.0,0.0
39184,0.0,0.0,0.0
39185,0.0,0.0,0.0
39186,0.0,0.0,0.0
39187,0.0,0.0,0.0
39188,0.0,0.0,0.0
39189,0.0,0.0,0.0
39190,0.0,0.0,0.0
39191,0.0,0.0,0.0
39192,0.0,0.0,0.0
39193,0.0,0.0,0.0
39194,0.0,0.0,0.0
39195,0.0,0.0,0.0
39196,0.0,0.0,0.0
39197,0.0,0.0,0.0
39198,0.0,0.0,0.0
39199,0.0,0.0,0.0
39200,0.0,0.0,0.0
39201,0.0,0.0,0.0
39202,0.0,0.0,0.0
39203,0.0,0.0,0.0
39204,0.0,0.0,0.0
39205,0.0,0.0,0.0
39206,0.0,0.0,0.0
39207,0.0,0.0,0.0
39208,0.0,0.0,0.0
39209,0.0,0.0,0.0
39210,0.0,0.0,0.0
39211,0.0,0.0,0.0
39212,0.0,0.0,0.0
39213,0.0,0.0,0.0
39214,0.0,0.0,0.0
39215,0.0,0.0,0.0
39216,0.0,0.0,0.0
39217,0.0,0.0,0.0
39218,0.0,0.0,0.0
39219,0.0,0.0,0.0
39220,0.0,0.0,0.0
39221,0.0,0.0,0.0
39222,0.0,0.0,0.0
39223,0.0,0.0,0.0
39224,0.0,0.0,0.0
39225,0.0,0.0,0.0
39226,0.0,0.0,0.0
39227,0.0,0.0,0.0
39228,0.0,0.0,0.0
39229,0.0,0.0,0.0
39230,0.0,0.0,0.0
39231,0.0,0.0,0.0
39232,0.0,0.0,0.0
39233,0.0,0.0,0.0
39234,0.0,0.0,0.0
39235,0.0,0.0,0.0
39236,0.0,0.0,0.0
39237,0.0,0.0,0.0
39238,0.0,0.0,0.0
39239,0.0,0.0,0.0
39240,0.0,0.0,0.0
39241,0.0,0.0,0.0
39242,0.0,0.0,0.0
39243,0.0,0.0,0.0
39244,0.0,0.0,0.0
39245,0.0,0.0,0.0
39246,0.0,0.0,0.0
39247,0.0,0.0,0.0
39248,0.0,0.0,0.0
39249,0.0,0.0,0.0
39250,0.0,0.0,0.0
39251,0.0,0.0,0.0
39252,0.0,0.0,0.0
39253,0.0,0.0,0.0
39254,0.0,0.0,0.0
39255,0.0,0.0,0.0
39256,0.0,0.0,0.0
39257,0.0,0.0,0.0
39258,0.0,0.0,0.0
39259,0.0,0.0,0.0
39260,0.0,0.0,0.0
39261,0.0,0.0,0.0
39262,0.0,0.0,0.0
39263,0.0,0.0,0.0
39264,0.0,0.0,0.0
39265,0.0,0.0,0.0
39266,0.0,0.0,0.0
39267,0.0,0.0,0.0
39268,0.0,0.0,0.0
39269,0.0,0.0,0.0
39270,0.0,0.0,0.0
39271,0.0,0.0,0.0
39272,0.0,0.0,0.0
39273,0.0,0.0,0.0
39274,0.0,0.0,0.0
39275,0.0,0.0,0.0
39276,0.0,0.0,0.0
39277,0.0,0.0,0.0
39278,0.0,0.0,0.0
39279,0.0,0.0,0.0
39280,0.0,0.0,0.0
39281,0.0,0.0,0.0
39282,0.0,0.0,0.0
39283,0.0,0.0,0.0
39284,0.0,0.0,0.0
39285,0.0,0.0,0.0
39286,0.0,0.0,0.0
39287,0.0,0.0,0.0
39288,0.0,0.0,0.0
39289,0.0,0.0,0.0
39290,0.0,0.0,0.0
39291,0.0,0.0,0.0
39292,0.0,0.0,0.0
39293,0.0,0.0,0.0
39294,0.0,0.0,0.0
39295,0.0,0.0,0.0
39296,0.0,0.0,0.0
39297,0.0,0.0,0.0
39298,0.0,0.0,0.0
39299,0.0,0.0,0.0
39300,0.0,0.0,0.0
39301,0.0,0.0,0.0
39302,0.0,0.0,0.0
39303,0.0,0.0,0.0
39304,0.0,0.0,0.0
39305,0.0,0.0,0.0
39306,0.0,0.0,0.0
39307,0.0,0.0,0.0
39308,0.0,0.0,0.0
39309,0.0,0.0,0.0
39310,0.0,0.0,0.0
39311,0.0,0.0,0.0
39312,0.0,0.0,0.0
39313,0.0,0.0,0.0
39314,0.0,0.0,0.0
39315,0.0,0.0,0.0
39316,0.0,0.0,0.0
39317,0.0,0.0,0.0
39318,0.0,0.0,0.0
39319,0.0,0.0,0.0
39320,0.0,0.0,0.0
39321,0.0,0.0,0.0
39322,0.0,0.0,0.0
39323,0.0,0.0,0.0
39324,0.0,0.0,0.0
39325,0.0,0.0,0.0
39326,0.0,0.0,0.0
39327,0.0,0.0,0.0
39328,0.0,0.0,0.0
39329,0.0,0.0,0.0
39330,0.0,0.0,0.0
39331,0.0,0.0,0.0
39332,0.0,0.0,0.0
39333,0.0,0.0,0.0
39334,0.0,0.0,0.0
39335,0.0,0.0,0.0
39336,0.0,0.0,0.0
39337,0.0,0.0,0.0
39338,0.0,0.0,0.0
39339,0.0,0.0,0.0
39340,0.0,0.0,0.0
39341,0.0,0.0,0.0
39342,0.0,0.0,0.0
39343,0.0,0.0,0.0
39344,0.0,0.0,0.0
39345,0.0,0.0,0.0
39346,0.0,0.0,0.0
39347,0.0,0.0,0.0
39348,0.0,0.0,0.0
39349,0.0,0.0,0.0
39350,0.0,0.0,0.0
39351,0.0,0.0,0.0
39352,0.0,0.0,0.0
39353,0.0,0.0,0.0
39354,0.0,0.0,0.0
39355,0.0,0.0,0.0
39356,0.0,0.0,0.0
39357,0.0,0.0,0.0
39358,0.0,0.0,0.0
39359,0.0,0.0,0.0
39360,0.0,0.0,0.0
39361,0.0,0.0,0.0
39362,0.0,0.0,0.0
39363,0.0,0.0,0.0
39364,0.0,0.0,0.0
39365,0.0,0.0,0.0
39366,0.0,0.0,0.0
39367,0.0,0.0,0.0
39368,0.0,0.0,0.0
39369,0.0,0.0,0.0
39370,0.0,0.0,0.0
39371,0.0,0.0,0.0
39372,0.0,0.0,0.0
39373,0.0,0.0,0.0
39374,0.0,0.0,0.0
39375,0.0,0.0,0.0
39376,0.0,0.0,0.0
39377,0.0,0.0,0.0
39378,0.0,0.0,0.0
39379,0.0,0.0,0.0
39380,0.0,0.0,0.0
39381,0.0,0.0,0.0
39382,0.0,0.0,0.0
39383,0.0,0.0,0.0
39384,0.0,0.0,0.0
39385,0.0,0.0,0.0
39386,0.0,0.0,0.0
39387,0.0,0.0,0.0
39388,0.0,0.0,0.0
39389,0.0,0.0,0.0
39390,0.0,0.0,0.0
39391,0.0,0.0,0.0
39392,0.0,0.0,0.0
39393,0.0,0.0,0.0
39394,0.0,0.0,0.0
39395,0.0,0.0,0.0
39396,0.0,0.0,0.0
39397,0.0,0.0,0.0
39398,0.0,0.0,0.0
39399,0.0,0.0,0.0
39400,0.0,0.0,0.0
39401,0.0,0.0,0.0
39402,0.0,0.0,0.0
39403,0.0,0.0,0.0
39404,0.0,0.0,0.0
39405,0.0,0.0,0.0
39406,0.0,0.0,0.0
39407,0.0,0.0,0.0
39408,0.0,0.0,0.0
39409,0.0,0.0,0.0
39410,0.0,0.0,0.0
39411,0.0,0.0,0.0
39412,0.0,0.0,0.0
39413,0.0,0.0,0.0
39414,0.0,0.0,0.0
39415,0.0,0.0,0.0
39416,0.0,0.0,0.0
39417,0.0,0.0,0.0
39418,0.0,0.0,0.0
39419,0.0,0.0,0.0
39420,0.0,0.0,0.0
39421,0.0,0.0,0.0
39422,0.0,0.0,0.0
39423,0.0,0.0,0.0
39424,0.0,0.0,0.0
39425,0.0,0.0,0.0
39426,0.0,0.0,0.0
39427,0.0,0.0,0.0
39428,0.0,0.0,0.0
39429,0.0,0.0,0.0
39430,0.0,0.0,0.0
39431,0.0,0.0,0.0
39432,0.0,0.0,0.0
39433,0.0,0.0,0.0
39434,0.0,0.0,0.0
39435,0.0,0.0,0.0
39436,0.0,0.0,0.0
39437,0.0,0.0,0.0
39438,0.0,0.0,0.0
39439,0.0,0.0,0.0
39440,0.0,0.0,0.0
39441,0.0,0.0,0.0
39442,0.0,0.0,0.0
39443,0.0,0.0,0.0
39444,0.0,0.0,0.0
39445,0.0,0.0,0.0
39446,0.0,0.0,0.0
39447,0.0,0.0,0.0
39448,0.0,0.0,0.0
39449,0.0,0.0,0.0
39450,0.0,0.0,0.0
39451,0.0,0.0,0.0
39452,0.0,0.0,0.0
39453,0.0,0.0,0.0
39454,0.0,0.0,0.0
39455,0.0,0.0,0.0
39456,0.0,0.0,0.0
39457,0.0,0.0,0.0
39458,0.0,0.0,0.0
39459,0.0,0.0,0.0
39460,0.0,0.0,0.0
39461,0.0,0.0,0.0
39462,0.0,0.0,0.0
39463,0.0,0.0,0.0
39464,0.0,0.0,0.0
39465,0.0,0.0,0.0
39466,0.0,0.0,0.0
39467,0.0,0.0,0.0
39468,0.0,0.0,0.0
39469,0.0,0.0,0.0
39470,0.0,0.0,0.0
39471,0.0,0.0,0.0
39472,0.0,0.0,0.0
39473,0.0,0.0,0.0
39474,0.0,0.0,0.0
39475,0.0,0.0,0.0
39476,0.0,0.0,0.0
39477,0.0,0.0,0.0
39478,0.0,0.0,0.0
39479,0.0,0.0,0.0
39480,0.0,0.0,0.0
39481,0.0,0.0,0.0
39482,0.0,0.0,0.0
39483,0.0,0.0,0.0
39484,0.0,0.0,0.0
39485,0.0,0.0,0.0
39486,0.0,0.0,0.0
39487,0.0,0.0,0.0
39488,0.0,0.0,0.0
39489,0.0,0.0,0.0
39490,0.0,0.0,0.0
39491,0.0,0.0,0.0
39492,0.0,0.0,0.0
39493,0.0,0.0,0.0
39494,0.0,0.0,0.0
39495,0.0,0.0,0.0
39496,0.0,0.0,0.0
39497,0.0,0.0,0.0
39498,0.0,0.0,0.0
39499,0.0,0.0,0.0
39500,0.0,0.0,0.0
39501,0.0,0.0,0.0
39502,0.0,0.0,0.0
39503,0.0,0.0,0.0
39504,0.0,0.0,0.0
39505,0.0,0.0,0.0
39506,0.0,0.0,0.0
39507,0.0,0.0,0.0
39508,0.0,0.0,0.0
39509,0.0,0.0,0.0
39510,0.0,0.0,0.0
39511,0.0,0.0,0.0
39512,0.0,0.0,0.0
39513,0.0,0.0,0.0
39514,0.0,0.0,0.0
39515,0.0,0.0,0.0
39516,0.0,0.0,0.0
39517,0.0,0.0,0.0
39518,0.0,0.0,0.0
39519,0.0,0.0,0.0
39520,0.0,0.0,0.0
39521,0.0,0.0,0.0
39522,0.0,0.0,0.0
39523,0.0,0.0,0.0
39524,0.0,0.0,0.0
39525,0.0,0.0,0.0
39526,0.0,0.0,0.0
39527,0.0,0.0,0.0
39528,0.0,0.0,0.0
39529,0.0,0.0,0.0
39530,0.0,0.0,0.0
39531,0.0,0.0,0.0
39532,0.0,0.0,0.0
39533,0.0,0.0,0.0
39534,0.0,0.0,0.0
39535,0.0,0.0,0.0
39536,0.0,0.0,0.0
39537,0.0,0.0,0.0
39538,0.0,0.0,0.0
39539,0.0,0.0,0.0
39540,0.0,0.0,0.0
39541,0.0,0.0,0.0
39542,0.0,0.0,0.0
39543,0.0,0.0,0.0
39544,0.0,0.0,0.0
39545,0.0,0.0,0.0
39546,0.0,0.0,0.0
39547,0.0,0.0,0.0
39548,0.0,0.0,0.0
39549,0.0,0.0,0.0
39550,0.0,0.0,0.0
39551,0.0,0.0,0.0
39552,0.0,0.0,0.0
39553,0.0,0.0,0.0
39554,0.0,0.0,0.0
39555,0.0,0.0,0.0
39556,0.0,0.0,0.0
39557,0.0,0.0,0.0
39558,0.0,0.0,0.0
39559,0.0,0.0,0.0
39560,0.0,0.0,0.0
39561,0.0,0.0,0.0
39562,0.0,0.0,0.0
39563,0.0,0.0,0.0
39564,0.0,0.0,0.0
39565,0.0,0.0,0.0
39566,0.0,0.0,0.0
39567,0.0,0.0,0.0
39568,0.0,0.0,0.0
39569,0.0,0.0,0.0
39570,0.0,0.0,0.0
39571,0.0,0.0,0.0
39572,0.0,0.0,0.0
39573,0.0,0.0,0.0
39574,0.0,0.0,0.0
39575,0.0,0.0,0.0
39576,0.0,0.0,0.0
39577,0.0,0.0,0.0
39578,0.0,0.0,0.0
39579,0.0,0.0,0.0
39580,0.0,0.0,0.0
39581,0.0,0.0,0.0
39582,0.0,0.0,0.0
39583,0.0,0.0,0.0
39584,0.0,0.0,0.0
39585,0.0,0.0,0.0
39586,0.0,0.0,0.0
39587,0.0,0.0,0.0
39588,0.0,0.0,0.0
39589,0.0,0.0,0.0
39590,0.0,0.0,0.0
39591,0.0,0.0,0.0
39592,0.0,0.0,0.0
39593,0.0,0.0,0.0
39594,0.0,0.0,0.0
39595,0.0,0.0,0.0
39596,0.0,0.0,0.0
39597,0.0,0.0,0.0
39598,0.0,0.0,0.0
39599,0.0,0.0,0.0
39600,0.0,0.0,0.0
39601,0.0,0.0,0.0
39602,0.0,0.0,0.0
39603,0.0,0.0,0.0
39604,0.0,0.0,0.0
39605,0.0,0.0,0.0
39606,0.0,0.0,0.0
39607,0.0,0.0,0.0
39608,0.0,0.0,0.0
39609,0.0,0.0,0.0
39610,0.0,0.0,0.0
39611,0.0,0.0,0.0
39612,0.0,0.0,0.0
39613,0.0,0.0,0.0
39614,0.0,0.0,0.0
39615,0.0,0.0,0.0
39616,0.0,0.0,0.0
39617,0.0,0.0,0.0
39618,0.0,0.0,0.0
39619,0.0,0.0,0.0
39620,0.0,0.0,0.0
39621,0.0,0.0,0.0
39622,0.0,0.0,0.0
39623,0.0,0.0,0.0
39624,0.0,0.0,0.0
39625,0.0,0.0,0.0
39626,0.0,0.0,0.0
39627,0.0,0.0,0.0
39628,0.0,0.0,0.0
39629,0.0,0.0,0.0
39630,0.0,0.0,0.0
39631,0.0,0.0,0.0
39632,0.0,0.0,0.0
39633,0.0,0.0,0.0
39634,0.0,0.0,0.0
39635,0.0,0.0,0.0
39636,0.0,0.0,0.0
39637,0.0,0.0,0.0
39638,0.0,0.0,0.0
39639,0.0,0.0,0.0
39640,0.0,0.0,0.0
39641,0.0,0.0,0.0
39642,0.0,0.0,0.0
39643,0.0,0.0,0.0
39644,0.0,0.0,0.0
39645,0.0,0.0,0.0
39646,0.0,0.0,0.0
39647,0.0,0.0,0.0
39648,0.0,0.0,0.0
39649,0.0,0.0,0.0
39650,0.0,0.0,0.0
39651,0.0,0.0,0.0
39652,0.0,0.0,0.0
39653,0.0,0.0,0.0
39654,0.0,0.0,0.0
39655,0.0,0.0,0.0
39656,0.0,0.0,0.0
39657,0.0,0.0,0.0
39658,0.0,0.0,0.0
39659,0.0,0.0,0.0
39660,0.0,0.0,0.0
39661,0.0,0.0,0.0
39662,0.0,0.0,0.0
39663,0.0,0.0,0.0
39664,0.0,0.0,0.0
39665,0.0,0.0,0.0
39666,0.0,0.0,0.0
39667,0.0,0.0,0.0
39668,0.0,0.0,0.0
39669,0.0,0.0,0.0
39670,0.0,0.0,0.0
39671,0.0,0.0,0.0
39672,0.0,0.0,0.0
39673,0.0,0.0,0.0
39674,0.0,0.0,0.0
39675,0.0,0.0,0.0
39676,0.0,0.0,0.0
39677,0.0,0.0,0.0
39678,0.0,0.0,0.0
39679,0.0,0.0,0.0
39680,0.0,0.0,0.0
39681,0.0,0.0,0.0
39682,0.0,0.0,0.0
39683,0.0,0.0,0.0
39684,0.0,0.0,0.0
39685,0.0,0.0,0.0
39686,0.0,0.0,0.0
39687,0.0,0.0,0.0
39688,0.0,0.0,0.0
39689,0.0,0.0,0.0
39690,0.0,0.0,0.0
39691,0.0,0.0,0.0
39692,0.0,0.0,0.0
39693,0.0,0.0,0.0
39694,0.0,0.0,0.0
39695,0.0,0.0,0.0
39696,0.0,0.0,0.0
39697,0.0,0.0,0.0
39698,0.0,0.0,0.0
39699,0.0,0.0,0.0
39700,0.0,0.0,0.0
39701,0.0,0.0,0.0
39702,0.0,0.0,0.0
39703,0.0,0.0,0.0
39704,0.0,0.0,0.0
39705,0.0,0.0,0.0
39706,0.0,0.0,0.0
39707,0.0,0.0,0.0
39708,0.0,0.0,0.0
39709,0.0,0.0,0.0
39710,0.0,0.0,0.0
39711,0.0,0.0,0.0
39712,0.0,0.0,0.0
39713,0.0,0.0,0.0
39714,0.0,0.0,0.0
39715,0.0,0.0,0.0
39716,0.0,0.0,0.0
39717,0.0,0.0,0.0
39718,0.0,0.0,0.0
39719,0.0,0.0,0.0
39720,0.0,0.0,0.0
39721,0.0,0.0,0.0
39722,0.0,0.0,0.0
39723,0.0,0.0,0.0
39724,0.0,0.0,0.0
39725,0.0,0.0,0.0
39726,0.0,0.0,0.0
39727,0.0,0.0,0.0
39728,0.0,0.0,0.0
39729,0.0,0.0,0.0
39730,0.0,0.0,0.0
39731,0.0,0.0,0.0
39732,0.0,0.0,0.0
39733,0.0,0.0,0.0
39734,0.0,0.0,0.0
39735,0.0,0.0,0.0
39736,0.0,0.0,0.0
39737,0.0,0.0,0.0
39738,0.0,0.0,0.0
39739,0.0,0.0,0.0
39740,0.0,0.0,0.0
39741,0.0,0.0,0.0
39742,0.0,0.0,0.0
39743,0.0,0.0,0.0
39744,0.0,0.0,0.0
39745,0.0,0.0,0.0
39746,0.0,0.0,0.0
39747,0.0,0.0,0.0
39748,0.0,0.0,0.0
39749,0.0,0.0,0.0
39750,0.0,0.0,0.0
39751,0.0,0.0,0.0
39752,0.0,0.0,0.0
39753,0.0,0.0,0.0
39754,0.0,0.0,0.0
39755,0.0,0.0,0.0
39756,0.0,0.0,0.0
39757,0.0,0.0,0.0
39758,0.0,0.0,0.0
39759,0.0,0.0,0.0
39760,0.0,0.0,0.0
39761,0.0,0.0,0.0
39762,0.0,0.0,0.0
39763,0.0,0.0,0.0
39764,0.0,0.0,0.0
39765,0.0,0.0,0.0
39766,0.0,0.0,0.0
39767,0.0,0.0,0.0
39768,0.0,0.0,0.0
39769,0.0,0.0,0.0
39770,0.0,0.0,0.0
39771,0.0,0.0,0.0
39772,0.0,0.0,0.0
39773,0.0,0.0,0.0
39774,0.0,0.0,0.0
39775,0.0,0.0,0.0
39776,0.0,0.0,0.0
39777,0.0,0.0,0.0
39778,0.0,0.0,0.0
39779,0.0,0.0,0.0
39780,0.0,0.0,0.0
39781,0.0,0.0,0.0
39782,0.0,0.0,0.0
39783,0.0,0.0,0.0
39784,0.0,0.0,0.0
39785,0.0,0.0,0.0
39786,0.0,0.0,0.0
39787,0.0,0.0,0.0
39788,0.0,0.0,0.0
39789,0.0,0.0,0.0
39790,0.0,0.0,0.0
39791,0.0,0.0,0.0
39792,0.0,0.0,0.0
39793,0.0,0.0,0.0
39794,0.0,0.0,0.0
39795,0.0,0.0,0.0
39796,0.0,0.0,0.0
39797,0.0,0.0,0.0
39798,0.0,0.0,0.0
39799,0.0,0.0,0.0
39800,0.0,0.0,0.0
39801,0.0,0.0,0.0
39802,0.0,0.0,0.0
39803,0.0,0.0,0.0
39804,0.0,0.0,0.0
39805,0.0,0.0,0.0
39806,0.0,0.0,0.0
39807,0.0,0.0,0.0
39808,0.0,0.0,0.0
39809,0.0,0.0,0.0
39810,0.0,0.0,0.0
39811,0.0,0.0,0.0
39812,0.0,0.0,0.0
39813,0.0,0.0,0.0
39814,0.0,0.0,0.0
39815,0.0,0.0,0.0
39816,0.0,0.0,0.0
39817,0.0,0.0,0.0
39818,0.0,0.0,0.0
39819,0.0,0.0,0.0
39820,0.0,0.0,0.0
39821,0.0,0.0,0.0
39822,0.0,0.0,0.0
39823,0.0,0.0,0.0
39824,0.0,0.0,0.0
39825,0.0,0.0,0.0
39826,0.0,0.0,0.0
39827,0.0,0.0,0.0
39828,0.0,0.0,0.0
39829,0.0,0.0,0.0
39830,0.0,0.0,0.0
39831,0.0,0.0,0.0
39832,0.0,0.0,0.0
39833,0.0,0.0,0.0
39834,0.0,0.0,0.0
39835,0.0,0.0,0.0
39836,0.0,0.0,0.0
39837,0.0,0.0,0.0
39838,0.0,0.0,0.0
39839,0.0,0.0,0.0
39840,0.0,0.0,0.0
39841,0.0,0.0,0.0
39842,0.0,0.0,0.0
39843,0.0,0.0,0.0
39844,0.0,0.0,0.0
39845,0.0,0.0,0.0
39846,0.0,0.0,0.0
39847,0.0,0.0,0.0
39848,0.0,0.0,0.0
39849,0.0,0.0,0.0
39850,0.0,0.0,0.0
39851,0.0,0.0,0.0
39852,0.0,0.0,0.0
39853,0.0,0.0,0.0
39854,0.0,0.0,0.0
39855,0.0,0.0,0.0
39856,0.0,0.0,0.0
39857,0.0,0.0,0.0
39858,0.0,0.0,0.0
39859,0.0,0.0,0.0
39860,0.0,0.0,0.0
39861,0.0,0.0,0.0
39862,0.0,0.0,0.0
39863,0.0,0.0,0.0
39864,0.0,0.0,0.0
39865,0.0,0.0,0.0
39866,0.0,0.0,0.0
39867,0.0,0.0,0.0
39868,0.0,0.0,0.0
39869,0.0,0.0,0.0
39870,0.0,0.0,0.0
39871,0.0,0.0,0.0
39872,0.0,0.0,0.0
39873,0.0,0.0,0.0
39874,0.0,0.0,0.0
39875,0.0,0.0,0.0
39876,0.0,0.0,0.0
39877,0.0,0.0,0.0
39878,0.0,0.0,0.0
39879,0.0,0.0,0.0
39880,0.0,0.0,0.0
39881,0.0,0.0,0.0
39882,0.0,0.0,0.0
39883,0.0,0.0,0.0
39884,0.0,0.0,0.0
39885,0.0,0.0,0.0
39886,0.0,0.0,0.0
39887,0.0,0.0,0.0
39888,0.0,0.0,0.0
39889,0.0,0.0,0.0
39890,0.0,0.0,0.0
39891,0.0,0.0,0.0
39892,0.0,0.0,0.0
39893,0.0,0.0,0.0
39894,0.0,0.0,0.0
39895,0.0,0.0,0.0
39896,0.0,0.0,0.0
39897,0.0,0.0,0.0
39898,0.0,0.0,0.0
39899,0.0,0.0,0.0
39900,0.0,0.0,0.0
39901,0.0,0.0,0.0
39902,0.0,0.0,0.0
39903,0.0,0.0,0.0
39904,0.0,0.0,0.0
39905,0.0,0.0,0.0
39906,0.0,0.0,0.0
39907,0.0,0.0,0.0
39908,0.0,0.0,0.0
39909,0.0,0.0,0.0
39910,0.0,0.0,0.0
39911,0.0,0.0,0.0
39912,0.0,0.0,0.0
39913,0.0,0.0,0.0
39914,0.0,0.0,0.0
39915,0.0,0.0,0.0
39916,0.0,0.0,0.0
39917,0.0,0.0,0.0
39918,0.0,0.0,0.0
39919,0.0,0.0,0.0
39920,0.0,0.0,0.0
39921,0.0,0.0,0.0
39922,0.0,0.0,0.0
39923,0.0,0.0,0.0
39924,0.0,0.0,0.0
39925,0.0,0.0,0.0
39926,0.0,0.0,0.0
39927,0.0,0.0,0.0
39928,0.0,0.0,0.0
39929,0.0,0.0,0.0
39930,0.0,0.0,0.0
39931,0.0,0.0,0.0
39932,0.0,0.0,0.0
39933,0.0,0.0,0.0
39934,0.0,0.0,0.0
39935,0.0,0.0,0.0
39936,0.0,0.0,0.0
39937,0.0,0.0,0.0
39938,0.0,0.0,0.0
39939,0.0,0.0,0.0
39940,0.0,0.0,0.0
39941,0.0,0.0,0.0
39942,0.0,0.0,0.0
39943,0.0,0.0,0.0
39944,0.0,0.0,0.0
39945,0.0,0.0,0.0
39946,0.0,0.0,0.0
39947,0.0,0.0,0.0
39948,0.0,0.0,0.0
39949,0.0,0.0,0.0
39950,0.0,0.0,0.0
39951,0.0,0.0,0.0
39952,0.0,0.0,0.0
39953,0.0,0.0,0.0
39954,0.0,0.0,0.0
39955,0.0,0.0,0.0
39956,0.0,0.0,0.0
39957,0.0,0.0,0.0
39958,0.0,0.0,0.0
39959,0.0,0.0,0.0
39960,0.0,0.0,0.0
39961,0.0,0.0,0.0
39962,0.0,0.0,0.0
39963,0.0,0.0,0.0
39964,0.0,0.0,0.0
39965,0.0,0.0,0.0
39966,0.0,0.0,0.0
39967,0.0,0.0,0.0
39968,0.0,0.0,0.0
39969,0.0,0.0,0.0
39970,0.0,0.0,0.0
39971,0.0,0.0,0.0
39972,0.0,0.0,0.0
39973,0.0,0.0,0.0
39974,0.0,0.0,0.0
39975,0.0,0.0,0.0
39976,0.0,0.0,0.0
39977,0.0,0.0,0.0
39978,0.0,0.0,0.0
39979,0.0,0.0,0.0
39980,0.0,0.0,0.0
39981,0.0,0.0,0.0
39982,0.0,0.0,0.0
39983,0.0,0.0,0.0
39984,0.0,0.0,0.0
39985,0.0,0.0,0.0
39986,0.0,0.0,0.0
39987,0.0,0.0,0.0
39988,0.0,0.0,0.0
39989,0.0,0.0,0.0
39990,0.0,0.0,0.0
39991,0.0,0.0,0.0
39992,0.0,0.0,0.0
39993,0.0,0.0,0.0
39994,0.0,0.0,0.0
39995,0.0,0.0,0.0
39996,0.0,0.0,0.0
39997,0.0,0.0,0.0
39998,0.0,0.0,0.0
39999,0.0,0.0,0.0
40000,0.0,0.0,0.0
40001,0.0,0.0,0.0
40002,0.0,0.0,0.0
40003,0.0,0.0,0.0
40004,0.0,0.0,0.0
40005,0.0,0.0,0.0
40006,0.0,0.0,0.0
40007,0.0,0.0,0.0
40008,0.0,0.0,0.0
40009,0.0,0.0,0.0
40010,0.0,0.0,0.0
40011,0.0,0.0,0.0
40012,0.0,0.0,0.0
40013,0.0,0.0,0.0
40014,0.0,0.0,0.0
40015,0.0,0.0,0.0
40016,0.0,0.0,0.0
40017,0.0,0.0,0.0
40018,0.0,0.0,0.0
40019,0.0,0.0,0.0
40020,0.0,0.0,0.0
40021,0.0,0.0,0.0
40022,0.0,0.0,0.0
40023,0.0,0.0,0.0
40024,0.0,0.0,0.0
40025,0.0,0.0,0.0
40026,0.0,0.0,0.0
40027,0.0,0.0,0.0
40028,0.0,0.0,0.0
40029,0.0,0.0,0.0
40030,0.0,0.0,0.0
40031,0.0,0.0,0.0
40032,0.0,0.0,0.0
40033,0.0,0.0,0.0
40034,0.0,0.0,0.0
40035,0.0,0.0,0.0
40036,0.0,0.0,0.0
40037,0.0,0.0,0.0
40038,0.0,0.0,0.0
40039,0.0,0.0,0.0
40040,0.0,0.0,0.0
40041,0.0,0.0,0.0
40042,0.0,0.0,0.0
40043,0.0,0.0,0.0
40044,0.0,0.0,0.0
40045,0.0,0.0,0.0
40046,0.0,0.0,0.0
40047,0.0,0.0,0.0
40048,0.0,0.0,0.0
40049,0.0,0.0,0.0
40050,0.0,0.0,0.0
40051,0.0,0.0,0.0
40052,0.0,0.0,0.0
40053,0.0,0.0,0.0
40054,0.0,0.0,0.0
40055,0.0,0.0,0.0
40056,0.0,0.0,0.0
40057,0.0,0.0,0.0
40058,0.0,0.0,0.0
40059,0.0,0.0,0.0
40060,0.0,0.0,0.0
40061,0.0,0.0,0.0
40062,0.0,0.0,0.0
40063,0.0,0.0,0.0
40064,0.0,0.0,0.0
40065,0.0,0.0,0.0
40066,0.0,0.0,0.0
40067,0.0,0.0,0.0
40068,0.0,0.0,0.0
40069,0.0,0.0,0.0
40070,0.0,0.0,0.0
40071,0.0,0.0,0.0
40072,0.0,0.0,0.0
40073,0.0,0.0,0.0
40074,0.0,0.0,0.0
40075,0.0,0.0,0.0
40076,0.0,0.0,0.0
40077,0.0,0.0,0.0
40078,0.0,0.0,0.0
40079,0.0,0.0,0.0
40080,0.0,0.0,0.0
40081,0.0,0.0,0.0
40082,0.0,0.0,0.0
40083,0.0,0.0,0.0
40084,0.0,0.0,0.0
40085,0.0,0.0,0.0
40086,0.0,0.0,0.0
40087,0.0,0.0,0.0
40088,0.0,0.0,0.0
40089,0.0,0.0,0.0
40090,0.0,0.0,0.0
40091,0.0,0.0,0.0
40092,0.0,0.0,0.0
40093,0.0,0.0,0.0
40094,0.0,0.0,0.0
40095,0.0,0.0,0.0
40096,0.0,0.0,0.0
40097,0.0,0.0,0.0
40098,0.0,0.0,0.0
40099,0.0,0.0,0.0
40100,0.0,0.0,0.0
40101,0.0,0.0,0.0
40102,0.0,0.0,0.0
40103,0.0,0.0,0.0
40104,0.0,0.0,0.0
40105,0.0,0.0,0.0
40106,0.0,0.0,0.0
40107,0.0,0.0,0.0
40108,0.0,0.0,0.0
40109,0.0,0.0,0.0
40110,0.0,0.0,0.0
40111,0.0,0.0,0.0
40112,0.0,0.0,0.0
40113,0.0,0.0,0.0
40114,0.0,0.0,0.0
40115,0.0,0.0,0.0
40116,0.0,0.0,0.0
40117,0.0,0.0,0.0
40118,0.0,0.0,0.0
40119,0.0,0.0,0.0
40120,0.0,0.0,0.0
40121,0.0,0.0,0.0
40122,0.0,0.0,0.0
40123,0.0,0.0,0.0
40124,0.0,0.0,0.0
40125,0.0,0.0,0.0
40126,0.0,0.0,0.0
40127,0.0,0.0,0.0
40128,0.0,0.0,0.0
40129,0.0,0.0,0.0
40130,0.0,0.0,0.0
40131,0.0,0.0,0.0
40132,0.0,0.0,0.0
40133,0.0,0.0,0.0
40134,0.0,0.0,0.0
40135,0.0,0.0,0.0
40136,0.0,0.0,0.0
40137,0.0,0.0,0.0
40138,0.0,0.0,0.0
40139,0.0,0.0,0.0
40140,0.0,0.0,0.0
40141,0.0,0.0,0.0
40142,0.0,0.0,0.0
40143,0.0,0.0,0.0
40144,0.0,0.0,0.0
40145,0.0,0.0,0.0
40146,0.0,0.0,0.0
40147,0.0,0.0,0.0
40148,0.0,0.0,0.0
40149,0.0,0.0,0.0
40150,0.0,0.0,0.0
40151,0.0,0.0,0.0
40152,0.0,0.0,0.0
40153,0.0,0.0,0.0
40154,0.0,0.0,0.0
40155,0.0,0.0,0.0
40156,0.0,0.0,0.0
40157,0.0,0.0,0.0
40158,0.0,0.0,0.0
40159,0.0,0.0,0.0
40160,0.0,0.0,0.0
40161,0.0,0.0,0.0
40162,0.0,0.0,0.0
40163,0.0,0.0,0.0
40164,0.0,0.0,0.0
40165,0.0,0.0,0.0
40166,0.0,0.0,0.0
40167,0.0,0.0,0.0
40168,0.0,0.0,0.0
40169,0.0,0.0,0.0
40170,0.0,0.0,0.0
40171,0.0,0.0,0.0
40172,0.0,0.0,0.0
40173,0.0,0.0,0.0
40174,0.0,0.0,0.0
40175,0.0,0.0,0.0
40176,0.0,0.0,0.0
40177,0.0,0.0,0.0
40178,0.0,0.0,0.0
40179,0.0,0.0,0.0
40180,0.0,0.0,0.0
40181,0.0,0.0,0.0
40182,0.0,0.0,0.0
40183,0.0,0.0,0.0
40184,0.0,0.0,0.0
40185,0.0,0.0,0.0
40186,0.0,0.0,0.0
40187,0.0,0.0,0.0
40188,0.0,0.0,0.0
40189,0.0,0.0,0.0
40190,0.0,0.0,0.0
40191,0.0,0.0,0.0
40192,0.0,0.0,0.0
40193,0.0,0.0,0.0
40194,0.0,0.0,0.0
40195,0.0,0.0,0.0
40196,0.0,0.0,0.0
40197,0.0,0.0,0.0
40198,0.0,0.0,0.0
40199,0.0,0.0,0.0
40200,0.0,0.0,0.0
40201,0.0,0.0,0.0
40202,0.0,0.0,0.0
40203,0.0,0.0,0.0
40204,0.0,0.0,0.0
40205,0.0,0.0,0.0
40206,0.0,0.0,0.0
40207,0.0,0.0,0.0
40208,0.0,0.0,0.0
40209,0.0,0.0,0.0
40210,0.0,0.0,0.0
40211,0.0,0.0,0.0
40212,0.0,0.0,0.0
40213,0.0,0.0,0.0
40214,0.0,0.0,0.0
40215,0.0,0.0,0.0
40216,0.0,0.0,0.0
40217,0.0,0.0,0.0
40218,0.0,0.0,0.0
40219,0.0,0.0,0.0
40220,0.0,0.0,0.0
40221,0.0,0.0,0.0
40222,0.0,0.0,0.0
40223,0.0,0.0,0.0
40224,0.0,0.0,0.0
40225,0.0,0.0,0.0
40226,0.0,0.0,0.0
40227,0.0,0.0,0.0
40228,0.0,0.0,0.0
40229,0.0,0.0,0.0
40230,0.0,0.0,0.0
40231,0.0,0.0,0.0
40232,0.0,0.0,0.0
40233,0.0,0.0,0.0
40234,0.0,0.0,0.0
40235,0.0,0.0,0.0
40236,0.0,0.0,0.0
40237,0.0,0.0,0.0
40238,0.0,0.0,0.0
40239,0.0,0.0,0.0
40240,0.0,0.0,0.0
40241,0.0,0.0,0.0
40242,0.0,0.0,0.0
40243,0.0,0.0,0.0
40244,0.0,0.0,0.0
40245,0.0,0.0,0.0
40246,0.0,0.0,0.0
40247,0.0,0.0,0.0
40248,0.0,0.0,0.0
40249,0.0,0.0,0.0
40250,0.0,0.0,0.0
40251,0.0,0.0,0.0
40252,0.0,0.0,0.0
40253,0.0,0.0,0.0
40254,0.0,0.0,0.0
40255,0.0,0.0,0.0
40256,0.0,0.0,0.0
40257,0.0,0.0,0.0
40258,0.0,0.0,0.0
40259,0.0,0.0,0.0
40260,0.0,0.0,0.0
40261,0.0,0.0,0.0
40262,0.0,0.0,0.0
40263,0.0,0.0,0.0
40264,0.0,0.0,0.0
40265,0.0,0.0,0.0
40266,0.0,0.0,0.0
40267,0.0,0.0,0.0
40268,0.0,0.0,0.0
40269,0.0,0.0,0.0
40270,0.0,0.0,0.0
40271,0.0,0.0,0.0
40272,0.0,0.0,0.0
40273,0.0,0.0,0.0
40274,0.0,0.0,0.0
40275,0.0,0.0,0.0
40276,0.0,0.0,0.0
40277,0.0,0.0,0.0
40278,0.0,0.0,0.0
40279,0.0,0.0,0.0
40280,0.0,0.0,0.0
40281,0.0,0.0,0.0
40282,0.0,0.0,0.0
40283,0.0,0.0,0.0
40284,0.0,0.0,0.0
40285,0.0,0.0,0.0
40286,0.0,0.0,0.0
40287,0.0,0.0,0.0
40288,0.0,0.0,0.0
40289,0.0,0.0,0.0
40290,0.0,0.0,0.0
40291,0.0,0.0,0.0
40292,0.0,0.0,0.0
40293,0.0,0.0,0.0
40294,0.0,0.0,0.0
40295,0.0,0.0,0.0
40296,0.0,0.0,0.0
40297,0.0,0.0,0.0
40298,0.0,0.0,0.0
40299,0.0,0.0,0.0
40300,0.0,0.0,0.0
40301,0.0,0.0,0.0
40302,0.0,0.0,0.0
40303,0.0,0.0,0.0
40304,0.0,0.0,0.0
40305,0.0,0.0,0.0
40306,0.0,0.0,0.0
40307,0.0,0.0,0.0
40308,0.0,0.0,0.0
40309,0.0,0.0,0.0
40310,0.0,0.0,0.0
40311,0.0,0.0,0.0
40312,0.0,0.0,0.0
40313,0.0,0.0,0.0
40314,0.0,0.0,0.0
40315,0.0,0.0,0.0
40316,0.0,0.0,0.0
40317,0.0,0.0,0.0
40318,0.0,0.0,0.0
40319,0.0,0.0,0.0
40320,0.0,0.0,0.0
40321,0.0,0.0,0.0
40322,0.0,0.0,0.0
40323,0.0,0.0,0.0
40324,0.0,0.0,0.0
40325,0.0,0.0,0.0
40326,0.0,0.0,0.0
40327,0.0,0.0,0.0
40328,0.0,0.0,0.0
40329,0.0,0.0,0.0
40330,0.0,0.0,0.0
40331,0.0,0.0,0.0
40332,0.0,0.0,0.0
40333,0.0,0.0,0.0
40334,0.0,0.0,0.0
40335,0.0,0.0,0.0
40336,0.0,0.0,0.0
40337,0.0,0.0,0.0
40338,0.0,0.0,0.0
40339,0.0,0.0,0.0
40340,0.0,0.0,0.0
40341,0.0,0.0,0.0
40342,0.0,0.0,0.0
40343,0.0,0.0,0.0
40344,0.0,0.0,0.0
40345,0.0,0.0,0.0
40346,0.0,0.0,0.0
40347,0.0,0.0,0.0
40348,0.0,0.0,0.0
40349,0.0,0.0,0.0
40350,0.0,0.0,0.0
40351,0.0,0.0,0.0
40352,0.0,0.0,0.0
40353,0.0,0.0,0.0
40354,0.0,0.0,0.0
40355,0.0,0.0,0.0
40356,0.0,0.0,0.0
40357,0.0,0.0,0.0
40358,0.0,0.0,0.0
40359,0.0,0.0,0.0
40360,0.0,0.0,0.0
40361,0.0,0.0,0.0
40362,0.0,0.0,0.0
40363,0.0,0.0,0.0
40364,0.0,0.0,0.0
40365,0.0,0.0,0.0
40366,0.0,0.0,0.0
40367,0.0,0.0,0.0
40368,0.0,0.0,0.0
40369,0.0,0.0,0.0
40370,0.0,0.0,0.0
40371,0.0,0.0,0.0
40372,0.0,0.0,0.0
40373,0.0,0.0,0.0
40374,0.0,0.0,0.0
40375,0.0,0.0,0.0
40376,0.0,0.0,0.0
40377,0.0,0.0,0.0
40378,0.0,0.0,0.0
40379,0.0,0.0,0.0
40380,0.0,0.0,0.0
40381,0.0,0.0,0.0
40382,0.0,0.0,0.0
40383,0.0,0.0,0.0
40384,0.0,0.0,0.0
40385,0.0,0.0,0.0
40386,0.0,0.0,0.0
40387,0.0,0.0,0.0
40388,0.0,0.0,0.0
40389,0.0,0.0,0.0
40390,0.0,0.0,0.0
40391,0.0,0.0,0.0
40392,0.0,0.0,0.0
40393,0.0,0.0,0.0
40394,0.0,0.0,0.0
40395,0.0,0.0,0.0
40396,0.0,0.0,0.0
40397,0.0,0.0,0.0
40398,0.0,0.0,0.0
40399,0.0,0.0,0.0
40400,0.0,0.0,0.0
40401,0.0,0.0,0.0
40402,0.0,0.0,0.0
40403,0.0,0.0,0.0
40404,0.0,0.0,0.0
40405,0.0,0.0,0.0
40406,0.0,0.0,0.0
40407,0.0,0.0,0.0
40408,0.0,0.0,0.0
40409,0.0,0.0,0.0
40410,0.0,0.0,0.0
40411,0.0,0.0,0.0
40412,0.0,0.0,0.0
40413,0.0,0.0,0.0
40414,0.0,0.0,0.0
40415,0.0,0.0,0.0
40416,0.0,0.0,0.0
40417,0.0,0.0,0.0
40418,0.0,0.0,0.0
40419,0.0,0.0,0.0
40420,0.0,0.0,0.0
40421,0.0,0.0,0.0
40422,0.0,0.0,0.0
40423,0.0,0.0,0.0
40424,0.0,0.0,0.0
40425,0.0,0.0,0.0
40426,0.0,0.0,0.0
40427,0.0,0.0,0.0
40428,0.0,0.0,0.0
40429,0.0,0.0,0.0
40430,0.0,0.0,0.0
40431,0.0,0.0,0.0
40432,0.0,0.0,0.0
40433,0.0,0.0,0.0
40434,0.0,0.0,0.0
40435,0.0,0.0,0.0
40436,0.0,0.0,0.0
40437,0.0,0.0,0.0
40438,0.0,0.0,0.0
40439,0.0,0.0,0.0
40440,0.0,0.0,0.0
40441,0.0,0.0,0.0
40442,0.0,0.0,0.0
40443,0.0,0.0,0.0
40444,0.0,0.0,0.0
40445,0.0,0.0,0.0
40446,0.0,0.0,0.0
40447,0.0,0.0,0.0
40448,0.0,0.0,0.0
40449,0.0,0.0,0.0
40450,0.0,0.0,0.0
40451,0.0,0.0,0.0
40452,0.0,0.0,0.0
40453,0.0,0.0,0.0
40454,0.0,0.0,0.0
40455,0.0,0.0,0.0
40456,0.0,0.0,0.0
40457,0.0,0.0,0.0
40458,0.0,0.0,0.0
40459,0.0,0.0,0.0
40460,0.0,0.0,0.0
40461,0.0,0.0,0.0
40462,0.0,0.0,0.0
40463,0.0,0.0,0.0
40464,0.0,0.0,0.0
40465,0.0,0.0,0.0
40466,0.0,0.0,0.0
40467,0.0,0.0,0.0
40468,0.0,0.0,0.0
40469,0.0,0.0,0.0
40470,0.0,0.0,0.0
40471,0.0,0.0,0.0
40472,0.0,0.0,0.0
40473,0.0,0.0,0.0
40474,0.0,0.0,0.0
40475,0.0,0.0,0.0
40476,0.0,0.0,0.0
40477,0.0,0.0,0.0
40478,0.0,0.0,0.0
40479,0.0,0.0,0.0
40480,0.0,0.0,0.0
40481,0.0,0.0,0.0
40482,0.0,0.0,0.0
40483,0.0,0.0,0.0
40484,0.0,0.0,0.0
40485,0.0,0.0,0.0
40486,0.0,0.0,0.0
40487,0.0,0.0,0.0
40488,0.0,0.0,0.0
40489,0.0,0.0,0.0
40490,0.0,0.0,0.0
40491,0.0,0.0,0.0
40492,0.0,0.0,0.0
40493,0.0,0.0,0.0
40494,0.0,0.0,0.0
40495,0.0,0.0,0.0
40496,0.0,0.0,0.0
40497,0.0,0.0,0.0
40498,0.0,0.0,0.0
40499,0.0,0.0,0.0
40500,0.0,0.0,0.0
40501,0.0,0.0,0.0
40502,0.0,0.0,0.0
40503,0.0,0.0,0.0
40504,0.0,0.0,0.0
40505,0.0,0.0,0.0
40506,0.0,0.0,0.0
40507,0.0,0.0,0.0
40508,0.0,0.0,0.0
40509,0.0,0.0,0.0
40510,0.0,0.0,0.0
40511,0.0,0.0,0.0
40512,0.0,0.0,0.0
40513,0.0,0.0,0.0
40514,0.0,0.0,0.0
40515,0.0,0.0,0.0
40516,0.0,0.0,0.0
40517,0.0,0.0,0.0
40518,0.0,0.0,0.0
40519,0.0,0.0,0.0
40520,0.0,0.0,0.0
40521,0.0,0.0,0.0
40522,0.0,0.0,0.0
40523,0.0,0.0,0.0
40524,0.0,0.0,0.0
40525,0.0,0.0,0.0
40526,0.0,0.0,0.0
40527,0.0,0.0,0.0
40528,0.0,0.0,0.0
40529,0.0,0.0,0.0
40530,0.0,0.0,0.0
40531,0.0,0.0,0.0
40532,0.0,0.0,0.0
40533,0.0,0.0,0.0
40534,0.0,0.0,0.0
40535,0.0,0.0,0.0
40536,0.0,0.0,0.0
40537,0.0,0.0,0.0
40538,0.0,0.0,0.0
40539,0.0,0.0,0.0
40540,0.0,0.0,0.0
40541,0.0,0.0,0.0
40542,0.0,0.0,0.0
40543,0.0,0.0,0.0
40544,0.0,0.0,0.0
40545,0.0,0.0,0.0
40546,0.0,0.0,0.0
40547,0.0,0.0,0.0
40548,0.0,0.0,0.0
40549,0.0,0.0,0.0
40550,0.0,0.0,0.0
40551,0.0,0.0,0.0
40552,0.0,0.0,0.0
40553,0.0,0.0,0.0
40554,0.0,0.0,0.0
40555,0.0,0.0,0.0
40556,0.0,0.0,0.0
40557,0.0,0.0,0.0
40558,0.0,0.0,0.0
40559,0.0,0.0,0.0
40560,0.0,0.0,0.0
40561,0.0,0.0,0.0
40562,0.0,0.0,0.0
40563,0.0,0.0,0.0
40564,0.0,0.0,0.0
40565,0.0,0.0,0.0
40566,0.0,0.0,0.0
40567,0.0,0.0,0.0
40568,0.0,0.0,0.0
40569,0.0,0.0,0.0
40570,0.0,0.0,0.0
40571,0.0,0.0,0.0
40572,0.0,0.0,0.0
40573,0.0,0.0,0.0
40574,0.0,0.0,0.0
40575,0.0,0.0,0.0
40576,0.0,0.0,0.0
40577,0.0,0.0,0.0
40578,0.0,0.0,0.0
40579,0.0,0.0,0.0
40580,0.0,0.0,0.0
40581,0.0,0.0,0.0
40582,0.0,0.0,0.0
40583,0.0,0.0,0.0
40584,0.0,0.0,0.0
40585,0.0,0.0,0.0
40586,0.0,0.0,0.0
40587,0.0,0.0,0.0
40588,0.0,0.0,0.0
40589,0.0,0.0,0.0
40590,0.0,0.0,0.0
40591,0.0,0.0,0.0
40592,0.0,0.0,0.0
40593,0.0,0.0,0.0
40594,0.0,0.0,0.0
40595,0.0,0.0,0.0
40596,0.0,0.0,0.0
40597,0.0,0.0,0.0
40598,0.0,0.0,0.0
40599,0.0,0.0,0.0
40600,0.0,0.0,0.0
40601,0.0,0.0,0.0
40602,0.0,0.0,0.0
40603,0.0,0.0,0.0
40604,0.0,0.0,0.0
40605,0.0,0.0,0.0
40606,0.0,0.0,0.0
40607,0.0,0.0,0.0
40608,0.0,0.0,0.0
40609,0.0,0.0,0.0
40610,0.0,0.0,0.0
40611,0.0,0.0,0.0
40612,0.0,0.0,0.0
40613,0.0,0.0,0.0
40614,0.0,0.0,0.0
40615,0.0,0.0,0.0
40616,0.0,0.0,0.0
40617,0.0,0.0,0.0
40618,0.0,0.0,0.0
40619,0.0,0.0,0.0
40620,0.0,0.0,0.0
40621,0.0,0.0,0.0
40622,0.0,0.0,0.0
40623,0.0,0.0,0.0
40624,0.0,0.0,0.0
40625,0.0,0.0,0.0
40626,0.0,0.0,0.0
40627,0.0,0.0,0.0
40628,0.0,0.0,0.0
40629,0.0,0.0,0.0
40630,0.0,0.0,0.0
40631,0.0,0.0,0.0
40632,0.0,0.0,0.0
40633,0.0,0.0,0.0
40634,0.0,0.0,0.0
40635,0.0,0.0,0.0
40636,0.0,0.0,0.0
40637,0.0,0.0,0.0
40638,0.0,0.0,0.0
40639,0.0,0.0,0.0
40640,0.0,0.0,0.0
40641,0.0,0.0,0.0
40642,0.0,0.0,0.0
40643,0.0,0.0,0.0
40644,0.0,0.0,0.0
40645,0.0,0.0,0.0
40646,0.0,0.0,0.0
40647,0.0,0.0,0.0
40648,0.0,0.0,0.0
40649,0.0,0.0,0.0
40650,0.0,0.0,0.0
40651,0.0,0.0,0.0
40652,0.0,0.0,0.0
40653,0.0,0.0,0.0
40654,0.0,0.0,0.0
40655,0.0,0.0,0.0
40656,0.0,0.0,0.0
40657,0.0,0.0,0.0
40658,0.0,0.0,0.0
40659,0.0,0.0,0.0
40660,0.0,0.0,0.0
40661,0.0,0.0,0.0
40662,0.0,0.0,0.0
40663,0.0,0.0,0.0
40664,0.0,0.0,0.0
40665,0.0,0.0,0.0
40666,0.0,0.0,0.0
40667,0.0,0.0,0.0
40668,0.0,0.0,0.0
40669,0.0,0.0,0.0
40670,0.0,0.0,0.0
40671,0.0,0.0,0.0
40672,0.0,0.0,0.0
40673,0.0,0.0,0.0
40674,0.0,0.0,0.0
40675,0.0,0.0,0.0
40676,0.0,0.0,0.0
40677,0.0,0.0,0.0
40678,0.0,0.0,0.0
40679,0.0,0.0,0.0
40680,0.0,0.0,0.0
40681,0.0,0.0,0.0
40682,0.0,0.0,0.0
40683,0.0,0.0,0.0
40684,0.0,0.0,0.0
40685,0.0,0.0,0.0
40686,0.0,0.0,0.0
40687,0.0,0.0,0.0
40688,0.0,0.0,0.0
40689,0.0,0.0,0.0
40690,0.0,0.0,0.0
40691,0.0,0.0,0.0
40692,0.0,0.0,0.0
40693,0.0,0.0,0.0
40694,0.0,0.0,0.0
40695,0.0,0.0,0.0
40696,0.0,0.0,0.0
40697,0.0,0.0,0.0
40698,0.0,0.0,0.0
40699,0.0,0.0,0.0
40700,0.0,0.0,0.0
40701,0.0,0.0,0.0
40702,0.0,0.0,0.0
40703,0.0,0.0,0.0
40704,0.0,0.0,0.0
40705,0.0,0.0,0.0
40706,0.0,0.0,0.0
40707,0.0,0.0,0.0
40708,0.0,0.0,0.0
40709,0.0,0.0,0.0
40710,0.0,0.0,0.0
40711,0.0,0.0,0.0
40712,0.0,0.0,0.0
40713,0.0,0.0,0.0
40714,0.0,0.0,0.0
40715,0.0,0.0,0.0
40716,0.0,0.0,0.0
40717,0.0,0.0,0.0
40718,0.0,0.0,0.0
40719,0.0,0.0,0.0
40720,0.0,0.0,0.0
40721,0.0,0.0,0.0
40722,0.0,0.0,0.0
40723,0.0,0.0,0.0
40724,0.0,0.0,0.0
40725,0.0,0.0,0.0
40726,0.0,0.0,0.0
40727,0.0,0.0,0.0
40728,0.0,0.0,0.0
40729,0.0,0.0,0.0
40730,0.0,0.0,0.0
40731,0.0,0.0,0.0
40732,0.0,0.0,0.0
40733,0.0,0.0,0.0
40734,0.0,0.0,0.0
40735,0.0,0.0,0.0
40736,0.0,0.0,0.0
40737,0.0,0.0,0.0
40738,0.0,0.0,0.0
40739,0.0,0.0,0.0
40740,0.0,0.0,0.0
40741,0.0,0.0,0.0
40742,0.0,0.0,0.0
40743,0.0,0.0,0.0
40744,0.0,0.0,0.0
40745,0.0,0.0,0.0
40746,0.0,0.0,0.0
40747,0.0,0.0,0.0
40748,0.0,0.0,0.0
40749,0.0,0.0,0.0
40750,0.0,0.0,0.0
40751,0.0,0.0,0.0
40752,0.0,0.0,0.0
40753,0.0,0.0,0.0
40754,0.0,0.0,0.0
40755,0.0,0.0,0.0
40756,0.0,0.0,0.0
40757,0.0,0.0,0.0
40758,0.0,0.0,0.0
40759,0.0,0.0,0.0
40760,0.0,0.0,0.0
40761,0.0,0.0,0.0
40762,0.0,0.0,0.0
40763,0.0,0.0,0.0
40764,0.0,0.0,0.0
40765,0.0,0.0,0.0
40766,0.0,0.0,0.0
40767,0.0,0.0,0.0
40768,0.0,0.0,0.0
40769,0.0,0.0,0.0
40770,0.0,0.0,0.0
40771,0.0,0.0,0.0
40772,0.0,0.0,0.0
40773,0.0,0.0,0.0
40774,0.0,0.0,0.0
40775,0.0,0.0,0.0
40776,0.0,0.0,0.0
40777,0.0,0.0,0.0
40778,0.0,0.0,0.0
40779,0.0,0.0,0.0
40780,0.0,0.0,0.0
40781,0.0,0.0,0.0
40782,0.0,0.0,0.0
40783,0.0,0.0,0.0
40784,0.0,0.0,0.0
40785,0.0,0.0,0.0
40786,0.0,0.0,0.0
40787,0.0,0.0,0.0
40788,0.0,0.0,0.0
40789,0.0,0.0,0.0
40790,0.0,0.0,0.0
40791,0.0,0.0,0.0
40792,0.0,0.0,0.0
40793,0.0,0.0,0.0
40794,0.0,0.0,0.0
40795,0.0,0.0,0.0
40796,0.0,0.0,0.0
40797,0.0,0.0,0.0
40798,0.0,0.0,0.0
40799,0.0,0.0,0.0
40800,0.0,0.0,0.0
40801,0.0,0.0,0.0
40802,0.0,0.0,0.0
40803,0.0,0.0,0.0
40804,0.0,0.0,0.0
40805,0.0,0.0,0.0
40806,0.0,0.0,0.0
40807,0.0,0.0,0.0
40808,0.0,0.0,0.0
40809,0.0,0.0,0.0
40810,0.0,0.0,0.0
40811,0.0,0.0,0.0
40812,0.0,0.0,0.0
40813,0.0,0.0,0.0
40814,0.0,0.0,0.0
40815,0.0,0.0,0.0
40816,0.0,0.0,0.0
40817,0.0,0.0,0.0
40818,0.0,0.0,0.0
40819,0.0,0.0,0.0
40820,0.0,0.0,0.0
40821,0.0,0.0,0.0
40822,0.0,0.0,0.0
40823,0.0,0.0,0.0
40824,0.0,0.0,0.0
40825,0.0,0.0,0.0
40826,0.0,0.0,0.0
40827,0.0,0.0,0.0
40828,0.0,0.0,0.0
40829,0.0,0.0,0.0
40830,0.0,0.0,0.0
40831,0.0,0.0,0.0
40832,0.0,0.0,0.0
40833,0.0,0.0,0.0
40834,0.0,0.0,0.0
40835,0.0,0.0,0.0
40836,0.0,0.0,0.0
40837,0.0,0.0,0.0
40838,0.0,0.0,0.0
40839,0.0,0.0,0.0
40840,0.0,0.0,0.0
40841,0.0,0.0,0.0
40842,0.0,0.0,0.0
40843,0.0,0.0,0.0
40844,0.0,0.0,0.0
40845,0.0,0.0,0.0
40846,0.0,0.0,0.0
40847,0.0,0.0,0.0
40848,0.0,0.0,0.0
40849,0.0,0.0,0.0
40850,0.0,0.0,0.0
40851,0.0,0.0,0.0
40852,0.0,0.0,0.0
40853,0.0,0.0,0.0
40854,0.0,0.0,0.0
40855,0.0,0.0,0.0
40856,0.0,0.0,0.0
40857,0.0,0.0,0.0
40858,0.0,0.0,0.0
40859,0.0,0.0,0.0
40860,0.0,0.0,0.0
40861,0.0,0.0,0.0
40862,0.0,0.0,0.0
40863,0.0,0.0,0.0
40864,0.0,0.0,0.0
40865,0.0,0.0,0.0
40866,0.0,0.0,0.0
40867,0.0,0.0,0.0
40868,0.0,0.0,0.0
40869,0.0,0.0,0.0
40870,0.0,0.0,0.0
40871,0.0,0.0,0.0
40872,0.0,0.0,0.0
40873,0.0,0.0,0.0
40874,0.0,0.0,0.0
40875,0.0,0.0,0.0
40876,0.0,0.0,0.0
40877,0.0,0.0,0.0
40878,0.0,0.0,0.0
40879,0.0,0.0,0.0
40880,0.0,0.0,0.0
40881,0.0,0.0,0.0
40882,0.0,0.0,0.0
40883,0.0,0.0,0.0
40884,0.0,0.0,0.0
40885,0.0,0.0,0.0
40886,0.0,0.0,0.0
40887,0.0,0.0,0.0
40888,0.0,0.0,0.0
40889,0.0,0.0,0.0
40890,0.0,0.0,0.0
40891,0.0,0.0,0.0
40892,0.0,0.0,0.0
40893,0.0,0.0,0.0
40894,0.0,0.0,0.0
40895,0.0,0.0,0.0
40896,0.0,0.0,0.0
40897,0.0,0.0,0.0
40898,0.0,0.0,0.0
40899,0.0,0.0,0.0
40900,0.0,0.0,0.0
40901,0.0,0.0,0.0
40902,0.0,0.0,0.0
40903,0.0,0.0,0.0
40904,0.0,0.0,0.0
40905,0.0,0.0,0.0
40906,0.0,0.0,0.0
40907,0.0,0.0,0.0
40908,0.0,0.0,0.0
40909,0.0,0.0,0.0
40910,0.0,0.0,0.0
40911,0.0,0.0,0.0
40912,0.0,0.0,0.0
40913,0.0,0.0,0.0
40914,0.0,0.0,0.0
40915,0.0,0.0,0.0
40916,0.0,0.0,0.0
40917,0.0,0.0,0.0
40918,0.0,0.0,0.0
40919,0.0,0.0,0.0
40920,0.0,0.0,0.0
40921,0.0,0.0,0.0
40922,0.0,0.0,0.0
40923,0.0,0.0,0.0
40924,0.0,0.0,0.0
40925,0.0,0.0,0.0
40926,0.0,0.0,0.0
40927,0.0,0.0,0.0
40928,0.0,0.0,0.0
40929,0.0,0.0,0.0
40930,0.0,0.0,0.0
40931,0.0,0.0,0.0
40932,0.0,0.0,0.0
40933,0.0,0.0,0.0
40934,0.0,0.0,0.0
40935,0.0,0.0,0.0
40936,0.0,0.0,0.0
40937,0.0,0.0,0.0
40938,0.0,0.0,0.0
40939,0.0,0.0,0.0
40940,0.0,0.0,0.0
40941,0.0,0.0,0.0
40942,0.0,0.0,0.0
40943,0.0,0.0,0.0
40944,0.0,0.0,0.0
40945,0.0,0.0,0.0
40946,0.0,0.0,0.0
40947,0.0,0.0,0.0
40948,0.0,0.0,0.0
40949,0.0,0.0,0.0
40950,0.0,0.0,0.0
40951,0.0,0.0,0.0
40952,0.0,0.0,0.0
40953,0.0,0.0,0.0
40954,0.0,0.0,0.0
40955,0.0,0.0,0.0
40956,0.0,0.0,0.0
40957,0.0,0.0,0.0
40958,0.0,0.0,0.0
40959,0.0,0.0,0.0
40960,0.0,0.0,0.0
40961,0.0,0.0,0.0
40962,0.0,0.0,0.0
40963,0.0,0.0,0.0
40964,0.0,0.0,0.0
40965,0.0,0.0,0.0
40966,0.0,0.0,0.0
40967,0.0,0.0,0.0
40968,0.0,0.0,0.0
40969,0.0,0.0,0.0
40970,0.0,0.0,0.0
40971,0.0,0.0,0.0
40972,0.0,0.0,0.0
40973,0.0,0.0,0.0
40974,0.0,0.0,0.0
40975,0.0,0.0,0.0
40976,0.0,0.0,0.0
40977,0.0,0.0,0.0
40978,0.0,0.0,0.0
40979,0.0,0.0,0.0
40980,0.0,0.0,0.0
40981,0.0,0.0,0.0
40982,0.0,0.0,0.0
40983,0.0,0.0,0.0
40984,0.0,0.0,0.0
40985,0.0,0.0,0.0
40986,0.0,0.0,0.0
40987,0.0,0.0,0.0
40988,0.0,0.0,0.0
40989,0.0,0.0,0.0
40990,0.0,0.0,0.0
40991,0.0,0.0,0.0
40992,0.0,0.0,0.0
40993,0.0,0.0,0.0
40994,0.0,0.0,0.0
40995,0.0,0.0,0.0
40996,0.0,0.0,0.0
40997,0.0,0.0,0.0
40998,0.0,0.0,0.0
40999,0.0,0.0,0.0
41000,0.0,0.0,0.0
41001,0.0,0.0,0.0
41002,0.0,0.0,0.0
41003,0.0,0.0,0.0
41004,0.0,0.0,0.0
41005,0.0,0.0,0.0
41006,0.0,0.0,0.0
41007,0.0,0.0,0.0
41008,0.0,0.0,0.0
41009,0.0,0.0,0.0
41010,0.0,0.0,0.0
41011,0.0,0.0,0.0
41012,0.0,0.0,0.0
41013,0.0,0.0,0.0
41014,0.0,0.0,0.0
41015,0.0,0.0,0.0
41016,0.0,0.0,0.0
41017,0.0,0.0,0.0
41018,0.0,0.0,0.0
41019,0.0,0.0,0.0
41020,0.0,0.0,0.0
41021,0.0,0.0,0.0
41022,0.0,0.0,0.0
41023,0.0,0.0,0.0
41024,0.0,0.0,0.0
41025,0.0,0.0,0.0
41026,0.0,0.0,0.0
41027,0.0,0.0,0.0
41028,0.0,0.0,0.0
41029,0.0,0.0,0.0
41030,0.0,0.0,0.0
41031,0.0,0.0,0.0
41032,0.0,0.0,0.0
41033,0.0,0.0,0.0
41034,0.0,0.0,0.0
41035,0.0,0.0,0.0
41036,0.0,0.0,0.0
41037,0.0,0.0,0.0
41038,0.0,0.0,0.0
41039,0.0,0.0,0.0
41040,0.0,0.0,0.0
41041,0.0,0.0,0.0
41042,0.0,0.0,0.0
41043,0.0,0.0,0.0
41044,0.0,0.0,0.0
41045,0.0,0.0,0.0
41046,0.0,0.0,0.0
41047,0.0,0.0,0.0
41048,0.0,0.0,0.0
41049,0.0,0.0,0.0
41050,0.0,0.0,0.0
41051,0.0,0.0,0.0
41052,0.0,0.0,0.0
41053,0.0,0.0,0.0
41054,0.0,0.0,0.0
41055,0.0,0.0,0.0
41056,0.0,0.0,0.0
41057,0.0,0.0,0.0
41058,0.0,0.0,0.0
41059,0.0,0.0,0.0
41060,0.0,0.0,0.0
41061,0.0,0.0,0.0
41062,0.0,0.0,0.0
41063,0.0,0.0,0.0
41064,0.0,0.0,0.0
41065,0.0,0.0,0.0
41066,0.0,0.0,0.0
41067,0.0,0.0,0.0
41068,0.0,0.0,0.0
41069,0.0,0.0,0.0
41070,0.0,0.0,0.0
41071,0.0,0.0,0.0
41072,0.0,0.0,0.0
41073,0.0,0.0,0.0
41074,0.0,0.0,0.0
41075,0.0,0.0,0.0
41076,0.0,0.0,0.0
41077,0.0,0.0,0.0
41078,0.0,0.0,0.0
41079,0.0,0.0,0.0
41080,0.0,0.0,0.0
41081,0.0,0.0,0.0
41082,0.0,0.0,0.0
41083,0.0,0.0,0.0
41084,0.0,0.0,0.0
41085,0.0,0.0,0.0
41086,0.0,0.0,0.0
41087,0.0,0.0,0.0
41088,0.0,0.0,0.0
41089,0.0,0.0,0.0
41090,0.0,0.0,0.0
41091,0.0,0.0,0.0
41092,0.0,0.0,0.0
41093,0.0,0.0,0.0
41094,0.0,0.0,0.0
41095,0.0,0.0,0.0
41096,0.0,0.0,0.0
41097,0.0,0.0,0.0
41098,0.0,0.0,0.0
41099,0.0,0.0,0.0
41100,0.0,0.0,0.0
41101,0.0,0.0,0.0
41102,0.0,0.0,0.0
41103,0.0,0.0,0.0
41104,0.0,0.0,0.0
41105,0.0,0.0,0.0
41106,0.0,0.0,0.0
41107,0.0,0.0,0.0
41108,0.0,0.0,0.0
41109,0.0,0.0,0.0
41110,0.0,0.0,0.0
41111,0.0,0.0,0.0
41112,0.0,0.0,0.0
41113,0.0,0.0,0.0
41114,0.0,0.0,0.0
41115,0.0,0.0,0.0
41116,0.0,0.0,0.0
41117,0.0,0.0,0.0
41118,0.0,0.0,0.0
41119,0.0,0.0,0.0
41120,0.0,0.0,0.0
41121,0.0,0.0,0.0
41122,0.0,0.0,0.0
41123,0.0,0.0,0.0
41124,0.0,0.0,0.0
41125,0.0,0.0,0.0
41126,0.0,0.0,0.0
41127,0.0,0.0,0.0
41128,0.0,0.0,0.0
41129,0.0,0.0,0.0
41130,0.0,0.0,0.0
41131,0.0,0.0,0.0
41132,0.0,0.0,0.0
41133,0.0,0.0,0.0
41134,0.0,0.0,0.0
41135,0.0,0.0,0.0
41136,0.0,0.0,0.0
41137,0.0,0.0,0.0
41138,0.0,0.0,0.0
41139,0.0,0.0,0.0
41140,0.0,0.0,0.0
41141,0.0,0.0,0.0
41142,0.0,0.0,0.0
41143,0.0,0.0,0.0
41144,0.0,0.0,0.0
41145,0.0,0.0,0.0
41146,0.0,0.0,0.0
41147,0.0,0.0,0.0
41148,0.0,0.0,0.0
41149,0.0,0.0,0.0
41150,0.0,0.0,0.0
41151,0.0,0.0,0.0
41152,0.0,0.0,0.0
41153,0.0,0.0,0.0
41154,0.0,0.0,0.0
41155,0.0,0.0,0.0
41156,0.0,0.0,0.0
41157,0.0,0.0,0.0
41158,0.0,0.0,0.0
41159,0.0,0.0,0.0
41160,0.0,0.0,0.0
41161,0.0,0.0,0.0
41162,0.0,0.0,0.0
41163,0.0,0.0,0.0
41164,0.0,0.0,0.0
41165,0.0,0.0,0.0
41166,0.0,0.0,0.0
41167,0.0,0.0,0.0
41168,0.0,0.0,0.0
41169,0.0,0.0,0.0
41170,0.0,0.0,0.0
41171,0.0,0.0,0.0
41172,0.0,0.0,0.0
41173,0.0,0.0,0.0
41174,0.0,0.0,0.0
41175,0.0,0.0,0.0
41176,0.0,0.0,0.0
41177,0.0,0.0,0.0
41178,0.0,0.0,0.0
41179,0.0,0.0,0.0
41180,0.0,0.0,0.0
41181,0.0,0.0,0.0
41182,0.0,0.0,0.0
41183,0.0,0.0,0.0
41184,0.0,0.0,0.0
41185,0.0,0.0,0.0
41186,0.0,0.0,0.0
41187,0.0,0.0,0.0
41188,0.0,0.0,0.0
41189,0.0,0.0,0.0
41190,0.0,0.0,0.0
41191,0.0,0.0,0.0
41192,0.0,0.0,0.0
41193,0.0,0.0,0.0
41194,0.0,0.0,0.0
41195,0.0,0.0,0.0
41196,0.0,0.0,0.0
41197,0.0,0.0,0.0
41198,0.0,0.0,0.0
41199,0.0,0.0,0.0
41200,0.0,0.0,0.0
41201,0.0,0.0,0.0
41202,0.0,0.0,0.0
41203,0.0,0.0,0.0
41204,0.0,0.0,0.0
41205,0.0,0.0,0.0
41206,0.0,0.0,0.0
41207,0.0,0.0,0.0
41208,0.0,0.0,0.0
41209,0.0,0.0,0.0
41210,0.0,0.0,0.0
41211,0.0,0.0,0.0
41212,0.0,0.0,0.0
41213,0.0,0.0,0.0
41214,0.0,0.0,0.0
41215,0.0,0.0,0.0
41216,0.0,0.0,0.0
41217,0.0,0.0,0.0
41218,0.0,0.0,0.0
41219,0.0,0.0,0.0
41220,0.0,0.0,0.0
41221,0.0,0.0,0.0
41222,0.0,0.0,0.0
41223,0.0,0.0,0.0
41224,0.0,0.0,0.0
41225,0.0,0.0,0.0
41226,0.0,0.0,0.0
41227,0.0,0.0,0.0
41228,0.0,0.0,0.0
41229,0.0,0.0,0.0
41230,0.0,0.0,0.0
41231,0.0,0.0,0.0
41232,0.0,0.0,0.0
41233,0.0,0.0,0.0
41234,0.0,0.0,0.0
41235,0.0,0.0,0.0
41236,0.0,0.0,0.0
41237,0.0,0.0,0.0
41238,0.0,0.0,0.0
41239,0.0,0.0,0.0
41240,0.0,0.0,0.0
41241,0.0,0.0,0.0
41242,0.0,0.0,0.0
41243,0.0,0.0,0.0
41244,0.0,0.0,0.0
41245,0.0,0.0,0.0
41246,0.0,0.0,0.0
41247,0.0,0.0,0.0
41248,0.0,0.0,0.0
41249,0.0,0.0,0.0
41250,0.0,0.0,0.0
41251,0.0,0.0,0.0
41252,0.0,0.0,0.0
41253,0.0,0.0,0.0
41254,0.0,0.0,0.0
41255,0.0,0.0,0.0
41256,0.0,0.0,0.0
41257,0.0,0.0,0.0
41258,0.0,0.0,0.0
41259,0.0,0.0,0.0
41260,0.0,0.0,0.0
41261,0.0,0.0,0.0
41262,0.0,0.0,0.0
41263,0.0,0.0,0.0
41264,0.0,0.0,0.0
41265,0.0,0.0,0.0
41266,0.0,0.0,0.0
41267,0.0,0.0,0.0
41268,0.0,0.0,0.0
41269,0.0,0.0,0.0
41270,0.0,0.0,0.0
41271,0.0,0.0,0.0
41272,0.0,0.0,0.0
41273,0.0,0.0,0.0
41274,0.0,0.0,0.0
41275,0.0,0.0,0.0
41276,0.0,0.0,0.0
41277,0.0,0.0,0.0
41278,0.0,0.0,0.0
41279,0.0,0.0,0.0
41280,0.0,0.0,0.0
41281,0.0,0.0,0.0
41282,0.0,0.0,0.0
41283,0.0,0.0,0.0
41284,0.0,0.0,0.0
41285,0.0,0.0,0.0
41286,0.0,0.0,0.0
41287,0.0,0.0,0.0
41288,0.0,0.0,0.0
41289,0.0,0.0,0.0
41290,0.0,0.0,0.0
41291,0.0,0.0,0.0
41292,0.0,0.0,0.0
41293,0.0,0.0,0.0
41294,0.0,0.0,0.0
41295,0.0,0.0,0.0
41296,0.0,0.0,0.0
41297,0.0,0.0,0.0
41298,0.0,0.0,0.0
41299,0.0,0.0,0.0
41300,0.0,0.0,0.0
41301,0.0,0.0,0.0
41302,0.0,0.0,0.0
41303,0.0,0.0,0.0
41304,0.0,0.0,0.0
41305,0.0,0.0,0.0
41306,0.0,0.0,0.0
41307,0.0,0.0,0.0
41308,0.0,0.0,0.0
41309,0.0,0.0,0.0
41310,0.0,0.0,0.0
41311,0.0,0.0,0.0
41312,0.0,0.0,0.0
41313,0.0,0.0,0.0
41314,0.0,0.0,0.0
41315,0.0,0.0,0.0
41316,0.0,0.0,0.0
41317,0.0,0.0,0.0
41318,0.0,0.0,0.0
41319,0.0,0.0,0.0
41320,0.0,0.0,0.0
41321,0.0,0.0,0.0
41322,0.0,0.0,0.0
41323,0.0,0.0,0.0
41324,0.0,0.0,0.0
41325,0.0,0.0,0.0
41326,0.0,0.0,0.0
41327,0.0,0.0,0.0
41328,0.0,0.0,0.0
41329,0.0,0.0,0.0
41330,0.0,0.0,0.0
41331,0.0,0.0,0.0
41332,0.0,0.0,0.0
41333,0.0,0.0,0.0
41334,0.0,0.0,0.0
41335,0.0,0.0,0.0
41336,0.0,0.0,0.0
41337,0.0,0.0,0.0
41338,0.0,0.0,0.0
41339,0.0,0.0,0.0
41340,0.0,0.0,0.0
41341,0.0,0.0,0.0
41342,0.0,0.0,0.0
41343,0.0,0.0,0.0
41344,0.0,0.0,0.0
41345,0.0,0.0,0.0
41346,0.0,0.0,0.0
41347,0.0,0.0,0.0
41348,0.0,0.0,0.0
41349,0.0,0.0,0.0
41350,0.0,0.0,0.0
41351,0.0,0.0,0.0
41352,0.0,0.0,0.0
41353,0.0,0.0,0.0
41354,0.0,0.0,0.0
41355,0.0,0.0,0.0
41356,0.0,0.0,0.0
41357,0.0,0.0,0.0
41358,0.0,0.0,0.0
41359,0.0,0.0,0.0
41360,0.0,0.0,0.0
41361,0.0,0.0,0.0
41362,0.0,0.0,0.0
41363,0.0,0.0,0.0
41364,0.0,0.0,0.0
41365,0.0,0.0,0.0
41366,0.0,0.0,0.0
41367,0.0,0.0,0.0
41368,0.0,0.0,0.0
41369,0.0,0.0,0.0
41370,0.0,0.0,0.0
41371,0.0,0.0,0.0
41372,0.0,0.0,0.0
41373,0.0,0.0,0.0
41374,0.0,0.0,0.0
41375,0.0,0.0,0.0
41376,0.0,0.0,0.0
41377,0.0,0.0,0.0
41378,0.0,0.0,0.0
41379,0.0,0.0,0.0
41380,0.0,0.0,0.0
41381,0.0,0.0,0.0
41382,0.0,0.0,0.0
41383,0.0,0.0,0.0
41384,0.0,0.0,0.0
41385,0.0,0.0,0.0
41386,0.0,0.0,0.0
41387,0.0,0.0,0.0
41388,0.0,0.0,0.0
41389,0.0,0.0,0.0
41390,0.0,0.0,0.0
41391,0.0,0.0,0.0
41392,0.0,0.0,0.0
41393,0.0,0.0,0.0
41394,0.0,0.0,0.0
41395,0.0,0.0,0.0
41396,0.0,0.0,0.0
41397,0.0,0.0,0.0
41398,0.0,0.0,0.0
41399,0.0,0.0,0.0
41400,0.0,0.0,0.0
41401,0.0,0.0,0.0
41402,0.0,0.0,0.0
41403,0.0,0.0,0.0
41404,0.0,0.0,0.0
41405,0.0,0.0,0.0
41406,0.0,0.0,0.0
41407,0.0,0.0,0.0
41408,0.0,0.0,0.0
41409,0.0,0.0,0.0
41410,0.0,0.0,0.0
41411,0.0,0.0,0.0
41412,0.0,0.0,0.0
41413,0.0,0.0,0.0
41414,0.0,0.0,0.0
41415,0.0,0.0,0.0
41416,0.0,0.0,0.0
41417,0.0,0.0,0.0
41418,0.0,0.0,0.0
41419,0.0,0.0,0.0
41420,0.0,0.0,0.0
41421,0.0,0.0,0.0
41422,0.0,0.0,0.0
41423,0.0,0.0,0.0
41424,0.0,0.0,0.0
41425,0.0,0.0,0.0
41426,0.0,0.0,0.0
41427,0.0,0.0,0.0
41428,0.0,0.0,0.0
41429,0.0,0.0,0.0
41430,0.0,0.0,0.0
41431,0.0,0.0,0.0
41432,0.0,0.0,0.0
41433,0.0,0.0,0.0
41434,0.0,0.0,0.0
41435,0.0,0.0,0.0
41436,0.0,0.0,0.0
41437,0.0,0.0,0.0
41438,0.0,0.0,0.0
41439,0.0,0.0,0.0
41440,0.0,0.0,0.0
41441,0.0,0.0,0.0
41442,0.0,0.0,0.0
41443,0.0,0.0,0.0
41444,0.0,0.0,0.0
41445,0.0,0.0,0.0
41446,0.0,0.0,0.0
41447,0.0,0.0,0.0
41448,0.0,0.0,0.0
41449,0.0,0.0,0.0
41450,0.0,0.0,0.0
41451,0.0,0.0,0.0
41452,0.0,0.0,0.0
41453,0.0,0.0,0.0
41454,0.0,0.0,0.0
41455,0.0,0.0,0.0
41456,0.0,0.0,0.0
41457,0.0,0.0,0.0
41458,0.0,0.0,0.0
41459,0.0,0.0,0.0
41460,0.0,0.0,0.0
41461,0.0,0.0,0.0
41462,0.0,0.0,0.0
41463,0.0,0.0,0.0
41464,0.0,0.0,0.0
58005,0.0,0.0,0.0
58006,0.0,0.0,0.0
58007,0.0,0.0,0.0
58008,0.0,0.0,0.0
58009,0.0,0.0,0.0
58010,0.0,0.0,0.0
58011,0.0,0.0,0.0
58012,0.0,0.0,0.0
58013,0.0,0.0,0.0
58014,0.0,0.0,0.0
58015,0.0,0.0,0.0
58016,0.0,0.0,0.0
58017,0.0,0.0,0.0
58018,0.0,0.0,0.0
58019,0.0,0.0,0.0
58020,0.0,0.0,0.0
58021,0.0,0.0,0.0
58022,0.0,0.0,0.0
58023,0.0,0.0,0.0
58024,0.0,0.0,0.0
58025,0.0,0.0,0.0
58026,0.0,0.0,0.0
58027,0.0,0.0,0.0
58028,0.0,0.0,0.0
58029,0.0,0.0,0.0
58030,0.0,0.0,0.0
58031,0.0,0.0,0.0
58032,0.0,0.0,0.0
58033,0.0,0.0,0.0
58034,0.0,0.0,0.0
58035,0.0,0.0,0.0
58036,0.0,0.0,0.0
58037,0.0,0.0,0.0
58038,0.0,0.0,0.0
58039,0.0,0.0,0.0
58040,0.0,0.0,0.0
58041,0.0,0.0,0.0
58042,0.0,0.0,0.0
58043,0.0,0.0,0.0
58044,0.0,0.0,0.0
58045,0.0,0.0,0.0
58046,0.0,0.0,0.0
58047,0.0,0.0,0.0
58048,0.0,0.0,0.0
58049,0.0,0.0,0.0
58050,0.0,0.0,0.0
58051,0.0,0.0,0.0
58052,0.0,0.0,0.0
58053,0.0,0.0,0.0
58054,0.0,0.0,0.0
58055,0.0,0.0,0.0
58056,0.0,0.0,0.0
58057,0.0,0.0,0.0
58058,0.0,0.0,0.0
58059,0.0,0.0,0.0
58060,0.0,0.0,0.0
58061,0.0,0.0,0.0
58062,0.0,0.0,0.0
58063,0.0,0.0,0.0
58064,0.0,0.0,0.0
58065,0.0,0.0,0.0
58066,0.0,0.0,0.0
58067,0.0,0.0,0.0
58068,0.0,0.0,0.0
58069,0.0,0.0,0.0
58070,0.0,0.0,0.0
58071,0.0,0.0,0.0
58072,0.0,0.0,0.0
58073,0.0,0.0,0.0
58074,0.0,0.0,0.0
58075,0.0,0.0,0.0
58076,0.0,0.0,0.0
58077,0.0,0.0,0.0
58078,0.0,0.0,0.0
58079,0.0,0.0,0.0
58080,0.0,0.0,0.0
58081,0.0,0.0,0.0
58082,0.0,0.0,0.0
58083,0.0,0.0,0.0
58084,0.0,0.0,0.0
58085,0.0,0.0,0.0
58086,0.0,0.0,0.0
58087,0.0,0.0,0.0
58088,0.0,0.0,0.0
58089,0.0,0.0,0.0
58090,0.0,0.0,0.0
58091,0.0,0.0,0.0
58092,0.0,0.0,0.0
58093,0.0,0.0,0.0
58094,0.0,0.0,0.0
58095,0.0,0.0,0.0
58096,0.0,0.0,0.0
58097,0.0,0.0,0.0
58098,0.0,0.0,0.0
58099,0.0,0.0,0.0
58100,0.0,0.0,0.0
58101,0.0,0.0,0.0
58102,0.0,0.0,0.0
58103,0.0,0.0,0.0
58104,0.0,0.0,0.0
58105,0.0,0.0,0.0
58106,0.0,0.0,0.0
58107,0.0,0.0,0.0
58108,0.0,0.0,0.0
58109,0.0,0.0,0.0
58110,0.0,0.0,0.0
58111,0.0,0.0,0.0
58112,0.0,0.0,0.0
58113,0.0,0.0,0.0
58114,0.0,0.0,0.0
58115,0.0,0.0,0.0
58116,0.0,0.0,0.0
58117,0.0,0.0,0.0
58118,0.0,0.0,0.0
58119,0.0,0.0,0.0
58120,0.0,0.0,0.0
58121,0.0,0.0,0.0
58122,0.0,0.0,0.0
58123,0.0,0.0,0.0
58124,0.0,0.0,0.0
58125,0.0,0.0,0.0
58126,0.0,0.0,0.0
58127,0.0,0.0,0.0
58128,0.0,0.0,0.0
58129,0.0,0.0,0.0
58130,0.0,0.0,0.0
58131,0.0,0.0,0.0
58132,0.0,0.0,0.0
58133,0.0,0.0,0.0
58134,0.0,0.0,0.0
58135,0.0,0.0,0.0
58136,0.0,0.0,0.0
58137,0.0,0.0,0.0
58138,0.0,0.0,0.0
58139,0.0,0.0,0.0
58140,0.0,0.0,0.0
58141,0.0,0.0,0.0
58142,0.0,0.0,0.0
58143,0.0,0.0,0.0
58144,0.0,0.0,0.0
58145,0.0,0.0,0.0
58146,0.0,0.0,0.0
58147,0.0,0.0,0.0
58148,0.0,0.0,0.0
58149,0.0,0.0,0.0
58150,0.0,0.0,0.0
58151,0.0,0.0,0.0
58152,0.0,0.0,0.0
58153,0.0,0.0,0.0
58154,0.0,0.0,0.0
58155,0.0,0.0,0.0
58156,0.0,0.0,0.0
58157,0.0,0.0,0.0
58158,0.0,0.0,0.0
58159,0.0,0.0,0.0
58160,0.0,0.0,0.0
58161,0.0,0.0,0.0
58162,0.0,0.0,0.0
58163,0.0,0.0,0.0
58164,0.0,0.0,0.0
58165,0.0,0.0,0.0
58166,0.0,0.0,0.0
58167,0.0,0.0,0.0
58168,0.0,0.0,0.0
58169,0.0,0.0,0.0
58170,0.0,0.0,0.0
58171,0.0,0.0,0.0
58172,0.0,0.0,0.0
58173,0.0,0.0,0.0
58174,0.0,0.0,0.0
58175,0.0,0.0,0.0
58176,0.0,0.0,0.0
58177,0.0,0.0,0.0
58178,0.0,0.0,0.0
58179,0.0,0.0,0.0
58180,0.0,0.0,0.0
58181,0.0,0.0,0.0
58182,0.0,0.0,0.0
58183,0.0,0.0,0.0
58184,0.0,0.0,0.0
58185,0.0,0.0,0.0
58186,0.0,0.0,0.0
58187,0.0,0.0,0.0
58188,0.0,0.0,0.0
58189,0.0,0.0,0.0
58190,0.0,0.0,0.0
58191,0.0,0.0,0.0
58192,0.0,0.0,0.0
58193,0.0,0.0,0.0
58194,0.0,0.0,0.0
58195,0.0,0.0,0.0
58196,0.0,0.0,0.0
58197,0.0,0.0,0.0
58198,0.0,0.0,0.0
58199,0.0,0.0,0.0
58200,0.0,0.0,0.0
58201,0.0,0.0,0.0
58202,0.0,0.0,0.0
58203,0.0,0.0,0.0
58204,0.0,0.0,0.0
58205,0.0,0.0,0.0
58206,0.0,0.0,0.0
58207,0.0,0.0,0.0
58208,0.0,0.0,0.0
58209,0.0,0.0,0.0
58210,0.0,0.0,0.0
58211,0.0,0.0,0.0
58212,0.0,0.0,0.0
58213,0.0,0.0,0.0
58214,0.0,0.0,0.0
58215,0.0,0.0,0.0
58216,0.0,0.0,0.0
58217,0.0,0.0,0.0
58218,0.0,0.0,0.0
58219,0.0,0.0,0.0
58220,0.0,0.0,0.0
58221,0.0,0.0,0.0
58222,0.0,0.0,0.0
58223,0.0,0.0,0.0
58224,0.0,0.0,0.0
58225,0.0,0.0,0.0
58226,0.0,0.0,0.0
58227,0.0,0.0,0.0
58228,0.0,0.0,0.0
58229,0.0,0.0,0.0
58230,0.0,0.0,0.0
58231,0.0,0.0,0.0
58232,0.0,0.0,0.0
58233,0.0,0.0,0.0
58234,0.0,0.0,0.0
58235,0.0,0.0,0.0
58236,0.0,0.0,0.0
58237,0.0,0.0,0.0
58238,0.0,0.0,0.0
58239,0.0,0.0,0.0
58240,0.0,0.0,0.0
58241,0.0,0.0,0.0
58242,0.0,0.0,0.0
58243,0.0,0.0,0.0
58244,0.0,0.0,0.0
58245,0.0,0.0,0.0
58246,0.0,0.0,0.0
58247,0.0,0.0,0.0
58248,0.0,0.0,0.0
58249,0.0,0.0,0.0
58250,0.0,0.0,0.0
58251,0.0,0.0,0.0
58252,0.0,0.0,0.0
58253,0.0,0.0,0.0
58254,0.0,0.0,0.0
58255,0.0,0.0,0.0
58256,0.0,0.0,0.0
58257,0.0,0.0,0.0
58258,0.0,0.0,0.0
58259,0.0,0.0,0.0
58260,0.0,0.0,0.0
58261,0.0,0.0,0.0
58262,0.0,0.0,0.0
58263,0.0,0.0,0.0
58264,0.0,0.0,0.0
58265,0.0,0.0,0.0
58266,0.0,0.0,0.0
58267,0.0,0.0,0.0
58268,0.0,0.0,0.0
58269,0.0,0.0,0.0
58270,0.0,0.0,0.0
58271,0.0,0.0,0.0
58272,0.0,0.0,0.0
58273,0.0,0.0,0.0
58274,0.0,0.0,0.0
58275,0.0,0.0,0.0
58276,0.0,0.0,0.0
58277,0.0,0.0,0.0
58278,0.0,0.0,0.0
58279,0.0,0.0,0.0
58280,0.0,0.0,0.0
58281,0.0,0.0,0.0
58282,0.0,0.0,0.0
58283,0.0,0.0,0.0
58284,0.0,0.0,0.0
58285,0.0,0.0,0.0
58286,0.0,0.0,0.0
58287,0.0,0.0,0.0
58288,0.0,0.0,0.0
58289,0.0,0.0,0.0
58290,0.0,0.0,0.0
58291,0.0,0.0,0.0
58292,0.0,0.0,0.0
58293,0.0,0.0,0.0
58294,0.0,0.0,0.0
58295,0.0,0.0,0.0
58296,0.0,0.0,0.0
58297,0.0,0.0,0.0
58298,0.0,0.0,0.0
58299,0.0,0.0,0.0
58300,0.0,0.0,0.0
58301,0.0,0.0,0.0
58302,0.0,0.0,0.0
58303,0.0,0.0,0.0
58304,0.0,0.0,0.0
58305,0.0,0.0,0.0
58306,0.0,0.0,0.0
58307,0.0,0.0,0.0
58308,0.0,0.0,0.0
58309,0.0,0.0,0.0
58310,0.0,0.0,0.0
58311,0.0,0.0,0.0
58312,0.0,0.0,0.0
58313,0.0,0.0,0.0
58314,0.0,0.0,0.0
58315,0.0,0.0,0.0
58316,0.0,0.0,0.0
58317,0.0,0.0,0.0
58318,0.0,0.0,0.0
58319,0.0,0.0,0.0
58320,0.0,0.0,0.0
58321,0.0,0.0,0.0
58322,0.0,0.0,0.0
58323,0.0,0.0,0.0
58324,0.0,0.0,0.0
58325,0.0,0.0,0.0
58326,0.0,0.0,0.0
58327,0.0,0.0,0.0
58328,0.0,0.0,0.0
58329,0.0,0.0,0.0
58330,0.0,0.0,0.0
58331,0.0,0.0,0.0
58332,0.0,0.0,0.0
58333,0.0,0.0,0.0
58334,0.0,0.0,0.0
58335,0.0,0.0,0.0
58336,0.0,0.0,0.0
58337,0.0,0.0,0.0
58338,0.0,0.0,0.0
58339,0.0,0.0,0.0
58340,0.0,0.0,0.0
58341,0.0,0.0,0.0
58342,0.0,0.0,0.0
58343,0.0,0.0,0.0
58344,0.0,0.0,0.0
58345,0.0,0.0,0.0
58346,0.0,0.0,0.0
58347,0.0,0.0,0.0
58348,0.0,0.0,0.0
58349,0.0,0.0,0.0
58350,0.0,0.0,0.0
58351,0.0,0.0,0.0
58352,0.0,0.0,0.0
58353,0.0,0.0,0.0
58354,0.0,0.0,0.0
58355,0.0,0.0,0.0
58356,0.0,0.0,0.0
58357,0.0,0.0,0.0
58358,0.0,0.0,0.0
58359,0.0,0.0,0.0
58360,0.0,0.0,0.0
58361,0.0,0.0,0.0
58362,0.0,0.0,0.0
58363,0.0,0.0,0.0
58364,0.0,0.0,0.0
58365,0.0,0.0,0.0
58366,0.0,0.0,0.0
58367,0.0,0.0,0.0
58368,0.0,0.0,0.0
58369,0.0,0.0,0.0
58370,0.0,0.0,0.0
58371,0.0,0.0,0.0
58372,0.0,0.0,0.0
58373,0.0,0.0,0.0
58374,0.0,0.0,0.0
58375,0.0,0.0,0.0
58376,0.0,0.0,0.0
58377,0.0,0.0,0.0
58378,0.0,0.0,0.0
58379,0.0,0.0,0.0
58380,0.0,0.0,0.0
58381,0.0,0.0,0.0
58382,0.0,0.0,0.0
58383,0.0,0.0,0.0
58384,0.0,0.0,0.0
58385,0.0,0.0,0.0
58386,0.0,0.0,0.0
58387,0.0,0.0,0.0
58388,0.0,0.0,0.0
58389,0.0,0.0,0.0
58390,0.0,0.0,0.0
58391,0.0,0.0,0.0
58392,0.0,0.0,0.0
58393,0.0,0.0,0.0
58394,0.0,0.0,0.0
58395,0.0,0.0,0.0
58396,0.0,0.0,0.0
58397,0.0,0.0,0.0
58398,0.0,0.0,0.0
58399,0.0,0.0,0.0
58400,0.0,0.0,0.0
58401,0.0,0.0,0.0
58402,0.0,0.0,0.0
58403,0.0,0.0,0.0
58404,0.0,0.0,0.0
58405,0.0,0.0,0.0
58406,0.0,0.0,0.0
58407,0.0,0.0,0.0
58408,0.0,0.0,0.0
58409,0.0,0.0,0.0
58410,0.0,0.0,0.0
58411,0.0,0.0,0.0
58412,0.0,0.0,0.0
58413,0.0,0.0,0.0
58414,0.0,0.0,0.0
58415,0.0,0.0,0.0
58416,0.0,0.0,0.0
58417,0.0,0.0,0.0
58418,0.0,0.0,0.0
58419,0.0,0.0,0.0
58420,0.0,0.0,0.0
58421,0.0,0.0,0.0
58422,0.0,0.0,0.0
58423,0.0,0.0,0.0
58424,0.0,0.0,0.0
58425,0.0,0.0,0.0
58426,0.0,0.0,0.0
58427,0.0,0.0,0.0
58428,0.0,0.0,0.0
58429,0.0,0.0,0.0
58430,0.0,0.0,0.0
58431,0.0,0.0,0.0
58432,0.0,0.0,0.0
58433,0.0,0.0,0.0
58434,0.0,0.0,0.0
58435,0.0,0.0,0.0
58436,0.0,0.0,0.0
58437,0.0,0.0,0.0
58438,0.0,0.0,0.0
58439,0.0,0.0,0.0
58440,0.0,0.0,0.0
58441,0.0,0.0,0.0
58442,0.0,0.0,0.0
58443,0.0,0.0,0.0
58444,0.0,0.0,0.0
58445,0.0,0.0,0.0
58446,0.0,0.0,0.0
58447,0.0,0.0,0.0
58448,0.0,0.0,0.0
58449,0.0,0.0,0.0
58450,0.0,0.0,0.0
58451,0.0,0.0,0.0
58452,0.0,0.0,0.0
58453,0.0,0.0,0.0
58454,0.0,0.0,0.0
58455,0.0,0.0,0.0
58456,0.0,0.0,0.0
58457,0.0,0.0,0.0
58458,0.0,0.0,0.0
58459,0.0,0.0,0.0
58460,0.0,0.0,0.0
58461,0.0,0.0,0.0
58462,0.0,0.0,0.0
58463,0.0,0.0,0.0
58464,0.0,0.0,0.0
58465,0.0,0.0,0.0
58466,0.0,0.0,0.0
58467,0.0,0.0,0.0
58468,0.0,0.0,0.0
58469,0.0,0.0,0.0
58470,0.0,0.0,0.0
58471,0.0,0.0,0.0
58472,0.0,0.0,0.0
58473,0.0,0.0,0.0
58474,0.0,0.0,0.0
58475,0.0,0.0,0.0
58476,0.0,0.0,0.0
58477,0.0,0.0,0.0
58478,0.0,0.0,0.0
58479,0.0,0.0,0.0
58480,0.0,0.0,0.0
58481,0.0,0.0,0.0
58482,0.0,0.0,0.0
58483,0.0,0.0,0.0
58484,0.0,0.0,0.0
58485,0.0,0.0,0.0
58486,0.0,0.0,0.0
58487,0.0,0.0,0.0
58488,0.0,0.0,0.0
58489,0.0,0.0,0.0
58490,0.0,0.0,0.0
58491,0.0,0.0,0.0
58492,0.0,0.0,0.0
58493,0.0,0.0,0.0
58494,0.0,0.0,0.0
58495,0.0,0.0,0.0
58496,0.0,0.0,0.0
58497,0.0,0.0,0.0
58498,0.0,0.0,0.0
58499,0.0,0.0,0.0
58500,0.0,0.0,0.0
58501,0.0,0.0,0.0
58502,0.0,0.0,0.0
58503,0.0,0.0,0.0
58504,0.0,0.0,0.0
58505,0.0,0.0,0.0
58506,0.0,0.0,0.0
58507,0.0,0.0,0.0
58508,0.0,0.0,0.0
58509,0.0,0.0,0.0
58510,0.0,0.0,0.0
58511,0.0,0.0,0.0
58512,0.0,0.0,0.0
58513,0.0,0.0,0.0
58514,0.0,0.0,0.0
58515,0.0,0.0,0.0
58516,0.0,0.0,0.0
58517,0.0,0.0,0.0
58518,0.0,0.0,0.0
58519,0.0,0.0,0.0
58520,0.0,0.0,0.0
58521,0.0,0.0,0.0
58522,0.0,0.0,0.0
58523,0.0,0.0,0.0
58524,0.0,0.0,0.0
58525,0.0,0.0,0.0
58526,0.0,0.0,0.0
58527,0.0,0.0,0.0
58528,0.0,0.0,0.0
58529,0.0,0.0,0.0
58530,0.0,0.0,0.0
58531,0.0,0.0,0.0
58532,0.0,0.0,0.0
58533,0.0,0.0,0.0
58534,0.0,0.0,0.0
58535,0.0,0.0,0.0
58536,0.0,0.0,0.0
58537,0.0,0.0,0.0
58538,0.0,0.0,0.0
58539,0.0,0.0,0.0
58540,0.0,0.0,0.0
58541,0.0,0.0,0.0
58542,0.0,0.0,0.0
58543,0.0,0.0,0.0
58544,0.0,0.0,0.0
58545,0.0,0.0,0.0
58546,0.0,0.0,0.0
58547,0.0,0.0,0.0
58548,0.0,0.0,0.0
58549,0.0,0.0,0.0
58550,0.0,0.0,0.0
58551,0.0,0.0,0.0
58552,0.0,0.0,0.0
58553,0.0,0.0,0.0
58554,0.0,0.0,0.0
58555,0.0,0.0,0.0
58556,0.0,0.0,0.0
58557,0.0,0.0,0.0
58558,0.0,0.0,0.0
58559,0.0,0.0,0.0
58560,0.0,0.0,0.0
58561,0.0,0.0,0.0
58562,0.0,0.0,0.0
58563,0.0,0.0,0.0
58564,0.0,0.0,0.0
58565,0.0,0.0,0.0
58566,0.0,0.0,0.0
58567,0.0,0.0,0.0
58568,0.0,0.0,0.0
58569,0.0,0.0,0.0
58570,0.0,0.0,0.0
58571,0.0,0.0,0.0
58572,0.0,0.0,0.0
58573,0.0,0.0,0.0
58574,0.0,0.0,0.0
58575,0.0,0.0,0.0
58576,0.0,0.0,0.0
58577,0.0,0.0,0.0
58578,0.0,0.0,0.0
58579,0.0,0.0,0.0
58580,0.0,0.0,0.0
58581,0.0,0.0,0.0
58582,0.0,0.0,0.0
58583,0.0,0.0,0.0
58584,0.0,0.0,0.0
58585,0.0,0.0,0.0
58586,0.0,0.0,0.0
58587,0.0,0.0,0.0
58588,0.0,0.0,0.0
58589,0.0,0.0,0.0
58590,0.0,0.0,0.0
58591,0.0,0.0,0.0
58592,0.0,0.0,0.0
58593,0.0,0.0,0.0
58594,0.0,0.0,0.0
58595,0.0,0.0,0.0
58596,0.0,0.0,0.0
58597,0.0,0.0,0.0
58598,0.0,0.0,0.0
58599,0.0,0.0,0.0
58600,0.0,0.0,0.0
58601,0.0,0.0,0.0
58602,0.0,0.0,0.0
58603,0.0,0.0,0.0
58604,0.0,0.0,0.0
58605,0.0,0.0,0.0
58606,0.0,0.0,0.0
58607,0.0,0.0,0.0
58608,0.0,0.0,0.0
58609,0.0,0.0,0.0
58610,0.0,0.0,0.0
58611,0.0,0.0,0.0
58612,0.0,0.0,0.0
58613,0.0,0.0,0.0
58614,0.0,0.0,0.0
58615,0.0,0.0,0.0
58616,0.0,0.0,0.0
58617,0.0,0.0,0.0
58618,0.0,0.0,0.0
58619,0.0,0.0,0.0
58620,0.0,0.0,0.0
58621,0.0,0.0,0.0
58622,0.0,0.0,0.0
58623,0.0,0.0,0.0
58624,0.0,0.0,0.0
58625,0.0,0.0,0.0
58626,0.0,0.0,0.0
58627,0.0,0.0,0.0
58628,0.0,0.0,0.0
58629,0.0,0.0,0.0
58630,0.0,0.0,0.0
58631,0.0,0.0,0.0
58632,0.0,0.0,0.0
58633,0.0,0.0,0.0
58634,0.0,0.0,0.0
58635,0.0,0.0,0.0
58636,0.0,0.0,0.0
58637,0.0,0.0,0.0
58638,0.0,0.0,0.0
58639,0.0,0.0,0.0
58640,0.0,0.0,0.0
58641,0.0,0.0,0.0
58642,0.0,0.0,0.0
58643,0.0,0.0,0.0
58644,0.0,0.0,0.0
58645,0.0,0.0,0.0
58646,0.0,0.0,0.0
58647,0.0,0.0,0.0
58648,0.0,0.0,0.0
58649,0.0,0.0,0.0
58650,0.0,0.0,0.0
58651,0.0,0.0,0.0
58652,0.0,0.0,0.0
58653,0.0,0.0,0.0
58654,0.0,0.0,0.0
58655,0.0,0.0,0.0
58656,0.0,0.0,0.0
58657,0.0,0.0,0.0
58658,0.0,0.0,0.0
58659,0.0,0.0,0.0
58660,0.0,0.0,0.0
58661,0.0,0.0,0.0
58662,0.0,0.0,0.0
58663,0.0,0.0,0.0
58664,0.0,0.0,0.0
58665,0.0,0.0,0.0
58666,0.0,0.0,0.0
58667,0.0,0.0,0.0
58668,0.0,0.0,0.0
58669,0.0,0.0,0.0
58670,0.0,0.0,0.0
58671,0.0,0.0,0.0
58672,0.0,0.0,0.0
58673,0.0,0.0,0.0
58674,0.0,0.0,0.0
58675,0.0,0.0,0.0
58676,0.0,0.0,0.0
58677,0.0,0.0,0.0
58678,0.0,0.0,0.0
58679,0.0,0.0,0.0
58680,0.0,0.0,0.0
58681,0.0,0.0,0.0
58682,0.0,0.0,0.0
58683,0.0,0.0,0.0
58684,0.0,0.0,0.0
58685,0.0,0.0,0.0
58686,0.0,0.0,0.0
58687,0.0,0.0,0.0
58688,0.0,0.0,0.0
58689,0.0,0.0,0.0
58690,0.0,0.0,0.0
58691,0.0,0.0,0.0
58692,0.0,0.0,0.0
58693,0.0,0.0,0.0
58694,0.0,0.0,0.0
58695,0.0,0.0,0.0
58696,0.0,0.0,0.0
58697,0.0,0.0,0.0
58698,0.0,0.0,0.0
58699,0.0,0.0,0.0
58700,0.0,0.0,0.0
58701,0.0,0.0,0.0
58702,0.0,0.0,0.0
58703,0.0,0.0,0.0
58704,0.0,0.0,0.0
58705,0.0,0.0,0.0
58706,0.0,0.0,0.0
58707,0.0,0.0,0.0
58708,0.0,0.0,0.0
58709,0.0,0.0,0.0
58710,0.0,0.0,0.0
58711,0.0,0.0,0.0
58712,0.0,0.0,0.0
58713,0.0,0.0,0.0
58714,0.0,0.0,0.0
58715,0.0,0.0,0.0
58716,0.0,0.0,0.0
58717,0.0,0.0,0.0
58718,0.0,0.0,0.0
58719,0.0,0.0,0.0
58720,0.0,0.0,0.0
58721,0.0,0.0,0.0
58722,0.0,0.0,0.0
58723,0.0,0.0,0.0
58724,0.0,0.0,0.0
58725,0.0,0.0,0.0
58726,0.0,0.0,0.0
58727,0.0,0.0,0.0
58728,0.0,0.0,0.0
58729,0.0,0.0,0.0
58730,0.0,0.0,0.0
58731,0.0,0.0,0.0
58732,0.0,0.0,0.0
58733,0.0,0.0,0.0
58734,0.0,0.0,0.0
58735,0.0,0.0,0.0
58736,0.0,0.0,0.0
58737,0.0,0.0,0.0
58738,0.0,0.0,0.0
58739,0.0,0.0,0.0
58740,0.0,0.0,0.0
58741,0.0,0.0,0.0
58742,0.0,0.0,0.0
58743,0.0,0.0,0.0
58744,0.0,0.0,0.0
58745,0.0,0.0,0.0
58746,0.0,0.0,0.0
58747,0.0,0.0,0.0
58748,0.0,0.0,0.0
58749,0.0,0.0,0.0
58750,0.0,0.0,0.0
58751,0.0,0.0,0.0
58752,0.0,0.0,0.0
58753,0.0,0.0,0.0
58754,0.0,0.0,0.0
58755,0.0,0.0,0.0
58756,0.0,0.0,0.0
58757,0.0,0.0,0.0
58758,0.0,0.0,0.0
58759,0.0,0.0,0.0
58760,0.0,0.0,0.0
58761,0.0,0.0,0.0
58762,0.0,0.0,0.0
58763,0.0,0.0,0.0
58764,0.0,0.0,0.0
58765,0.0,0.0,0.0
58766,0.0,0.0,0.0
58767,0.0,0.0,0.0
58768,0.0,0.0,0.0
58769,0.0,0.0,0.0
58770,0.0,0.0,0.0
58771,0.0,0.0,0.0
58772,0.0,0.0,0.0
58773,0.0,0.0,0.0
58774,0.0,0.0,0.0
58775,0.0,0.0,0.0
58776,0.0,0.0,0.0
58777,0.0,0.0,0.0
58778,0.0,0.0,0.0
58779,0.0,0.0,0.0
58780,0.0,0.0,0.0
58781,0.0,0.0,0.0
58782,0.0,0.0,0.0
58783,0.0,0.0,0.0
58784,0.0,0.0,0.0
58785,0.0,0.0,0.0
58786,0.0,0.0,0.0
58787,0.0,0.0,0.0
58788,0.0,0.0,0.0
58789,0.0,0.0,0.0
58790,0.0,0.0,0.0
58791,0.0,0.0,0.0
58792,0.0,0.0,0.0
58793,0.0,0.0,0.0
58794,0.0,0.0,0.0
58795,0.0,0.0,0.0
58796,0.0,0.0,0.0
58797,0.0,0.0,0.0
58798,0.0,0.0,0.0
58799,0.0,0.0,0.0
58800,0.0,0.0,0.0
58801,0.0,0.0,0.0
58802,0.0,0.0,0.0
58803,0.0,0.0,0.0
58804,0.0,0.0,0.0
58805,0.0,0.0,0.0
58806,0.0,0.0,0.0
58807,0.0,0.0,0.0
58808,0.0,0.0,0.0
58809,0.0,0.0,0.0
58810,0.0,0.0,0.0
58811,0.0,0.0,0.0
58812,0.0,0.0,0.0
58813,0.0,0.0,0.0
58814,0.0,0.0,0.0
58815,0.0,0.0,0.0
58816,0.0,0.0,0.0
58817,0.0,0.0,0.0
58818,0.0,0.0,0.0
58819,0.0,0.0,0.0
58820,0.0,0.0,0.0
58821,0.0,0.0,0.0
58822,0.0,0.0,0.0
58823,0.0,0.0,0.0
58824,0.0,0.0,0.0
58825,0.0,0.0,0.0
58826,0.0,0.0,0.0
58827,0.0,0.0,0.0
58828,0.0,0.0,0.0
58829,0.0,0.0,0.0
58830,0.0,0.0,0.0
58831,0.0,0.0,0.0
58832,0.0,0.0,0.0
58833,0.0,0.0,0.0
58834,0.0,0.0,0.0
58835,0.0,0.0,0.0
58836,0.0,0.0,0.0
58837,0.0,0.0,0.0
58838,0.0,0.0,0.0
58839,0.0,0.0,0.0
58840,0.0,0.0,0.0
58841,0.0,0.0,0.0
58842,0.0,0.0,0.0
58843,0.0,0.0,0.0
58844,0.0,0.0,0.0
58845,0.0,0.0,0.0
58846,0.0,0.0,0.0
58847,0.0,0.0,0.0
58848,0.0,0.0,0.0
58849,0.0,0.0,0.0
58850,0.0,0.0,0.0
58851,0.0,0.0,0.0
58852,0.0,0.0,0.0
58853,0.0,0.0,0.0
58854,0.0,0.0,0.0
58855,0.0,0.0,0.0
58856,0.0,0.0,0.0
58857,0.0,0.0,0.0
58858,0.0,0.0,0.0
58859,0.0,0.0,0.0
58860,0.0,0.0,0.0
58861,0.0,0.0,0.0
58862,0.0,0.0,0.0
58863,0.0,0.0,0.0
58864,0.0,0.0,0.0
58865,0.0,0.0,0.0
58866,0.0,0.0,0.0
58867,0.0,0.0,0.0
58868,0.0,0.0,0.0
58869,0.0,0.0,0.0
58870,0.0,0.0,0.0
58871,0.0,0.0,0.0
58872,0.0,0.0,0.0
58873,0.0,0.0,0.0
58874,0.0,0.0,0.0
58875,0.0,0.0,0.0
58876,0.0,0.0,0.0
58877,0.0,0.0,0.0
58878,0.0,0.0,0.0
58879,0.0,0.0,0.0
58880,0.0,0.0,0.0
58881,0.0,0.0,0.0
58882,0.0,0.0,0.0
58883,0.0,0.0,0.0
58884,0.0,0.0,0.0
58885,0.0,0.0,0.0
58886,0.0,0.0,0.0
58887,0.0,0.0,0.0
58888,0.0,0.0,0.0
58889,0.0,0.0,0.0
58890,0.0,0.0,0.0
58891,0.0,0.0,0.0
58892,0.0,0.0,0.0
58893,0.0,0.0,0.0
58894,0.0,0.0,0.0
58895,0.0,0.0,0.0
58896,0.0,0.0,0.0
58897,0.0,0.0,0.0
58898,0.0,0.0,0.0
58899,0.0,0.0,0.0
58900,0.0,0.0,0.0
58901,0.0,0.0,0.0
58902,0.0,0.0,0.0
58903,0.0,0.0,0.0
58904,0.0,0.0,0.0
58905,0.0,0.0,0.0
58906,0.0,0.0,0.0
58907,0.0,0.0,0.0
58908,0.0,0.0,0.0
58909,0.0,0.0,0.0
58910,0.0,0.0,0.0
58911,0.0,0.0,0.0
58912,0.0,0.0,0.0
58913,0.0,0.0,0.0
58914,0.0,0.0,0.0
58915,0.0,0.0,0.0
58916,0.0,0.0,0.0
58917,0.0,0.0,0.0
58918,0.0,0.0,0.0
58919,0.0,0.0,0.0
58920,0.0,0.0,0.0
58921,0.0,0.0,0.0
58922,0.0,0.0,0.0
58923,0.0,0.0,0.0
58924,0.0,0.0,0.0
58925,0.0,0.0,0.0
58926,0.0,0.0,0.0
58927,0.0,0.0,0.0
58928,0.0,0.0,0.0
58929,0.0,0.0,0.0
58930,0.0,0.0,0.0
58931,0.0,0.0,0.0
58932,0.0,0.0,0.0
58933,0.0,0.0,0.0
58934,0.0,0.0,0.0
58935,0.0,0.0,0.0
58936,0.0,0.0,0.0
58937,0.0,0.0,0.0
58938,0.0,0.0,0.0
58939,0.0,0.0,0.0
58940,0.0,0.0,0.0
58941,0.0,0.0,0.0
58942,0.0,0.0,0.0
58943,0.0,0.0,0.0
58944,0.0,0.0,0.0
58945,0.0,0.0,0.0
58946,0.0,0.0,0.0
58947,0.0,0.0,0.0
58948,0.0,0.0,0.0
58949,0.0,0.0,0.0
58950,0.0,0.0,0.0
58951,0.0,0.0,0.0
58952,0.0,0.0,0.0
58953,0.0,0.0,0.0
58954,0.0,0.0,0.0
58955,0.0,0.0,0.0
58956,0.0,0.0,0.0
58957,0.0,0.0,0.0
58958,0.0,0.0,0.0
58959,0.0,0.0,0.0
58960,0.0,0.0,0.0
58961,0.0,0.0,0.0
58962,0.0,0.0,0.0
58963,0.0,0.0,0.0
58964,0.0,0.0,0.0
58965,0.0,0.0,0.0
58966,0.0,0.0,0.0
58967,0.0,0.0,0.0
58968,0.0,0.0,0.0
58969,0.0,0.0,0.0
58970,0.0,0.0,0.0
58971,0.0,0.0,0.0
58972,0.0,0.0,0.0
58973,0.0,0.0,0.0
58974,0.0,0.0,0.0
58975,0.0,0.0,0.0
58976,0.0,0.0,0.0
58977,0.0,0.0,0.0
58978,0.0,0.0,0.0
58979,0.0,0.0,0.0
58980,0.0,0.0,0.0
58981,0.0,0.0,0.0
58982,0.0,0.0,0.0
58983,0.0,0.0,0.0
58984,0.0,0.0,0.0
58985,0.0,0.0,0.0
58986,0.0,0.0,0.0
58987,0.0,0.0,0.0
58988,0.0,0.0,0.0
58989,0.0,0.0,0.0
58990,0.0,0.0,0.0
58991,0.0,0.0,0.0
58992,0.0,0.0,0.0
58993,0.0,0.0,0.0
58994,0.0,0.0,0.0
58995,0.0,0.0,0.0
58996,0.0,0.0,0.0
58997,0.0,0.0,0.0
58998,0.0,0.0,0.0
58999,0.0,0.0,0.0
59000,0.0,0.0,0.0
59001,0.0,0.0,0.0
59002,0.0,0.0,0.0
59003,0.0,0.0,0.0
59004,0.0,0.0,0.0
59005,0.0,0.0,0.0
59006,0.0,0.0,0.0
59007,0.0,0.0,0.0
59008,0.0,0.0,0.0
59009,0.0,0.0,0.0
59010,0.0,0.0,0.0
59011,0.0,0.0,0.0
59012,0.0,0.0,0.0
59013,0.0,0.0,0.0
59014,0.0,0.0,0.0
59015,0.0,0.0,0.0
59016,0.0,0.0,0.0
59017,0.0,0.0,0.0
59018,0.0,0.0,0.0
59019,0.0,0.0,0.0
59020,0.0,0.0,0.0
59021,0.0,0.0,0.0
59022,0.0,0.0,0.0
59023,0.0,0.0,0.0
59024,0.0,0.0,0.0
59025,0.0,0.0,0.0
59026,0.0,0.0,0.0
59027,0.0,0.0,0.0
59028,0.0,0.0,0.0
59029,0.0,0.0,0.0
59030,0.0,0.0,0.0
59031,0.0,0.0,0.0
59032,0.0,0.0,0.0
59033,0.0,0.0,0.0
59034,0.0,0.0,0.0
59035,0.0,0.0,0.0
59036,0.0,0.0,0.0
59037,0.0,0.0,0.0
59038,0.0,0.0,0.0
59039,0.0,0.0,0.0
59040,0.0,0.0,0.0
59041,0.0,0.0,0.0
59042,0.0,0.0,0.0
59043,0.0,0.0,0.0
59044,0.0,0.0,0.0
59045,0.0,0.0,0.0
59046,0.0,0.0,0.0
59047,0.0,0.0,0.0
59048,0.0,0.0,0.0
59049,0.0,0.0,0.0
59050,0.0,0.0,0.0
59051,0.0,0.0,0.0
59052,0.0,0.0,0.0
59053,0.0,0.0,0.0
59054,0.0,0.0,0.0
59055,0.0,0.0,0.0
59056,0.0,0.0,0.0
59057,0.0,0.0,0.0
59058,0.0,0.0,0.0
59059,0.0,0.0,0.0
59060,0.0,0.0,0.0
59061,0.0,0.0,0.0
59062,0.0,0.0,0.0
59063,0.0,0.0,0.0
59064,0.0,0.0,0.0
59065,0.0,0.0,0.0
59066,0.0,0.0,0.0
59067,0.0,0.0,0.0
59068,0.0,0.0,0.0
59069,0.0,0.0,0.0
59070,0.0,0.0,0.0
59071,0.0,0.0,0.0
59072,0.0,0.0,0.0
59073,0.0,0.0,0.0
59074,0.0,0.0,0.0
59075,0.0,0.0,0.0
59076,0.0,0.0,0.0
59077,0.0,0.0,0.0
59078,0.0,0.0,0.0
59079,0.0,0.0,0.0
59080,0.0,0.0,0.0
59081,0.0,0.0,0.0
59082,0.0,0.0,0.0
59083,0.0,0.0,0.0
59084,0.0,0.0,0.0
59085,0.0,0.0,0.0
59086,0.0,0.0,0.0
59087,0.0,0.0,0.0
59088,0.0,0.0,0.0
59089,0.0,0.0,0.0
59090,0.0,0.0,0.0
59091,0.0,0.0,0.0
59092,0.0,0.0,0.0
59093,0.0,0.0,0.0
59094,0.0,0.0,0.0
59095,0.0,0.0,0.0
59096,0.0,0.0,0.0
59097,0.0,0.0,0.0
59098,0.0,0.0,0.0
59099,0.0,0.0,0.0
59100,0.0,0.0,0.0
59101,0.0,0.0,0.0
59102,0.0,0.0,0.0
59103,0.0,0.0,0.0
59104,0.0,0.0,0.0
59105,0.0,0.0,0.0
59106,0.0,0.0,0.0
59107,0.0,0.0,0.0
59108,0.0,0.0,0.0
59109,0.0,0.0,0.0
59110,0.0,0.0,0.0
59111,0.0,0.0,0.0
59112,0.0,0.0,0.0
59113,0.0,0.0,0.0
59114,0.0,0.0,0.0
59115,0.0,0.0,0.0
59116,0.0,0.0,0.0
59117,0.0,0.0,0.0
59118,0.0,0.0,0.0
59119,0.0,0.0,0.0
59120,0.0,0.0,0.0
59121,0.0,0.0,0.0
59122,0.0,0.0,0.0
59123,0.0,0.0,0.0
59124,0.0,0.0,0.0
59125,0.0,0.0,0.0
59126,0.0,0.0,0.0
59127,0.0,0.0,0.0
59128,0.0,0.0,0.0
59129,0.0,0.0,0.0
59130,0.0,0.0,0.0
59131,0.0,0.0,0.0
59132,0.0,0.0,0.0
59133,0.0,0.0,0.0
59134,0.0,0.0,0.0
59135,0.0,0.0,0.0
59136,0.0,0.0,0.0
59137,0.0,0.0,0.0
59138,0.0,0.0,0.0
59139,0.0,0.0,0.0
59140,0.0,0.0,0.0
59141,0.0,0.0,0.0
59142,0.0,0.0,0.0
59143,0.0,0.0,0.0
59144,0.0,0.0,0.0
59145,0.0,0.0,0.0
59146,0.0,0.0,0.0
59147,0.0,0.0,0.0
59148,0.0,0.0,0.0
59149,0.0,0.0,0.0
59150,0.0,0.0,0.0
59151,0.0,0.0,0.0
59152,0.0,0.0,0.0
59153,0.0,0.0,0.0
59154,0.0,0.0,0.0
59155,0.0,0.0,0.0
59156,0.0,0.0,0.0
59157,0.0,0.0,0.0
59158,0.0,0.0,0.0
59159,0.0,0.0,0.0
59160,0.0,0.0,0.0
59161,0.0,0.0,0.0
59162,0.0,0.0,0.0
59163,0.0,0.0,0.0
59164,0.0,0.0,0.0
59165,0.0,0.0,0.0
59166,0.0,0.0,0.0
59167,0.0,0.0,0.0
59168,0.0,0.0,0.0
59169,0.0,0.0,0.0
59170,0.0,0.0,0.0
59171,0.0,0.0,0.0
59172,0.0,0.0,0.0
59173,0.0,0.0,0.0
59174,0.0,0.0,0.0
59175,0.0,0.0,0.0
59176,0.0,0.0,0.0
59177,0.0,0.0,0.0
59178,0.0,0.0,0.0
59179,0.0,0.0,0.0
59180,0.0,0.0,0.0
59181,0.0,0.0,0.0
59182,0.0,0.0,0.0
59183,0.0,0.0,0.0
59184,0.0,0.0,0.0
59185,0.0,0.0,0.0
59186,0.0,0.0,0.0
59187,0.0,0.0,0.0
59188,0.0,0.0,0.0
59189,0.0,0.0,0.0
59190,0.0,0.0,0.0
59191,0.0,0.0,0.0
59192,0.0,0.0,0.0
59193,0.0,0.0,0.0
59194,0.0,0.0,0.0
59195,0.0,0.0,0.0
59196,0.0,0.0,0.0
59197,0.0,0.0,0.0
59198,0.0,0.0,0.0
59199,0.0,0.0,0.0
59200,0.0,0.0,0.0
59201,0.0,0.0,0.0
59202,0.0,0.0,0.0
59203,0.0,0.0,0.0
59204,0.0,0.0,0.0
59205,0.0,0.0,0.0
59206,0.0,0.0,0.0
59207,0.0,0.0,0.0
59208,0.0,0.0,0.0
59209,0.0,0.0,0.0
59210,0.0,0.0,0.0
59211,0.0,0.0,0.0
59212,0.0,0.0,0.0
59213,0.0,0.0,0.0
59214,0.0,0.0,0.0
59215,0.0,0.0,0.0
59216,0.0,0.0,0.0
59217,0.0,0.0,0.0
59218,0.0,0.0,0.0
59219,0.0,0.0,0.0
59220,0.0,0.0,0.0
59221,0.0,0.0,0.0
59222,0.0,0.0,0.0
59223,0.0,0.0,0.0
59224,0.0,0.0,0.0
59225,0.0,0.0,0.0
59226,0.0,0.0,0.0
59227,0.0,0.0,0.0
59228,0.0,0.0,0.0
59229,0.0,0.0,0.0
59230,0.0,0.0,0.0
59231,0.0,0.0,0.0
59232,0.0,0.0,0.0
59233,0.0,0.0,0.0
59234,0.0,0.0,0.0
59235,0.0,0.0,0.0
59236,0.0,0.0,0.0
59237,0.0,0.0,0.0
59238,0.0,0.0,0.0
59239,0.0,0.0,0.0
59240,0.0,0.0,0.0
59241,0.0,0.0,0.0
59242,0.0,0.0,0.0
59243,0.0,0.0,0.0
59244,0.0,0.0,0.0
59245,0.0,0.0,0.0
59246,0.0,0.0,0.0
59247,0.0,0.0,0.0
59248,0.0,0.0,0.0
59249,0.0,0.0,0.0
59250,0.0,0.0,0.0
59251,0.0,0.0,0.0
59252,0.0,0.0,0.0
59253,0.0,0.0,0.0
59254,0.0,0.0,0.0
59255,0.0,0.0,0.0
59256,0.0,0.0,0.0
59257,0.0,0.0,0.0
59258,0.0,0.0,0.0
59259,0.0,0.0,0.0
59260,0.0,0.0,0.0
59261,0.0,0.0,0.0
59262,0.0,0.0,0.0
59263,0.0,0.0,0.0
59264,0.0,0.0,0.0
59265,0.0,0.0,0.0
59266,0.0,0.0,0.0
59267,0.0,0.0,0.0
59268,0.0,0.0,0.0
59269,0.0,0.0,0.0
59270,0.0,0.0,0.0
59271,0.0,0.0,0.0
59272,0.0,0.0,0.0
59273,0.0,0.0,0.0
59274,0.0,0.0,0.0
59275,0.0,0.0,0.0
59276,0.0,0.0,0.0
59277,0.0,0.0,0.0
59278,0.0,0.0,0.0
59279,0.0,0.0,0.0
59280,0.0,0.0,0.0
59281,0.0,0.0,0.0
59282,0.0,0.0,0.0
59283,0.0,0.0,0.0
59284,0.0,0.0,0.0
59285,0.0,0.0,0.0
59286,0.0,0.0,0.0
59287,0.0,0.0,0.0
59288,0.0,0.0,0.0
59289,0.0,0.0,0.0
59290,0.0,0.0,0.0
59291,0.0,0.0,0.0
59292,0.0,0.0,0.0
59293,0.0,0.0,0.0
59294,0.0,0.0,0.0
59295,0.0,0.0,0.0
59296,0.0,0.0,0.0
59297,0.0,0.0,0.0
59298,0.0,0.0,0.0
59299,0.0,0.0,0.0
59300,0.0,0.0,0.0
59301,0.0,0.0,0.0
59302,0.0,0.0,0.0
59303,0.0,0.0,0.0
59304,0.0,0.0,0.0
59305,0.0,0.0,0.0
59306,0.0,0.0,0.0
59307,0.0,0.0,0.0
59308,0.0,0.0,0.0
59309,0.0,0.0,0.0
59310,0.0,0.0,0.0
59311,0.0,0.0,0.0
59312,0.0,0.0,0.0
59313,0.0,0.0,0.0
59314,0.0,0.0,0.0
59315,0.0,0.0,0.0
59316,0.0,0.0,0.0
59317,0.0,0.0,0.0
59318,0.0,0.0,0.0
59319,0.0,0.0,0.0
59320,0.0,0.0,0.0
59321,0.0,0.0,0.0
59322,0.0,0.0,0.0
59323,0.0,0.0,0.0
59324,0.0,0.0,0.0
59325,0.0,0.0,0.0
59326,0.0,0.0,0.0
59327,0.0,0.0,0.0
59328,0.0,0.0,0.0
59329,0.0,0.0,0.0
59330,0.0,0.0,0.0
59331,0.0,0.0,0.0
59332,0.0,0.0,0.0
59333,0.0,0.0,0.0
59334,0.0,0.0,0.0
59335,0.0,0.0,0.0
59336,0.0,0.0,0.0
59337,0.0,0.0,0.0
59338,0.0,0.0,0.0
59339,0.0,0.0,0.0
59340,0.0,0.0,0.0
59341,0.0,0.0,0.0
59342,0.0,0.0,0.0
59343,0.0,0.0,0.0
59344,0.0,0.0,0.0
59345,0.0,0.0,0.0
59346,0.0,0.0,0.0
59347,0.0,0.0,0.0
59348,0.0,0.0,0.0
59349,0.0,0.0,0.0
59350,0.0,0.0,0.0
59351,0.0,0.0,0.0
59352,0.0,0.0,0.0
59353,0.0,0.0,0.0
59354,0.0,0.0,0.0
59355,0.0,0.0,0.0
59356,0.0,0.0,0.0
59357,0.0,0.0,0.0
59358,0.0,0.0,0.0
59359,0.0,0.0,0.0
59360,0.0,0.0,0.0
59361,0.0,0.0,0.0
59362,0.0,0.0,0.0
59363,0.0,0.0,0.0
59364,0.0,0.0,0.0
59365,0.0,0.0,0.0
59366,0.0,0.0,0.0
59367,0.0,0.0,0.0
59368,0.0,0.0,0.0
59369,0.0,0.0,0.0
59370,0.0,0.0,0.0
59371,0.0,0.0,0.0
59372,0.0,0.0,0.0
59373,0.0,0.0,0.0
59374,0.0,0.0,0.0
59375,0.0,0.0,0.0
59376,0.0,0.0,0.0
59377,0.0,0.0,0.0
59378,0.0,0.0,0.0
59379,0.0,0.0,0.0
59380,0.0,0.0,0.0
59381,0.0,0.0,0.0
59382,0.0,0.0,0.0
59383,0.0,0.0,0.0
59384,0.0,0.0,0.0
59385,0.0,0.0,0.0
59386,0.0,0.0,0.0
59387,0.0,0.0,0.0
59388,0.0,0.0,0.0
59389,0.0,0.0,0.0
59390,0.0,0.0,0.0
59391,0.0,0.0,0.0
59392,0.0,0.0,0.0
59393,0.0,0.0,0.0
59394,0.0,0.0,0.0
59395,0.0,0.0,0.0
59396,0.0,0.0,0.0
59397,0.0,0.0,0.0
59398,0.0,0.0,0.0
59399,0.0,0.0,0.0
59400,0.0,0.0,0.0
59401,0.0,0.0,0.0
59402,0.0,0.0,0.0
59403,0.0,0.0,0.0
59404,0.0,0.0,0.0
59405,0.0,0.0,0.0
59406,0.0,0.0,0.0
59407,0.0,0.0,0.0
59408,0.0,0.0,0.0
59409,0.0,0.0,0.0
59410,0.0,0.0,0.0
59411,0.0,0.0,0.0
59412,0.0,0.0,0.0
59413,0.0,0.0,0.0
59414,0.0,0.0,0.0
59415,0.0,0.0,0.0
59416,0.0,0.0,0.0
59417,0.0,0.0,0.0
59418,0.0,0.0,0.0
59419,0.0,0.0,0.0
59420,0.0,0.0,0.0
59421,0.0,0.0,0.0
59422,0.0,0.0,0.0
59423,0.0,0.0,0.0
59424,0.0,0.0,0.0
59425,0.0,0.0,0.0
59426,0.0,0.0,0.0
59427,0.0,0.0,0.0
59428,0.0,0.0,0.0
59429,0.0,0.0,0.0
59430,0.0,0.0,0.0
59431,0.0,0.0,0.0
59432,0.0,0.0,0.0
59433,0.0,0.0,0.0
59434,0.0,0.0,0.0
59435,0.0,0.0,0.0
59436,0.0,0.0,0.0
59437,0.0,0.0,0.0
59438,0.0,0.0,0.0
59439,0.0,0.0,0.0
59440,0.0,0.0,0.0
59441,0.0,0.0,0.0
59442,0.0,0.0,0.0
59443,0.0,0.0,0.0
59444,0.0,0.0,0.0
59445,0.0,0.0,0.0
59446,0.0,0.0,0.0
59447,0.0,0.0,0.0
59448,0.0,0.0,0.0
59449,0.0,0.0,0.0
59450,0.0,0.0,0.0
59451,0.0,0.0,0.0
59452,0.0,0.0,0.0
59453,0.0,0.0,0.0
59454,0.0,0.0,0.0
59455,0.0,0.0,0.0
59456,0.0,0.0,0.0
59457,0.0,0.0,0.0
59458,0.0,0.0,0.0
59459,0.0,0.0,0.0
59460,0.0,0.0,0.0
59461,0.0,0.0,0.0
59462,0.0,0.0,0.0
59463,0.0,0.0,0.0
59464,0.0,0.0,0.0
59465,0.0,0.0,0.0
59466,0.0,0.0,0.0
59467,0.0,0.0,0.0
59468,0.0,0.0,0.0
59469,0.0,0.0,0.0
59470,0.0,0.0,0.0
59471,0.0,0.0,0.0
59472,0.0,0.0,0.0
59473,0.0,0.0,0.0
59474,0.0,0.0,0.0
59475,0.0,0.0,0.0
59476,0.0,0.0,0.0
59477,0.0,0.0,0.0
59478,0.0,0.0,0.0
59479,0.0,0.0,0.0
59480,0.0,0.0,0.0
59481,0.0,0.0,0.0
59482,0.0,0.0,0.0
59483,0.0,0.0,0.0
59484,0.0,0.0,0.0
59485,0.0,0.0,0.0
59486,0.0,0.0,0.0
59487,0.0,0.0,0.0
59488,0.0,0.0,0.0
59489,0.0,0.0,0.0
59490,0.0,0.0,0.0
59491,0.0,0.0,0.0
59492,0.0,0.0,0.0
59493,0.0,0.0,0.0
59494,0.0,0.0,0.0
59495,0.0,0.0,0.0
59496,0.0,0.0,0.0
59497,0.0,0.0,0.0
59498,0.0,0.0,0.0
59499,0.0,0.0,0.0
59500,0.0,0.0,0.0
59501,0.0,0.0,0.0
59502,0.0,0.0,0.0
59503,0.0,0.0,0.0
59504,0.0,0.0,0.0
59505,0.0,0.0,0.0
59506,0.0,0.0,0.0
59507,0.0,0.0,0.0
59508,0.0,0.0,0.0
59509,0.0,0.0,0.0
59510,0.0,0.0,0.0
59511,0.0,0.0,0.0
59512,0.0,0.0,0.0
59513,0.0,0.0,0.0
59514,0.0,0.0,0.0
59515,0.0,0.0,0.0
59516,0.0,0.0,0.0
59517,0.0,0.0,0.0
59518,0.0,0.0,0.0
59519,0.0,0.0,0.0
59520,0.0,0.0,0.0
59521,0.0,0.0,0.0
59522,0.0,0.0,0.0
59523,0.0,0.0,0.0
59524,0.0,0.0,0.0
59525,0.0,0.0,0.0
59526,0.0,0.0,0.0
59527,0.0,0.0,0.0
59528,0.0,0.0,0.0
59529,0.0,0.0,0.0
59530,0.0,0.0,0.0
59531,0.0,0.0,0.0
59532,0.0,0.0,0.0
59533,0.0,0.0,0.0
59534,0.0,0.0,0.0
59535,0.0,0.0,0.0
59536,0.0,0.0,0.0
59537,0.0,0.0,0.0
59538,0.0,0.0,0.0
59539,0.0,0.0,0.0
59540,0.0,0.0,0.0
59541,0.0,0.0,0.0
59542,0.0,0.0,0.0
59543,0.0,0.0,0.0
59544,0.0,0.0,0.0
59545,0.0,0.0,0.0
59546,0.0,0.0,0.0
59547,0.0,0.0,0.0
59548,0.0,0.0,0.0
59549,0.0,0.0,0.0
59550,0.0,0.0,0.0
59551,0.0,0.0,0.0
59552,0.0,0.0,0.0
59553,0.0,0.0,0.0
59554,0.0,0.0,0.0
59555,0.0,0.0,0.0
59556,0.0,0.0,0.0
59557,0.0,0.0,0.0
59558,0.0,0.0,0.0
59559,0.0,0.0,0.0
59560,0.0,0.0,0.0
59561,0.0,0.0,0.0
59562,0.0,0.0,0.0
59563,0.0,0.0,0.0
59564,0.0,0.0,0.0
59565,0.0,0.0,0.0
59566,0.0,0.0,0.0
59567,0.0,0.0,0.0
59568,0.0,0.0,0.0
59569,0.0,0.0,0.0
59570,0.0,0.0,0.0
59571,0.0,0.0,0.0
59572,0.0,0.0,0.0
59573,0.0,0.0,0.0
59574,0.0,0.0,0.0
59575,0.0,0.0,0.0
59576,0.0,0.0,0.0
59577,0.0,0.0,0.0
59578,0.0,0.0,0.0
59579,0.0,0.0,0.0
59580,0.0,0.0,0.0
59581,0.0,0.0,0.0
59582,0.0,0.0,0.0
59583,0.0,0.0,0.0
59584,0.0,0.0,0.0
59585,0.0,0.0,0.0
59586,0.0,0.0,0.0
59587,0.0,0.0,0.0
59588,0.0,0.0,0.0
59589,0.0,0.0,0.0
59590,0.0,0.0,0.0
59591,0.0,0.0,0.0
59592,0.0,0.0,0.0
59593,0.0,0.0,0.0
59594,0.0,0.0,0.0
59595,0.0,0.0,0.0
59596,0.0,0.0,0.0
59597,0.0,0.0,0.0
59598,0.0,0.0,0.0
59599,0.0,0.0,0.0
59600,0.0,0.0,0.0
59601,0.0,0.0,0.0
59602,0.0,0.0,0.0
59603,0.0,0.0,0.0
59604,0.0,0.0,0.0
59605,0.0,0.0,0.0
59606,0.0,0.0,0.0
59607,0.0,0.0,0.0
59608,0.0,0.0,0.0
59609,0.0,0.0,0.0
59610,0.0,0.0,0.0
59611,0.0,0.0,0.0
59612,0.0,0.0,0.0
59613,0.0,0.0,0.0
59614,0.0,0.0,0.0
59615,0.0,0.0,0.0
59616,0.0,0.0,0.0
59617,0.0,0.0,0.0
59618,0.0,0.0,0.0
59619,0.0,0.0,0.0
59620,0.0,0.0,0.0
59621,0.0,0.0,0.0
59622,0.0,0.0,0.0
59623,0.0,0.0,0.0
59624,0.0,0.0,0.0
59625,0.0,0.0,0.0
59626,0.0,0.0,0.0
59627,0.0,0.0,0.0
59628,0.0,0.0,0.0
59629,0.0,0.0,0.0
59630,0.0,0.0,0.0
59631,0.0,0.0,0.0
59632,0.0,0.0,0.0
59633,0.0,0.0,0.0
59634,0.0,0.0,0.0
59635,0.0,0.0,0.0
59636,0.0,0.0,0.0
59637,0.0,0.0,0.0
59638,0.0,0.0,0.0
59639,0.0,0.0,0.0
59640,0.0,0.0,0.0
59641,0.0,0.0,0.0
59642,0.0,0.0,0.0
59643,0.0,0.0,0.0
59644,0.0,0.0,0.0
59645,0.0,0.0,0.0
59646,0.0,0.0,0.0
59647,0.0,0.0,0.0
59648,0.0,0.0,0.0
59649,0.0,0.0,0.0
59650,0.0,0.0,0.0
59651,0.0,0.0,0.0
59652,0.0,0.0,0.0
59653,0.0,0.0,0.0
59654,0.0,0.0,0.0
59655,0.0,0.0,0.0
59656,0.0,0.0,0.0
59657,0.0,0.0,0.0
59658,0.0,0.0,0.0
59659,0.0,0.0,0.0
59660,0.0,0.0,0.0
59661,0.0,0.0,0.0
59662,0.0,0.0,0.0
59663,0.0,0.0,0.0
59664,0.0,0.0,0.0
59665,0.0,0.0,0.0
59666,0.0,0.0,0.0
59667,0.0,0.0,0.0
59668,0.0,0.0,0.0
59669,0.0,0.0,0.0
59670,0.0,0.0,0.0
59671,0.0,0.0,0.0
59672,0.0,0.0,0.0
59673,0.0,0.0,0.0
59674,0.0,0.0,0.0
59675,0.0,0.0,0.0
59676,0.0,0.0,0.0
59677,0.0,0.0,0.0
59678,0.0,0.0,0.0
59679,0.0,0.0,0.0
59680,0.0,0.0,0.0
59681,0.0,0.0,0.0
59682,0.0,0.0,0.0
59683,0.0,0.0,0.0
59684,0.0,0.0,0.0
59685,0.0,0.0,0.0
59686,0.0,0.0,0.0
59687,0.0,0.0,0.0
59688,0.0,0.0,0.0
59689,0.0,0.0,0.0
59690,0.0,0.0,0.0
59691,0.0,0.0,0.0
59692,0.0,0.0,0.0
59693,0.0,0.0,0.0
59694,0.0,0.0,0.0
59695,0.0,0.0,0.0
59696,0.0,0.0,0.0
59697,0.0,0.0,0.0
59698,0.0,0.0,0.0
59699,0.0,0.0,0.0
59700,0.0,0.0,0.0
59701,0.0,0.0,0.0
59702,0.0,0.0,0.0
59703,0.0,0.0,0.0
59704,0.0,0.0,0.0
59705,0.0,0.0,0.0
59706,0.0,0.0,0.0
59707,0.0,0.0,0.0
59708,0.0,0.0,0.0
59709,0.0,0.0,0.0
59710,0.0,0.0,0.0
59711,0.0,0.0,0.0
59712,0.0,0.0,0.0
59713,0.0,0.0,0.0
59714,0.0,0.0,0.0
59715,0.0,0.0,0.0
59716,0.0,0.0,0.0
59717,0.0,0.0,0.0
59718,0.0,0.0,0.0
59719,0.0,0.0,0.0
59720,0.0,0.0,0.0
59721,0.0,0.0,0.0
59722,0.0,0.0,0.0
59723,0.0,0.0,0.0
59724,0.0,0.0,0.0
59725,0.0,0.0,0.0
59726,0.0,0.0,0.0
59727,0.0,0.0,0.0
59728,0.0,0.0,0.0
59729,0.0,0.0,0.0
59730,0.0,0.0,0.0
59731,0.0,0.0,0.0
59732,0.0,0.0,0.0
59733,0.0,0.0,0.0
59734,0.0,0.0,0.0
59735,0.0,0.0,0.0
59736,0.0,0.0,0.0
59737,0.0,0.0,0.0
59738,0.0,0.0,0.0
59739,0.0,0.0,0.0
59740,0.0,0.0,0.0
59741,0.0,0.0,0.0
59742,0.0,0.0,0.0
59743,0.0,0.0,0.0
59744,0.0,0.0,0.0
59745,0.0,0.0,0.0
59746,0.0,0.0,0.0
59747,0.0,0.0,0.0
59748,0.0,0.0,0.0
59749,0.0,0.0,0.0
59750,0.0,0.0,0.0
59751,0.0,0.0,0.0
59752,0.0,0.0,0.0
59753,0.0,0.0,0.0
59754,0.0,0.0,0.0
59755,0.0,0.0,0.0
59756,0.0,0.0,0.0
59757,0.0,0.0,0.0
59758,0.0,0.0,0.0
59759,0.0,0.0,0.0
59760,0.0,0.0,0.0
59761,0.0,0.0,0.0
59762,0.0,0.0,0.0
59763,0.0,0.0,0.0
59764,0.0,0.0,0.0
59765,0.0,0.0,0.0
59766,0.0,0.0,0.0
59767,0.0,0.0,0.0
59768,0.0,0.0,0.0
59769,0.0,0.0,0.0
59770,0.0,0.0,0.0
59771,0.0,0.0,0.0
59772,0.0,0.0,0.0
59773,0.0,0.0,0.0
59774,0.0,0.0,0.0
59775,0.0,0.0,0.0
59776,0.0,0.0,0.0
59777,0.0,0.0,0.0
59778,0.0,0.0,0.0
59779,0.0,0.0,0.0
59780,0.0,0.0,0.0
59781,0.0,0.0,0.0
59782,0.0,0.0,0.0
59783,0.0,0.0,0.0
59784,0.0,0.0,0.0
59785,0.0,0.0,0.0
59786,0.0,0.0,0.0
59787,0.0,0.0,0.0
59788,0.0,0.0,0.0
59789,0.0,0.0,0.0
59790,0.0,0.0,0.0
59791,0.0,0.0,0.0
59792,0.0,0.0,0.0
59793,0.0,0.0,0.0
59794,0.0,0.0,0.0
59795,0.0,0.0,0.0
59796,0.0,0.0,0.0
59797,0.0,0.0,0.0
59798,0.0,0.0,0.0
59799,0.0,0.0,0.0
59800,0.0,0.0,0.0
59801,0.0,0.0,0.0
59802,0.0,0.0,0.0
59803,0.0,0.0,0.0
59804,0.0,0.0,0.0
59805,0.0,0.0,0.0
59806,0.0,0.0,0.0
59807,0.0,0.0,0.0
59808,0.0,0.0,0.0
59809,0.0,0.0,0.0
59810,0.0,0.0,0.0
59811,0.0,0.0,0.0
59812,0.0,0.0,0.0
59813,0.0,0.0,0.0
59814,0.0,0.0,0.0
59815,0.0,0.0,0.0
59816,0.0,0.0,0.0
59817,0.0,0.0,0.0
59818,0.0,0.0,0.0
59819,0.0,0.0,0.0
59820,0.0,0.0,0.0
59821,0.0,0.0,0.0
59822,0.0,0.0,0.0
59823,0.0,0.0,0.0
59824,0.0,0.0,0.0
59825,0.0,0.0,0.0
59826,0.0,0.0,0.0
59827,0.0,0.0,0.0
59828,0.0,0.0,0.0
59829,0.0,0.0,0.0
59830,0.0,0.0,0.0
59831,0.0,0.0,0.0
59832,0.0,0.0,0.0
59833,0.0,0.0,0.0
59834,0.0,0.0,0.0
59835,0.0,0.0,0.0
59836,0.0,0.0,0.0
59837,0.0,0.0,0.0
59838,0.0,0.0,0.0
59839,0.0,0.0,0.0
59840,0.0,0.0,0.0
59841,0.0,0.0,0.0
59842,0.0,0.0,0.0
59843,0.0,0.0,0.0
59844,0.0,0.0,0.0
59845,0.0,0.0,0.0
59846,0.0,0.0,0.0
59847,0.0,0.0,0.0
59848,0.0,0.0,0.0
59849,0.0,0.0,0.0
59850,0.0,0.0,0.0
59851,0.0,0.0,0.0
59852,0.0,0.0,0.0
59853,0.0,0.0,0.0
59854,0.0,0.0,0.0
59855,0.0,0.0,0.0
59856,0.0,0.0,0.0
59857,0.0,0.0,0.0
59858,0.0,0.0,0.0
59859,0.0,0.0,0.0
59860,0.0,0.0,0.0
59861,0.0,0.0,0.0
59862,0.0,0.0,0.0
59863,0.0,0.0,0.0
59864,0.0,0.0,0.0
59865,0.0,0.0,0.0
59866,0.0,0.0,0.0
59867,0.0,0.0,0.0
59868,0.0,0.0,0.0
59869,0.0,0.0,0.0
59870,0.0,0.0,0.0
59871,0.0,0.0,0.0
59872,0.0,0.0,0.0
59873,0.0,0.0,0.0
59874,0.0,0.0,0.0
59875,0.0,0.0,0.0
59876,0.0,0.0,0.0
59877,0.0,0.0,0.0
59878,0.0,0.0,0.0
59879,0.0,0.0,0.0
59880,0.0,0.0,0.0
59881,0.0,0.0,0.0
59882,0.0,0.0,0.0
59883,0.0,0.0,0.0
59884,0.0,0.0,0.0
59885,0.0,0.0,0.0
59886,0.0,0.0,0.0
59887,0.0,0.0,0.0
59888,0.0,0.0,0.0
59889,0.0,0.0,0.0
59890,0.0,0.0,0.0
59891,0.0,0.0,0.0
59892,0.0,0.0,0.0
59893,0.0,0.0,0.0
59894,0.0,0.0,0.0
59895,0.0,0.0,0.0
59896,0.0,0.0,0.0
59897,0.0,0.0,0.0
59898,0.0,0.0,0.0
59899,0.0,0.0,0.0
59900,0.0,0.0,0.0
59901,0.0,0.0,0.0
59902,0.0,0.0,0.0
59903,0.0,0.0,0.0
59904,0.0,0.0,0.0
59905,0.0,0.0,0.0
59906,0.0,0.0,0.0
59907,0.0,0.0,0.0
59908,0.0,0.0,0.0
59909,0.0,0.0,0.0
59910,0.0,0.0,0.0
59911,0.0,0.0,0.0
59912,0.0,0.0,0.0
59913,0.0,0.0,0.0
59914,0.0,0.0,0.0
59915,0.0,0.0,0.0
59916,0.0,0.0,0.0
59917,0.0,0.0,0.0
59918,0.0,0.0,0.0
59919,0.0,0.0,0.0
59920,0.0,0.0,0.0
59921,0.0,0.0,0.0
59922,0.0,0.0,0.0
59923,0.0,0.0,0.0
59924,0.0,0.0,0.0
59925,0.0,0.0,0.0
59926,0.0,0.0,0.0
59927,0.0,0.0,0.0
59928,0.0,0.0,0.0
59929,0.0,0.0,0.0
59930,0.0,0.0,0.0
59931,0.0,0.0,0.0
59932,0.0,0.0,0.0
59933,0.0,0.0,0.0
59934,0.0,0.0,0.0
59935,0.0,0.0,0.0
59936,0.0,0.0,0.0
59937,0.0,0.0,0.0
59938,0.0,0.0,0.0
59939,0.0,0.0,0.0
59940,0.0,0.0,0.0
59941,0.0,0.0,0.0
59942,0.0,0.0,0.0
59943,0.0,0.0,0.0
59944,0.0,0.0,0.0
59945,0.0,0.0,0.0
59946,0.0,0.0,0.0
59947,0.0,0.0,0.0
59948,0.0,0.0,0.0
59949,0.0,0.0,0.0
59950,0.0,0.0,0.0
59951,0.0,0.0,0.0
59952,0.0,0.0,0.0
59953,0.0,0.0,0.0
59954,0.0,0.0,0.0
59955,0.0,0.0,0.0
59956,0.0,0.0,0.0
59957,0.0,0.0,0.0
59958,0.0,0.0,0.0
59959,0.0,0.0,0.0
59960,0.0,0.0,0.0
59961,0.0,0.0,0.0
59962,0.0,0.0,0.0
59963,0.0,0.0,0.0
59964,0.0,0.0,0.0
59965,0.0,0.0,0.0
59966,0.0,0.0,0.0
59967,0.0,0.0,0.0
59968,0.0,0.0,0.0
59969,0.0,0.0,0.0
59970,0.0,0.0,0.0
59971,0.0,0.0,0.0
59972,0.0,0.0,0.0
59973,0.0,0.0,0.0
59974,0.0,0.0,0.0
59975,0.0,0.0,0.0
59976,0.0,0.0,0.0
59977,0.0,0.0,0.0
59978,0.0,0.0,0.0
59979,0.0,0.0,0.0
59980,0.0,0.0,0.0
59981,0.0,0.0,0.0
59982,0.0,0.0,0.0
59983,0.0,0.0,0.0
59984,0.0,0.0,0.0
59985,0.0,0.0,0.0
59986,0.0,0.0,0.0
59987,0.0,0.0,0.0
59988,0.0,0.0,0.0
59989,0.0,0.0,0.0
59990,0.0,0.0,0.0
59991,0.0,0.0,0.0
59992,0.0,0.0,0.0
59993,0.0,0.0,0.0
59994,0.0,0.0,0.0
59995,0.0,0.0,0.0
59996,0.0,0.0,0.0
59997,0.0,0.0,0.0
59998,0.0,0.0,0.0
59999,0.0,0.0,0.0
60000,0.0,0.0,0.0
60001,0.0,0.0,0.0
60002,0.0,0.0,0.0
60003,0.0,0.0,0.0
60004,0.0,0.0,0.0
60005,0.0,0.0,0.0
60006,0.0,0.0,0.0
60007,0.0,0.0,0.0
60008,0.0,0.0,0.0
60009,0.0,0.0,0.0
60010,0.0,0.0,0.0
60011,0.0,0.0,0.0
60012,0.0,0.0,0.0
60013,0.0,0.0,0.0
60014,0.0,0.0,0.0
60015,0.0,0.0,0.0
60016,0.0,0.0,0.0
60017,0.0,0.0,0.0
60018,0.0,0.0,0.0
60019,0.0,0.0,0.0
60020,0.0,0.0,0.0
60021,0.0,0.0,0.0
60022,0.0,0.0,0.0
60023,0.0,0.0,0.0
60024,0.0,0.0,0.0
60025,0.0,0.0,0.0
60026,0.0,0.0,0.0
60027,0.0,0.0,0.0
60028,0.0,0.0,0.0
60029,0.0,0.0,0.0
60030,0.0,0.0,0.0
60031,0.0,0.0,0.0
60032,0.0,0.0,0.0
60033,0.0,0.0,0.0
60034,0.0,0.0,0.0
60035,0.0,0.0,0.0
60036,0.0,0.0,0.0
60037,0.0,0.0,0.0
60038,0.0,0.0,0.0
60039,0.0,0.0,0.0
60040,0.0,0.0,0.0
60041,0.0,0.0,0.0
60042,0.0,0.0,0.0
60043,0.0,0.0,0.0
60044,0.0,0.0,0.0
60045,0.0,0.0,0.0
60046,0.0,0.0,0.0
60047,0.0,0.0,0.0
60048,0.0,0.0,0.0
60049,0.0,0.0,0.0
60050,0.0,0.0,0.0
60051,0.0,0.0,0.0
60052,0.0,0.0,0.0
60053,0.0,0.0,0.0
60054,0.0,0.0,0.0
60055,0.0,0.0,0.0
60056,0.0,0.0,0.0
60057,0.0,0.0,0.0
60058,0.0,0.0,0.0
60059,0.0,0.0,0.0
60060,0.0,0.0,0.0
60061,0.0,0.0,0.0
60062,0.0,0.0,0.0
60063,0.0,0.0,0.0
60064,0.0,0.0,0.0
60065,0.0,0.0,0.0
60066,0.0,0.0,0.0
60067,0.0,0.0,0.0
60068,0.0,0.0,0.0
60069,0.0,0.0,0.0
60070,0.0,0.0,0.0
60071,0.0,0.0,0.0
60072,0.0,0.0,0.0
60073,0.0,0.0,0.0
60074,0.0,0.0,0.0
60075,0.0,0.0,0.0
60076,0.0,0.0,0.0
60077,0.0,0.0,0.0
60078,0.0,0.0,0.0
60079,0.0,0.0,0.0
60080,0.0,0.0,0.0
60081,0.0,0.0,0.0
60082,0.0,0.0,0.0
60083,0.0,0.0,0.0
60084,0.0,0.0,0.0
60085,0.0,0.0,0.0
60086,0.0,0.0,0.0
60087,0.0,0.0,0.0
60088,0.0,0.0,0.0
60089,0.0,0.0,0.0
60090,0.0,0.0,0.0
60091,0.0,0.0,0.0
60092,0.0,0.0,0.0
60093,0.0,0.0,0.0
60094,0.0,0.0,0.0
60095,0.0,0.0,0.0
60096,0.0,0.0,0.0
60097,0.0,0.0,0.0
60098,0.0,0.0,0.0
60099,0.0,0.0,0.0
60100,0.0,0.0,0.0
60101,0.0,0.0,0.0
60102,0.0,0.0,0.0
60103,0.0,0.0,0.0
97112,0.0,0.0,0.0
97113,0.0,0.0,0.0
97114,0.0,0.0,0.0
97115,0.0,0.0,0.0
97116,0.0,0.0,0.0
97117,0.0,0.0,0.0
97118,0.0,0.0,0.0
97119,0.0,0.0,0.0
97120,0.0,0.0,0.0
97121,0.0,0.0,0.0
97122,0.0,0.0,0.0
97123,0.0,0.0,0.0
97124,0.0,0.0,0.0
97125,0.0,0.0,0.0
97126,0.0,0.0,0.0
97127,0.0,0.0,0.0
97128,0.0,0.0,0.0
97129,0.0,0.0,0.0
97130,0.0,0.0,0.0
97131,0.0,0.0,0.0
97132,0.0,0.0,0.0
97133,0.0,0.0,0.0
97134,0.0,0.0,0.0
97135,0.0,0.0,0.0
97136,0.0,0.0,0.0
97137,0.0,0.0,0.0
97138,0.0,0.0,0.0
97139,0.0,0.0,0.0
97140,0.0,0.0,0.0
97141,0.0,0.0,0.0
97142,0.0,0.0,0.0
97143,0.0,0.0,0.0
97144,0.0,0.0,0.0
97145,0.0,0.0,0.0
97146,0.0,0.0,0.0
97147,0.0,0.0,0.0
97148,0.0,0.0,0.0
97149,0.0,0.0,0.0
97150,0.0,0.0,0.0
97151,0.0,0.0,0.0
97152,0.0,0.0,0.0
97153,0.0,0.0,0.0
97154,0.0,0.0,0.0
97155,0.0,0.0,0.0
97156,0.0,0.0,0.0
97157,0.0,0.0,0.0
97158,0.0,0.0,0.0
97159,0.0,0.0,0.0
97160,0.0,0.0,0.0
97161,0.0,0.0,0.0
97162,0.0,0.0,0.0
97163,0.0,0.0,0.0
97164,0.0,0.0,0.0
97165,0.0,0.0,0.0
97166,0.0,0.0,0.0
97167,0.0,0.0,0.0
97168,0.0,0.0,0.0
97169,0.0,0.0,0.0
97170,0.0,0.0,0.0
97171,0.0,0.0,0.0
97172,0.0,0.0,0.0
97173,0.0,0.0,0.0
97174,0.0,0.0,0.0
97175,0.0,0.0,0.0
97176,0.0,0.0,0.0
97177,0.0,0.0,0.0
97178,0.0,0.0,0.0
97179,0.0,0.0,0.0
97180,0.0,0.0,0.0
97181,0.0,0.0,0.0
97182,0.0,0.0,0.0
97183,0.0,0.0,0.0
97184,0.0,0.0,0.0
97185,0.0,0.0,0.0
97186,0.0,0.0,0.0
97187,0.0,0.0,0.0
97188,0.0,0.0,0.0
97189,0.0,0.0,0.0
97190,0.0,0.0,0.0
97191,0.0,0.0,0.0
97192,0.0,0.0,0.0
97193,0.0,0.0,0.0
97194,0.0,0.0,0.0
97195,0.0,0.0,0.0
97196,0.0,0.0,0.0
97197,0.0,0.0,0.0
97198,0.0,0.0,0.0
97199,0.0,0.0,0.0
97200,0.0,0.0,0.0
97201,0.0,0.0,0.0
97202,0.0,0.0,0.0
97203,0.0,0.0,0.0
97204,0.0,0.0,0.0
97205,0.0,0.0,0.0
97206,0.0,0.0,0.0
97207,0.0,0.0,0.0
97208,0.0,0.0,0.0
97209,0.0,0.0,0.0
97210,0.0,0.0,0.0
97211,0.0,0.0,0.0
97212,0.0,0.0,0.0
97213,0.0,0.0,0.0
97214,0.0,0.0,0.0
97215,0.0,0.0,0.0
97216,0.0,0.0,0.0
97217,0.0,0.0,0.0
97218,0.0,0.0,0.0
97219,0.0,0.0,0.0
97220,0.0,0.0,0.0
97221,0.0,0.0,0.0
97222,0.0,0.0,0.0
97223,0.0,0.0,0.0
97224,0.0,0.0,0.0
97225,0.0,0.0,0.0
97226,0.0,0.0,0.0
97227,0.0,0.0,0.0
97228,0.0,0.0,0.0
97229,0.0,0.0,0.0
97230,0.0,0.0,0.0
97231,0.0,0.0,0.0
97232,0.0,0.0,0.0
97233,0.0,0.0,0.0
97234,0.0,0.0,0.0
97235,0.0,0.0,0.0
97236,0.0,0.0,0.0
97237,0.0,0.0,0.0
97238,0.0,0.0,0.0
97239,0.0,0.0,0.0
97240,0.0,0.0,0.0
97241,0.0,0.0,0.0
97242,0.0,0.0,0.0
97243,0.0,0.0,0.0
97244,0.0,0.0,0.0
97245,0.0,0.0,0.0
97246,0.0,0.0,0.0
97247,0.0,0.0,0.0
97248,0.0,0.0,0.0
97249,0.0,0.0,0.0
97250,0.0,0.0,0.0
97251,0.0,0.0,0.0
97252,0.0,0.0,0.0
97253,0.0,0.0,0.0
97254,0.0,0.0,0.0
97255,0.0,0.0,0.0
97256,0.0,0.0,0.0
97257,0.0,0.0,0.0
97258,0.0,0.0,0.0
97259,0.0,0.0,0.0
97260,0.0,0.0,0.0
97261,0.0,0.0,0.0
97262,0.0,0.0,0.0
97263,0.0,0.0,0.0
97264,0.0,0.0,0.0
97265,0.0,0.0,0.0
97266,0.0,0.0,0.0
97267,0.0,0.0,0.0
97268,0.0,0.0,0.0
97269,0.0,0.0,0.0
97270,0.0,0.0,0.0
97271,0.0,0.0,0.0
97272,0.0,0.0,0.0
97273,0.0,0.0,0.0
97274,0.0,0.0,0.0
97275,0.0,0.0,0.0
97276,0.0,0.0,0.0
97277,0.0,0.0,0.0
97278,0.0,0.0,0.0
97279,0.0,0.0,0.0
97280,0.0,0.0,0.0
97281,0.0,0.0,0.0
97282,0.0,0.0,0.0
97283,0.0,0.0,0.0
97284,0.0,0.0,0.0
97285,0.0,0.0,0.0
97286,0.0,0.0,0.0
97287,0.0,0.0,0.0
97288,0.0,0.0,0.0
97289,0.0,0.0,0.0
97290,0.0,0.0,0.0
97291,0.0,0.0,0.0
97292,0.0,0.0,0.0
97293,0.0,0.0,0.0
97294,0.0,0.0,0.0
97295,0.0,0.0,0.0
97296,0.0,0.0,0.0
97297,0.0,0.0,0.0
97298,0.0,0.0,0.0
97299,0.0,0.0,0.0
97300,0.0,0.0,0.0
97301,0.0,0.0,0.0
97302,0.0,0.0,0.0
97303,0.0,0.0,0.0
97304,0.0,0.0,0.0
97305,0.0,0.0,0.0
97306,0.0,0.0,0.0
97307,0.0,0.0,0.0
97308,0.0,0.0,0.0
97309,0.0,0.0,0.0
97310,0.0,0.0,0.0
97311,0.0,0.0,0.0
97312,0.0,0.0,0.0
97313,0.0,0.0,0.0
97314,0.0,0.0,0.0
97315,0.0,0.0,0.0
97316,0.0,0.0,0.0
97317,0.0,0.0,0.0
97318,0.0,0.0,0.0
97319,0.0,0.0,0.0
97320,0.0,0.0,0.0
97321,0.0,0.0,0.0
97322,0.0,0.0,0.0
97323,0.0,0.0,0.0
97324,0.0,0.0,0.0
97325,0.0,0.0,0.0
97326,0.0,0.0,0.0
97327,0.0,0.0,0.0
97328,0.0,0.0,0.0
97329,0.0,0.0,0.0
97330,0.0,0.0,0.0
97331,0.0,0.0,0.0
97332,0.0,0.0,0.0
97333,0.0,0.0,0.0
97334,0.0,0.0,0.0
97335,0.0,0.0,0.0
97336,0.0,0.0,0.0
97337,0.0,0.0,0.0
97338,0.0,0.0,0.0
97339,0.0,0.0,0.0
97340,0.0,0.0,0.0
97341,0.0,0.0,0.0
97342,0.0,0.0,0.0
97343,0.0,0.0,0.0
97344,0.0,0.0,0.0
97345,0.0,0.0,0.0
97346,0.0,0.0,0.0
97347,0.0,0.0,0.0
97348,0.0,0.0,0.0
97349,0.0,0.0,0.0
97350,0.0,0.0,0.0
97351,0.0,0.0,0.0
97352,0.0,0.0,0.0
97353,0.0,0.0,0.0
97354,0.0,0.0,0.0
97355,0.0,0.0,0.0
97356,0.0,0.0,0.0
97357,0.0,0.0,0.0
97358,0.0,0.0,0.0
97359,0.0,0.0,0.0
97360,0.0,0.0,0.0
97361,0.0,0.0,0.0
97362,0.0,0.0,0.0
97363,0.0,0.0,0.0
97364,0.0,0.0,0.0
97365,0.0,0.0,0.0
97366,0.0,0.0,0.0
97367,0.0,0.0,0.0
97368,0.0,0.0,0.0
97369,0.0,0.0,0.0
97370,0.0,0.0,0.0
97371,0.0,0.0,0.0
97372,0.0,0.0,0.0
97373,0.0,0.0,0.0
97374,0.0,0.0,0.0
97375,0.0,0.0,0.0
97376,0.0,0.0,0.0
97377,0.0,0.0,0.0
97378,0.0,0.0,0.0
97379,0.0,0.0,0.0
97380,0.0,0.0,0.0
97381,0.0,0.0,0.0
97382,0.0,0.0,0.0
97383,0.0,0.0,0.0
97384,0.0,0.0,0.0
97385,0.0,0.0,0.0
97386,0.0,0.0,0.0
97387,0.0,0.0,0.0
97388,0.0,0.0,0.0
97389,0.0,0.0,0.0
97390,0.0,0.0,0.0
97391,0.0,0.0,0.0
97392,0.0,0.0,0.0
97393,0.0,0.0,0.0
97394,0.0,0.0,0.0
97395,0.0,0.0,0.0
97396,0.0,0.0,0.0
97397,0.0,0.0,0.0
97398,0.0,0.0,0.0
97399,0.0,0.0,0.0
97400,0.0,0.0,0.0
97401,0.0,0.0,0.0
97402,0.0,0.0,0.0
97403,0.0,0.0,0.0
97404,0.0,0.0,0.0
97405,0.0,0.0,0.0
97406,0.0,0.0,0.0
97407,0.0,0.0,0.0
97408,0.0,0.0,0.0
97409,0.0,0.0,0.0
97410,0.0,0.0,0.0
97411,0.0,0.0,0.0
97412,0.0,0.0,0.0
97413,0.0,0.0,0.0
97414,0.0,0.0,0.0
97415,0.0,0.0,0.0
97416,0.0,0.0,0.0
97417,0.0,0.0,0.0
97418,0.0,0.0,0.0
97419,0.0,0.0,0.0
97420,0.0,0.0,0.0
97421,0.0,0.0,0.0
97422,0.0,0.0,0.0
97423,0.0,0.0,0.0
97424,0.0,0.0,0.0
97425,0.0,0.0,0.0
97426,0.0,0.0,0.0
97427,0.0,0.0,0.0
97428,0.0,0.0,0.0
97429,0.0,0.0,0.0
97430,0.0,0.0,0.0
97431,0.0,0.0,0.0
97432,0.0,0.0,0.0
97433,0.0,0.0,0.0
97434,0.0,0.0,0.0
97435,0.0,0.0,0.0
97436,0.0,0.0,0.0
97437,0.0,0.0,0.0
97438,0.0,0.0,0.0
97439,0.0,0.0,0.0
97440,0.0,0.0,0.0
97441,0.0,0.0,0.0
97442,0.0,0.0,0.0
97443,0.0,0.0,0.0
97444,0.0,0.0,0.0
97445,0.0,0.0,0.0
97446,0.0,0.0,0.0
97447,0.0,0.0,0.0
97448,0.0,0.0,0.0
97449,0.0,0.0,0.0
97450,0.0,0.0,0.0
97451,0.0,0.0,0.0
97452,0.0,0.0,0.0
97453,0.0,0.0,0.0
97454,0.0,0.0,0.0
97455,0.0,0.0,0.0
97456,0.0,0.0,0.0
97457,0.0,0.0,0.0
97458,0.0,0.0,0.0
97459,0.0,0.0,0.0
97460,0.0,0.0,0.0
97461,0.0,0.0,0.0
97462,0.0,0.0,0.0
97463,0.0,0.0,0.0
97464,0.0,0.0,0.0
97465,0.0,0.0,0.0
97466,0.0,0.0,0.0
97467,0.0,0.0,0.0
97468,0.0,0.0,0.0
97469,0.0,0.0,0.0
97470,0.0,0.0,0.0
97471,0.0,0.0,0.0
97472,0.0,0.0,0.0
97473,0.0,0.0,0.0
97474,0.0,0.0,0.0
97475,0.0,0.0,0.0
97476,0.0,0.0,0.0
97477,0.0,0.0,0.0
97478,0.0,0.0,0.0
97479,0.0,0.0,0.0
97480,0.0,0.0,0.0
97481,0.0,0.0,0.0
97482,0.0,0.0,0.0
97483,0.0,0.0,0.0
97484,0.0,0.0,0.0
97485,0.0,0.0,0.0
97486,0.0,0.0,0.0
97487,0.0,0.0,0.0
97488,0.0,0.0,0.0
97489,0.0,0.0,0.0
97490,0.0,0.0,0.0
97491,0.0,0.0,0.0
97492,0.0,0.0,0.0
97493,0.0,0.0,0.0
97494,0.0,0.0,0.0
97495,0.0,0.0,0.0
97496,0.0,0.0,0.0
97497,0.0,0.0,0.0
97498,0.0,0.0,0.0
97499,0.0,0.0,0.0
97500,0.0,0.0,0.0
97501,0.0,0.0,0.0
97502,0.0,0.0,0.0
97503,0.0,0.0,0.0
97504,0.0,0.0,0.0
97505,0.0,0.0,0.0
97506,0.0,0.0,0.0
97507,0.0,0.0,0.0
97508,0.0,0.0,0.0
97509,0.0,0.0,0.0
97510,0.0,0.0,0.0
97511,0.0,0.0,0.0
97512,0.0,0.0,0.0
97513,0.0,0.0,0.0
97514,0.0,0.0,0.0
97515,0.0,0.0,0.0
97516,0.0,0.0,0.0
97517,0.0,0.0,0.0
97518,0.0,0.0,0.0
97519,0.0,0.0,0.0
97520,0.0,0.0,0.0
97521,0.0,0.0,0.0
97522,0.0,0.0,0.0
97523,0.0,0.0,0.0
97524,0.0,0.0,0.0
97525,0.0,0.0,0.0
97526,0.0,0.0,0.0
97527,0.0,0.0,0.0
97528,0.0,0.0,0.0
97529,0.0,0.0,0.0
97530,0.0,0.0,0.0
97531,0.0,0.0,0.0
97532,0.0,0.0,0.0
97533,0.0,0.0,0.0
97534,0.0,0.0,0.0
97535,0.0,0.0,0.0
97536,0.0,0.0,0.0
97537,0.0,0.0,0.0
97538,0.0,0.0,0.0
97539,0.0,0.0,0.0
97540,0.0,0.0,0.0
97541,0.0,0.0,0.0
97542,0.0,0.0,0.0
97543,0.0,0.0,0.0
97544,0.0,0.0,0.0
97545,0.0,0.0,0.0
97546,0.0,0.0,0.0
97547,0.0,0.0,0.0
97548,0.0,0.0,0.0
97549,0.0,0.0,0.0
97550,0.0,0.0,0.0
97551,0.0,0.0,0.0
97552,0.0,0.0,0.0
97553,0.0,0.0,0.0
97554,0.0,0.0,0.0
97555,0.0,0.0,0.0
97556,0.0,0.0,0.0
97557,0.0,0.0,0.0
97558,0.0,0.0,0.0
97559,0.0,0.0,0.0
97560,0.0,0.0,0.0
97561,0.0,0.0,0.0
97562,0.0,0.0,0.0
97563,0.0,0.0,0.0
97564,0.0,0.0,0.0
97565,0.0,0.0,0.0
97566,0.0,0.0,0.0
97567,0.0,0.0,0.0
97568,0.0,0.0,0.0
97569,0.0,0.0,0.0
97570,0.0,0.0,0.0
97571,0.0,0.0,0.0
97572,0.0,0.0,0.0
97573,0.0,0.0,0.0
97574,0.0,0.0,0.0
97575,0.0,0.0,0.0
97576,0.0,0.0,0.0
97577,0.0,0.0,0.0
97578,0.0,0.0,0.0
97579,0.0,0.0,0.0
97580,0.0,0.0,0.0
97581,0.0,0.0,0.0
97582,0.0,0.0,0.0
97583,0.0,0.0,0.0
97584,0.0,0.0,0.0
97585,0.0,0.0,0.0
97586,0.0,0.0,0.0
97587,0.0,0.0,0.0
97588,0.0,0.0,0.0
97589,0.0,0.0,0.0
97590,0.0,0.0,0.0
97591,0.0,0.0,0.0
97592,0.0,0.0,0.0
97593,0.0,0.0,0.0
97594,0.0,0.0,0.0
97595,0.0,0.0,0.0
97596,0.0,0.0,0.0
97597,0.0,0.0,0.0
97598,0.0,0.0,0.0
97599,0.0,0.0,0.0
97600,0.0,0.0,0.0
97601,0.0,0.0,0.0
97602,0.0,0.0,0.0
97603,0.0,0.0,0.0
97604,0.0,0.0,0.0
97605,0.0,0.0,0.0
97606,0.0,0.0,0.0
97607,0.0,0.0,0.0
97608,0.0,0.0,0.0
97609,0.0,0.0,0.0
97610,0.0,0.0,0.0
97611,0.0,0.0,0.0
97612,0.0,0.0,0.0
97613,0.0,0.0,0.0
97614,0.0,0.0,0.0
97615,0.0,0.0,0.0
97616,0.0,0.0,0.0
97617,0.0,0.0,0.0
97618,0.0,0.0,0.0
97619,0.0,0.0,0.0
97620,0.0,0.0,0.0
97621,0.0,0.0,0.0
97622,0.0,0.0,0.0
97623,0.0,0.0,0.0
97624,0.0,0.0,0.0
97625,0.0,0.0,0.0
97626,0.0,0.0,0.0
97627,0.0,0.0,0.0
97628,0.0,0.0,0.0
97629,0.0,0.0,0.0
97630,0.0,0.0,0.0
97631,0.0,0.0,0.0
97632,0.0,0.0,0.0
97633,0.0,0.0,0.0
97634,0.0,0.0,0.0
97635,0.0,0.0,0.0
97636,0.0,0.0,0.0
97637,0.0,0.0,0.0
97638,0.0,0.0,0.0
97639,0.0,0.0,0.0
97640,0.0,0.0,0.0
97641,0.0,0.0,0.0
97642,0.0,0.0,0.0
97643,0.0,0.0,0.0
97644,0.0,0.0,0.0
97645,0.0,0.0,0.0
97646,0.0,0.0,0.0
97647,0.0,0.0,0.0
97648,0.0,0.0,0.0
97649,0.0,0.0,0.0
97650,0.0,0.0,0.0
97651,0.0,0.0,0.0
97652,0.0,0.0,0.0
97653,0.0,0.0,0.0
97654,0.0,0.0,0.0
97655,0.0,0.0,0.0
97656,0.0,0.0,0.0
97657,0.0,0.0,0.0
97658,0.0,0.0,0.0
97659,0.0,0.0,0.0
97660,0.0,0.0,0.0
97661,0.0,0.0,0.0
97662,0.0,0.0,0.0
97663,0.0,0.0,0.0
97664,0.0,0.0,0.0
97665,0.0,0.0,0.0
97666,0.0,0.0,0.0
97667,0.0,0.0,0.0
97668,0.0,0.0,0.0
97669,0.0,0.0,0.0
97670,0.0,0.0,0.0
97671,0.0,0.0,0.0
97672,0.0,0.0,0.0
97673,0.0,0.0,0.0
97674,0.0,0.0,0.0
97675,0.0,0.0,0.0
97676,0.0,0.0,0.0
97677,0.0,0.0,0.0
97678,0.0,0.0,0.0
97679,0.0,0.0,0.0
97680,0.0,0.0,0.0
97681,0.0,0.0,0.0
97682,0.0,0.0,0.0
97683,0.0,0.0,0.0
97684,0.0,0.0,0.0
97685,0.0,0.0,0.0
97686,0.0,0.0,0.0
97687,0.0,0.0,0.0
97688,0.0,0.0,0.0
97689,0.0,0.0,0.0
97690,0.0,0.0,0.0
97691,0.0,0.0,0.0
97692,0.0,0.0,0.0
97693,0.0,0.0,0.0
97694,0.0,0.0,0.0
97695,0.0,0.0,0.0
97696,0.0,0.0,0.0
97697,0.0,0.0,0.0
97698,0.0,0.0,0.0
97699,0.0,0.0,0.0
97700,0.0,0.0,0.0
97701,0.0,0.0,0.0
97702,0.0,0.0,0.0
97703,0.0,0.0,0.0
97704,0.0,0.0,0.0
97705,0.0,0.0,0.0
97706,0.0,0.0,0.0
97707,0.0,0.0,0.0
97708,0.0,0.0,0.0
97709,0.0,0.0,0.0
97710,0.0,0.0,0.0
97711,0.0,0.0,0.0
97712,0.0,0.0,0.0
97713,0.0,0.0,0.0
97714,0.0,0.0,0.0
97715,0.0,0.0,0.0
97716,0.0,0.0,0.0
97717,0.0,0.0,0.0
97718,0.0,0.0,0.0
97719,0.0,0.0,0.0
97720,0.0,0.0,0.0
97721,0.0,0.0,0.0
97722,0.0,0.0,0.0
97723,0.0,0.0,0.0
97724,0.0,0.0,0.0
97725,0.0,0.0,0.0
97726,0.0,0.0,0.0
97727,0.0,0.0,0.0
97728,0.0,0.0,0.0
97729,0.0,0.0,0.0
97730,0.0,0.0,0.0
97731,0.0,0.0,0.0
97732,0.0,0.0,0.0
97733,0.0,0.0,0.0
97734,0.0,0.0,0.0
97735,0.0,0.0,0.0
97736,0.0,0.0,0.0
97737,0.0,0.0,0.0
97738,0.0,0.0,0.0
97739,0.0,0.0,0.0
97740,0.0,0.0,0.0
97741,0.0,0.0,0.0
97742,0.0,0.0,0.0
97743,0.0,0.0,0.0
97744,0.0,0.0,0.0
97745,0.0,0.0,0.0
97746,0.0,0.0,0.0
97747,0.0,0.0,0.0
97748,0.0,0.0,0.0
97749,0.0,0.0,0.0
97750,0.0,0.0,0.0
97751,0.0,0.0,0.0
97752,0.0,0.0,0.0
97753,0.0,0.0,0.0
97754,0.0,0.0,0.0
97755,0.0,0.0,0.0
97756,0.0,0.0,0.0
97757,0.0,0.0,0.0
97758,0.0,0.0,0.0
97759,0.0,0.0,0.0
97760,0.0,0.0,0.0
97761,0.0,0.0,0.0
97762,0.0,0.0,0.0
97763,0.0,0.0,0.0
97764,0.0,0.0,0.0
97765,0.0,0.0,0.0
97766,0.0,0.0,0.0
97767,0.0,0.0,0.0
97768,0.0,0.0,0.0
97769,0.0,0.0,0.0
97770,0.0,0.0,0.0
97771,0.0,0.0,0.0
97772,0.0,0.0,0.0
97773,0.0,0.0,0.0
97774,0.0,0.0,0.0
97775,0.0,0.0,0.0
97776,0.0,0.0,0.0
97777,0.0,0.0,0.0
97778,0.0,0.0,0.0
97779,0.0,0.0,0.0
97780,0.0,0.0,0.0
97781,0.0,0.0,0.0
97782,0.0,0.0,0.0
97783,0.0,0.0,0.0
97784,0.0,0.0,0.0
97785,0.0,0.0,0.0
97786,0.0,0.0,0.0
97787,0.0,0.0,0.0
97788,0.0,0.0,0.0
97789,0.0,0.0,0.0
97790,0.0,0.0,0.0
97791,0.0,0.0,0.0
97792,0.0,0.0,0.0
97793,0.0,0.0,0.0
97794,0.0,0.0,0.0
97795,0.0,0.0,0.0
97796,0.0,0.0,0.0
97797,0.0,0.0,0.0
97798,0.0,0.0,0.0
97799,0.0,0.0,0.0
97800,0.0,0.0,0.0
97801,0.0,0.0,0.0
97802,0.0,0.0,0.0
97803,0.0,0.0,0.0
97804,0.0,0.0,0.0
97805,0.0,0.0,0.0
97806,0.0,0.0,0.0
97807,0.0,0.0,0.0
97808,0.0,0.0,0.0
97809,0.0,0.0,0.0
97810,0.0,0.0,0.0
97811,0.0,0.0,0.0
97812,0.0,0.0,0.0
97813,0.0,0.0,0.0
97814,0.0,0.0,0.0
97815,0.0,0.0,0.0
97816,0.0,0.0,0.0
97817,0.0,0.0,0.0
97818,0.0,0.0,0.0
97819,0.0,0.0,0.0
97820,0.0,0.0,0.0
97821,0.0,0.0,0.0
97822,0.0,0.0,0.0
97823,0.0,0.0,0.0
97824,0.0,0.0,0.0
97825,0.0,0.0,0.0
97826,0.0,0.0,0.0
97827,0.0,0.0,0.0
97828,0.0,0.0,0.0
97829,0.0,0.0,0.0
97830,0.0,0.0,0.0
97831,0.0,0.0,0.0
97832,0.0,0.0,0.0
97833,0.0,0.0,0.0
97834,0.0,0.0,0.0
97835,0.0,0.0,0.0
97836,0.0,0.0,0.0
97837,0.0,0.0,0.0
97838,0.0,0.0,0.0
97839,0.0,0.0,0.0
97840,0.0,0.0,0.0
97841,0.0,0.0,0.0
97842,0.0,0.0,0.0
97843,0.0,0.0,0.0
97844,0.0,0.0,0.0
97845,0.0,0.0,0.0
97846,0.0,0.0,0.0
97847,0.0,0.0,0.0
97848,0.0,0.0,0.0
97849,0.0,0.0,0.0
97850,0.0,0.0,0.0
97851,0.0,0.0,0.0
97852,0.0,0.0,0.0
97853,0.0,0.0,0.0
97854,0.0,0.0,0.0
97855,0.0,0.0,0.0
97856,0.0,0.0,0.0
97857,0.0,0.0,0.0
97858,0.0,0.0,0.0
97859,0.0,0.0,0.0
97860,0.0,0.0,0.0
97861,0.0,0.0,0.0
97862,0.0,0.0,0.0
97863,0.0,0.0,0.0
97864,0.0,0.0,0.0
97865,0.0,0.0,0.0
97866,0.0,0.0,0.0
97867,0.0,0.0,0.0
97868,0.0,0.0,0.0
97869,0.0,0.0,0.0
97870,0.0,0.0,0.0
97871,0.0,0.0,0.0
97872,0.0,0.0,0.0
97873,0.0,0.0,0.0
97874,0.0,0.0,0.0
97875,0.0,0.0,0.0
97876,0.0,0.0,0.0
97877,0.0,0.0,0.0
97878,0.0,0.0,0.0
97879,0.0,0.0,0.0
97880,0.0,0.0,0.0
97881,0.0,0.0,0.0
97882,0.0,0.0,0.0
97883,0.0,0.0,0.0
97884,0.0,0.0,0.0
97885,0.0,0.0,0.0
97886,0.0,0.0,0.0
97887,0.0,0.0,0.0
97888,0.0,0.0,0.0
97889,0.0,0.0,0.0
97890,0.0,0.0,0.0
97891,0.0,0.0,0.0
97892,0.0,0.0,0.0
97893,0.0,0.0,0.0
97894,0.0,0.0,0.0
97895,0.0,0.0,0.0
97896,0.0,0.0,0.0
97897,0.0,0.0,0.0
97898,0.0,0.0,0.0
97899,0.0,0.0,0.0
97900,0.0,0.0,0.0
97901,0.0,0.0,0.0
97902,0.0,0.0,0.0
97903,0.0,0.0,0.0
97904,0.0,0.0,0.0
97905,0.0,0.0,0.0
97906,0.0,0.0,0.0
97907,0.0,0.0,0.0
97908,0.0,0.0,0.0
97909,0.0,0.0,0.0
97910,0.0,0.0,0.0
97911,0.0,0.0,0.0
97912,0.0,0.0,0.0
97913,0.0,0.0,0.0
97914,0.0,0.0,0.0
97915,0.0,0.0,0.0
97916,0.0,0.0,0.0
97917,0.0,0.0,0.0
97918,0.0,0.0,0.0
97919,0.0,0.0,0.0
97920,0.0,0.0,0.0
97921,0.0,0.0,0.0
97922,0.0,0.0,0.0
97923,0.0,0.0,0.0
97924,0.0,0.0,0.0
97925,0.0,0.0,0.0
97926,0.0,0.0,0.0
97927,0.0,0.0,0.0
97928,0.0,0.0,0.0
97929,0.0,0.0,0.0
97930,0.0,0.0,0.0
97931,0.0,0.0,0.0
97932,0.0,0.0,0.0
97933,0.0,0.0,0.0
97934,0.0,0.0,0.0
97935,0.0,0.0,0.0
97936,0.0,0.0,0.0
97937,0.0,0.0,0.0
97938,0.0,0.0,0.0
97939,0.0,0.0,0.0
97940,0.0,0.0,0.0
97941,0.0,0.0,0.0
97942,0.0,0.0,0.0
97943,0.0,0.0,0.0
97944,0.0,0.0,0.0
97945,0.0,0.0,0.0
97946,0.0,0.0,0.0
97947,0.0,0.0,0.0
97948,0.0,0.0,0.0
97949,0.0,0.0,0.0
97950,0.0,0.0,0.0
97951,0.0,0.0,0.0
97952,0.0,0.0,0.0
97953,0.0,0.0,0.0
97954,0.0,0.0,0.0
97955,0.0,0.0,0.0
97956,0.0,0.0,0.0
97957,0.0,0.0,0.0
97958,0.0,0.0,0.0
97959,0.0,0.0,0.0
97960,0.0,0.0,0.0
97961,0.0,0.0,0.0
97962,0.0,0.0,0.0
97963,0.0,0.0,0.0
97964,0.0,0.0,0.0
97965,0.0,0.0,0.0
97966,0.0,0.0,0.0
97967,0.0,0.0,0.0
97968,0.0,0.0,0.0
97969,0.0,0.0,0.0
97970,0.0,0.0,0.0
97971,0.0,0.0,0.0
97972,0.0,0.0,0.0
97973,0.0,0.0,0.0
97974,0.0,0.0,0.0
97975,0.0,0.0,0.0
97976,0.0,0.0,0.0
97977,0.0,0.0,0.0
97978,0.0,0.0,0.0
97979,0.0,0.0,0.0
97980,0.0,0.0,0.0
97981,0.0,0.0,0.0
97982,0.0,0.0,0.0
97983,0.0,0.0,0.0
97984,0.0,0.0,0.0
97985,0.0,0.0,0.0
97986,0.0,0.0,0.0
97987,0.0,0.0,0.0
97988,0.0,0.0,0.0
97989,0.0,0.0,0.0
97990,0.0,0.0,0.0
97991,0.0,0.0,0.0
97992,0.0,0.0,0.0
97993,0.0,0.0,0.0
97994,0.0,0.0,0.0
97995,0.0,0.0,0.0
97996,0.0,0.0,0.0
97997,0.0,0.0,0.0
97998,0.0,0.0,0.0
97999,0.0,0.0,0.0
98000,0.0,0.0,0.0
98001,0.0,0.0,0.0
98002,0.0,0.0,0.0
98003,0.0,0.0,0.0
98004,0.0,0.0,0.0
98005,0.0,0.0,0.0
98006,0.0,0.0,0.0
98007,0.0,0.0,0.0
98008,0.0,0.0,0.0
98009,0.0,0.0,0.0
98010,0.0,0.0,0.0
98011,0.0,0.0,0.0
98012,0.0,0.0,0.0
98013,0.0,0.0,0.0
98014,0.0,0.0,0.0
98015,0.0,0.0,0.0
98016,0.0,0.0,0.0
98017,0.0,0.0,0.0
98018,0.0,0.0,0.0
98019,0.0,0.0,0.0
98020,0.0,0.0,0.0
98021,0.0,0.0,0.0
98022,0.0,0.0,0.0
98023,0.0,0.0,0.0
98024,0.0,0.0,0.0
98025,0.0,0.0,0.0
98026,0.0,0.0,0.0
98027,0.0,0.0,0.0
98028,0.0,0.0,0.0
98029,0.0,0.0,0.0
98030,0.0,0.0,0.0
98031,0.0,0.0,0.0
98032,0.0,0.0,0.0
98033,0.0,0.0,0.0
98034,0.0,0.0,0.0
98035,0.0,0.0,0.0
98036,0.0,0.0,0.0
98037,0.0,0.0,0.0
98038,0.0,0.0,0.0
98039,0.0,0.0,0.0
98040,0.0,0.0,0.0
98041,0.0,0.0,0.0
98042,0.0,0.0,0.0
98043,0.0,0.0,0.0
98044,0.0,0.0,0.0
98045,0.0,0.0,0.0
98046,0.0,0.0,0.0
98047,0.0,0.0,0.0
98048,0.0,0.0,0.0
98049,0.0,0.0,0.0
98050,0.0,0.0,0.0
98051,0.0,0.0,0.0
98052,0.0,0.0,0.0
98053,0.0,0.0,0.0
98054,0.0,0.0,0.0
98055,0.0,0.0,0.0
98056,0.0,0.0,0.0
98057,0.0,0.0,0.0
98058,0.0,0.0,0.0
98059,0.0,0.0,0.0
98060,0.0,0.0,0.0
98061,0.0,0.0,0.0
98062,0.0,0.0,0.0
98063,0.0,0.0,0.0
98064,0.0,0.0,0.0
98065,0.0,0.0,0.0
98066,0.0,0.0,0.0
98067,0.0,0.0,0.0
98068,0.0,0.0,0.0
98069,0.0,0.0,0.0
98070,0.0,0.0,0.0
98071,0.0,0.0,0.0
98072,0.0,0.0,0.0
98073,0.0,0.0,0.0
98074,0.0,0.0,0.0
98075,0.0,0.0,0.0
98076,0.0,0.0,0.0
98077,0.0,0.0,0.0
98078,0.0,0.0,0.0
98079,0.0,0.0,0.0
98080,0.0,0.0,0.0
98081,0.0,0.0,0.0
98082,0.0,0.0,0.0
98083,0.0,0.0,0.0
98084,0.0,0.0,0.0
98085,0.0,0.0,0.0
98086,0.0,0.0,0.0
98087,0.0,0.0,0.0
98088,0.0,0.0,0.0
98089,0.0,0.0,0.0
98090,0.0,0.0,0.0
98091,0.0,0.0,0.0
98092,0.0,0.0,0.0
98093,0.0,0.0,0.0
98094,0.0,0.0,0.0
98095,0.0,0.0,0.0
98096,0.0,0.0,0.0
98097,0.0,0.0,0.0
98098,0.0,0.0,0.0
98099,0.0,0.0,0.0
98100,0.0,0.0,0.0
98101,0.0,0.0,0.0
98102,0.0,0.0,0.0
98103,0.0,0.0,0.0
98104,0.0,0.0,0.0
98105,0.0,0.0,0.0
98106,0.0,0.0,0.0
98107,0.0,0.0,0.0
98108,0.0,0.0,0.0
98109,0.0,0.0,0.0
98110,0.0,0.0,0.0
98111,0.0,0.0,0.0
98112,0.0,0.0,0.0
98113,0.0,0.0,0.0
98114,0.0,0.0,0.0
98115,0.0,0.0,0.0
98116,0.0,0.0,0.0
98117,0.0,0.0,0.0
98118,0.0,0.0,0.0
98119,0.0,0.0,0.0
98120,0.0,0.0,0.0
98121,0.0,0.0,0.0
98122,0.0,0.0,0.0
98123,0.0,0.0,0.0
98124,0.0,0.0,0.0
98125,0.0,0.0,0.0
98126,0.0,0.0,0.0
98127,0.0,0.0,0.0
98128,0.0,0.0,0.0
98129,0.0,0.0,0.0
98130,0.0,0.0,0.0
98131,0.0,0.0,0.0
98132,0.0,0.0,0.0
98133,0.0,0.0,0.0
98134,0.0,0.0,0.0
98135,0.0,0.0,0.0
98136,0.0,0.0,0.0
98137,0.0,0.0,0.0
98138,0.0,0.0,0.0
98139,0.0,0.0,0.0
98140,0.0,0.0,0.0
98141,0.0,0.0,0.0
98142,0.0,0.0,0.0
98143,0.0,0.0,0.0
98144,0.0,0.0,0.0
98145,0.0,0.0,0.0
98146,0.0,0.0,0.0
98147,0.0,0.0,0.0
98148,0.0,0.0,0.0
98149,0.0,0.0,0.0
98150,0.0,0.0,0.0
98151,0.0,0.0,0.0
98152,0.0,0.0,0.0
98153,0.0,0.0,0.0
98154,0.0,0.0,0.0
98155,0.0,0.0,0.0
98156,0.0,0.0,0.0
98157,0.0,0.0,0.0
98158,0.0,0.0,0.0
98159,0.0,0.0,0.0
98160,0.0,0.0,0.0
98161,0.0,0.0,0.0
98162,0.0,0.0,0.0
98163,0.0,0.0,0.0
98164,0.0,0.0,0.0
98165,0.0,0.0,0.0
98166,0.0,0.0,0.0
98167,0.0,0.0,0.0
98168,0.0,0.0,0.0
98169,0.0,0.0,0.0
98170,0.0,0.0,0.0
98171,0.0,0.0,0.0
98172,0.0,0.0,0.0
98173,0.0,0.0,0.0
98174,0.0,0.0,0.0
98175,0.0,0.0,0.0
98176,0.0,0.0,0.0
98177,0.0,0.0,0.0
98178,0.0,0.0,0.0
98179,0.0,0.0,0.0
98180,0.0,0.0,0.0
98181,0.0,0.0,0.0
98182,0.0,0.0,0.0
98183,0.0,0.0,0.0
98184,0.0,0.0,0.0
98185,0.0,0.0,0.0
98186,0.0,0.0,0.0
98187,0.0,0.0,0.0
98188,0.0,0.0,0.0
98189,0.0,0.0,0.0
98190,0.0,0.0,0.0
98191,0.0,0.0,0.0
98192,0.0,0.0,0.0
98193,0.0,0.0,0.0
98194,0.0,0.0,0.0
98195,0.0,0.0,0.0
98196,0.0,0.0,0.0
98197,0.0,0.0,0.0
98198,0.0,0.0,0.0
98199,0.0,0.0,0.0
98200,0.0,0.0,0.0
98201,0.0,0.0,0.0
98202,0.0,0.0,0.0
98203,0.0,0.0,0.0
98204,0.0,0.0,0.0
98205,0.0,0.0,0.0
98206,0.0,0.0,0.0
98207,0.0,0.0,0.0
98208,0.0,0.0,0.0
98209,0.0,0.0,0.0
98210,0.0,0.0,0.0
98211,0.0,0.0,0.0
98212,0.0,0.0,0.0
98213,0.0,0.0,0.0
98214,0.0,0.0,0.0
98215,0.0,0.0,0.0
98216,0.0,0.0,0.0
98217,0.0,0.0,0.0
98218,0.0,0.0,0.0
98219,0.0,0.0,0.0
98220,0.0,0.0,0.0
98221,0.0,0.0,0.0
98222,0.0,0.0,0.0
98223,0.0,0.0,0.0
98224,0.0,0.0,0.0
98225,0.0,0.0,0.0
98226,0.0,0.0,0.0
98227,0.0,0.0,0.0
98228,0.0,0.0,0.0
98229,0.0,0.0,0.0
98230,0.0,0.0,0.0
98231,0.0,0.0,0.0
98232,0.0,0.0,0.0
98233,0.0,0.0,0.0
98234,0.0,0.0,0.0
98235,0.0,0.0,0.0
98236,0.0,0.0,0.0
98237,0.0,0.0,0.0
98238,0.0,0.0,0.0
98239,0.0,0.0,0.0
98240,0.0,0.0,0.0
98241,0.0,0.0,0.0
98242,0.0,0.0,0.0
98243,0.0,0.0,0.0
98244,0.0,0.0,0.0
98245,0.0,0.0,0.0
98246,0.0,0.0,0.0
98247,0.0,0.0,0.0
98248,0.0,0.0,0.0
98249,0.0,0.0,0.0
98250,0.0,0.0,0.0
98251,0.0,0.0,0.0
98252,0.0,0.0,0.0
98253,0.0,0.0,0.0
98254,0.0,0.0,0.0
98255,0.0,0.0,0.0
98256,0.0,0.0,0.0
98257,0.0,0.0,0.0
98258,0.0,0.0,0.0
98259,0.0,0.0,0.0
98260,0.0,0.0,0.0
98261,0.0,0.0,0.0
98262,0.0,0.0,0.0
98263,0.0,0.0,0.0
98264,0.0,0.0,0.0
98265,0.0,0.0,0.0
98266,0.0,0.0,0.0
98267,0.0,0.0,0.0
98268,0.0,0.0,0.0
98269,0.0,0.0,0.0
98270,0.0,0.0,0.0
98271,0.0,0.0,0.0
98272,0.0,0.0,0.0
98273,0.0,0.0,0.0
98274,0.0,0.0,0.0
98275,0.0,0.0,0.0
98276,0.0,0.0,0.0
98277,0.0,0.0,0.0
98278,0.0,0.0,0.0
98279,0.0,0.0,0.0
98280,0.0,0.0,0.0
98281,0.0,0.0,0.0
98282,0.0,0.0,0.0
98283,0.0,0.0,0.0
98284,0.0,0.0,0.0
98285,0.0,0.0,0.0
98286,0.0,0.0,0.0
98287,0.0,0.0,0.0
98288,0.0,0.0,0.0
98289,0.0,0.0,0.0
98290,0.0,0.0,0.0
98291,0.0,0.0,0.0
98292,0.0,0.0,0.0
98293,0.0,0.0,0.0
98294,0.0,0.0,0.0
98295,0.0,0.0,0.0
98296,0.0,0.0,0.0
98297,0.0,0.0,0.0
98298,0.0,0.0,0.0
98299,0.0,0.0,0.0
98300,0.0,0.0,0.0
98301,0.0,0.0,0.0
98302,0.0,0.0,0.0
98303,0.0,0.0,0.0
98304,0.0,0.0,0.0
98305,0.0,0.0,0.0
98306,0.0,0.0,0.0
98307,0.0,0.0,0.0
98308,0.0,0.0,0.0
98309,0.0,0.0,0.0
98310,0.0,0.0,0.0
98311,0.0,0.0,0.0
98312,0.0,0.0,0.0
98313,0.0,0.0,0.0
98314,0.0,0.0,0.0
98315,0.0,0.0,0.0
98316,0.0,0.0,0.0
98317,0.0,0.0,0.0
98318,0.0,0.0,0.0
98319,0.0,0.0,0.0
98320,0.0,0.0,0.0
98321,0.0,0.0,0.0
98322,0.0,0.0,0.0
98323,0.0,0.0,0.0
98324,0.0,0.0,0.0
98325,0.0,0.0,0.0
98326,0.0,0.0,0.0
98327,0.0,0.0,0.0
98328,0.0,0.0,0.0
98329,0.0,0.0,0.0
98330,0.0,0.0,0.0
98331,0.0,0.0,0.0
98332,0.0,0.0,0.0
98333,0.0,0.0,0.0
98334,0.0,0.0,0.0
98335,0.0,0.0,0.0
98336,0.0,0.0,0.0
98337,0.0,0.0,0.0
98338,0.0,0.0,0.0
98339,0.0,0.0,0.0
98340,0.0,0.0,0.0
98341,0.0,0.0,0.0
98342,0.0,0.0,0.0
98343,0.0,0.0,0.0
98344,0.0,0.0,0.0
98345,0.0,0.0,0.0
98346,0.0,0.0,0.0
98347,0.0,0.0,0.0
98348,0.0,0.0,0.0
98349,0.0,0.0,0.0
98350,0.0,0.0,0.0
98351,0.0,0.0,0.0
98352,0.0,0.0,0.0
98353,0.0,0.0,0.0
98354,0.0,0.0,0.0
98355,0.0,0.0,0.0
98356,0.0,0.0,0.0
98357,0.0,0.0,0.0
98358,0.0,0.0,0.0
98359,0.0,0.0,0.0
98360,0.0,0.0,0.0
98361,0.0,0.0,0.0
98362,0.0,0.0,0.0
98363,0.0,0.0,0.0
98364,0.0,0.0,0.0
98365,0.0,0.0,0.0
98366,0.0,0.0,0.0
98367,0.0,0.0,0.0
98368,0.0,0.0,0.0
98369,0.0,0.0,0.0
98370,0.0,0.0,0.0
98371,0.0,0.0,0.0
98372,0.0,0.0,0.0
98373,0.0,0.0,0.0
98374,0.0,0.0,0.0
98375,0.0,0.0,0.0
98376,0.0,0.0,0.0
98377,0.0,0.0,0.0
98378,0.0,0.0,0.0
98379,0.0,0.0,0.0
98380,0.0,0.0,0.0
98381,0.0,0.0,0.0
98382,0.0,0.0,0.0
98383,0.0,0.0,0.0
98384,0.0,0.0,0.0
98385,0.0,0.0,0.0
98386,0.0,0.0,0.0
98387,0.0,0.0,0.0
98388,0.0,0.0,0.0
98389,0.0,0.0,0.0
98390,0.0,0.0,0.0
98391,0.0,0.0,0.0
98392,0.0,0.0,0.0
98393,0.0,0.0,0.0
98394,0.0,0.0,0.0
98395,0.0,0.0,0.0
98396,0.0,0.0,0.0
98397,0.0,0.0,0.0
98398,0.0,0.0,0.0
98399,0.0,0.0,0.0
98400,0.0,0.0,0.0
98401,0.0,0.0,0.0
98402,0.0,0.0,0.0
98403,0.0,0.0,0.0
98404,0.0,0.0,0.0
98405,0.0,0.0,0.0
98406,0.0,0.0,0.0
98407,0.0,0.0,0.0
98408,0.0,0.0,0.0
98409,0.0,0.0,0.0
98410,0.0,0.0,0.0
98411,0.0,0.0,0.0
98412,0.0,0.0,0.0
98413,0.0,0.0,0.0
98414,0.0,0.0,0.0
98415,0.0,0.0,0.0
98416,0.0,0.0,0.0
98417,0.0,0.0,0.0
98418,0.0,0.0,0.0
98419,0.0,0.0,0.0
98420,0.0,0.0,0.0
98421,0.0,0.0,0.0
98422,0.0,0.0,0.0
98423,0.0,0.0,0.0
98424,0.0,0.0,0.0
98425,0.0,0.0,0.0
98426,0.0,0.0,0.0
98427,0.0,0.0,0.0
98428,0.0,0.0,0.0
98429,0.0,0.0,0.0
98430,0.0,0.0,0.0
98431,0.0,0.0,0.0
98432,0.0,0.0,0.0
98433,0.0,0.0,0.0
98434,0.0,0.0,0.0
98435,0.0,0.0,0.0
98436,0.0,0.0,0.0
98437,0.0,0.0,0.0
98438,0.0,0.0,0.0
98439,0.0,0.0,0.0
98440,0.0,0.0,0.0
98441,0.0,0.0,0.0
98442,0.0,0.0,0.0
98443,0.0,0.0,0.0
98444,0.0,0.0,0.0
98445,0.0,0.0,0.0
98446,0.0,0.0,0.0
98447,0.0,0.0,0.0
98448,0.0,0.0,0.0
98449,0.0,0.0,0.0
98450,0.0,0.0,0.0
98451,0.0,0.0,0.0
98452,0.0,0.0,0.0
98453,0.0,0.0,0.0
98454,0.0,0.0,0.0
98455,0.0,0.0,0.0
98456,0.0,0.0,0.0
98457,0.0,0.0,0.0
98458,0.0,0.0,0.0
98459,0.0,0.0,0.0
98460,0.0,0.0,0.0
98461,0.0,0.0,0.0
98462,0.0,0.0,0.0
98463,0.0,0.0,0.0
98464,0.0,0.0,0.0
98465,0.0,0.0,0.0
98466,0.0,0.0,0.0
98467,0.0,0.0,0.0
98468,0.0,0.0,0.0
98469,0.0,0.0,0.0
98470,0.0,0.0,0.0
98471,0.0,0.0,0.0
98472,0.0,0.0,0.0
98473,0.0,0.0,0.0
98474,0.0,0.0,0.0
98475,0.0,0.0,0.0
98476,0.0,0.0,0.0
98477,0.0,0.0,0.0
98478,0.0,0.0,0.0
98479,0.0,0.0,0.0
98480,0.0,0.0,0.0
98481,0.0,0.0,0.0
98482,0.0,0.0,0.0
98483,0.0,0.0,0.0
98484,0.0,0.0,0.0
98485,0.0,0.0,0.0
98486,0.0,0.0,0.0
98487,0.0,0.0,0.0
98488,0.0,0.0,0.0
98489,0.0,0.0,0.0
98490,0.0,0.0,0.0
98491,0.0,0.0,0.0
98492,0.0,0.0,0.0
98493,0.0,0.0,0.0
98494,0.0,0.0,0.0
98495,0.0,0.0,0.0
98496,0.0,0.0,0.0
98497,0.0,0.0,0.0
98498,0.0,0.0,0.0
98499,0.0,0.0,0.0
98500,0.0,0.0,0.0
98501,0.0,0.0,0.0
98502,0.0,0.0,0.0
98503,0.0,0.0,0.0
98504,0.0,0.0,0.0
98505,0.0,0.0,0.0
98506,0.0,0.0,0.0
98507,0.0,0.0,0.0
98508,0.0,0.0,0.0
98509,0.0,0.0,0.0
98510,0.0,0.0,0.0
98511,0.0,0.0,0.0
98512,0.0,0.0,0.0
98513,0.0,0.0,0.0
98514,0.0,0.0,0.0
98515,0.0,0.0,0.0
98516,0.0,0.0,0.0
98517,0.0,0.0,0.0
98518,0.0,0.0,0.0
98519,0.0,0.0,0.0
98520,0.0,0.0,0.0
98521,0.0,0.0,0.0
98522,0.0,0.0,0.0
98523,0.0,0.0,0.0
98524,0.0,0.0,0.0
98525,0.0,0.0,0.0
98526,0.0,0.0,0.0
98527,0.0,0.0,0.0
98528,0.0,0.0,0.0
98529,0.0,0.0,0.0
98530,0.0,0.0,0.0
98531,0.0,0.0,0.0
98532,0.0,0.0,0.0
98533,0.0,0.0,0.0
98534,0.0,0.0,0.0
98535,0.0,0.0,0.0
98536,0.0,0.0,0.0
98537,0.0,0.0,0.0
98538,0.0,0.0,0.0
98539,0.0,0.0,0.0
98540,0.0,0.0,0.0
98541,0.0,0.0,0.0
98542,0.0,0.0,0.0
98543,0.0,0.0,0.0
98544,0.0,0.0,0.0
98545,0.0,0.0,0.0
98546,0.0,0.0,0.0
98547,0.0,0.0,0.0
98548,0.0,0.0,0.0
98549,0.0,0.0,0.0
98550,0.0,0.0,0.0
98551,0.0,0.0,0.0
98552,0.0,0.0,0.0
98553,0.0,0.0,0.0
98554,0.0,0.0,0.0
98555,0.0,0.0,0.0
98556,0.0,0.0,0.0
98557,0.0,0.0,0.0
98558,0.0,0.0,0.0
98559,0.0,0.0,0.0
98560,0.0,0.0,0.0
98561,0.0,0.0,0.0
98562,0.0,0.0,0.0
98563,0.0,0.0,0.0
98564,0.0,0.0,0.0
98565,0.0,0.0,0.0
98566,0.0,0.0,0.0
98567,0.0,0.0,0.0
98568,0.0,0.0,0.0
98569,0.0,0.0,0.0
98570,0.0,0.0,0.0
98571,0.0,0.0,0.0
98572,0.0,0.0,0.0
98573,0.0,0.0,0.0
98574,0.0,0.0,0.0
98575,0.0,0.0,0.0
98576,0.0,0.0,0.0
98577,0.0,0.0,0.0
98578,0.0,0.0,0.0
98579,0.0,0.0,0.0
98580,0.0,0.0,0.0
98581,0.0,0.0,0.0
98582,0.0,0.0,0.0
98583,0.0,0.0,0.0
98584,0.0,0.0,0.0
98585,0.0,0.0,0.0
98586,0.0,0.0,0.0
98587,0.0,0.0,0.0
98588,0.0,0.0,0.0
98589,0.0,0.0,0.0
98590,0.0,0.0,0.0
98591,0.0,0.0,0.0
98592,0.0,0.0,0.0
98593,0.0,0.0,0.0
98594,0.0,0.0,0.0
98595,0.0,0.0,0.0
98596,0.0,0.0,0.0
98597,0.0,0.0,0.0
98598,0.0,0.0,0.0
98599,0.0,0.0,0.0
98600,0.0,0.0,0.0
98601,0.0,0.0,0.0
98602,0.0,0.0,0.0
98603,0.0,0.0,0.0
98604,0.0,0.0,0.0
98605,0.0,0.0,0.0
98606,0.0,0.0,0.0
98607,0.0,0.0,0.0
98608,0.0,0.0,0.0
98609,0.0,0.0,0.0
98610,0.0,0.0,0.0
98611,0.0,0.0,0.0
98612,0.0,0.0,0.0
98613,0.0,0.0,0.0
98614,0.0,0.0,0.0
98615,0.0,0.0,0.0
98616,0.0,0.0,0.0
98617,0.0,0.0,0.0
98618,0.0,0.0,0.0
98619,0.0,0.0,0.0
98620,0.0,0.0,0.0
98621,0.0,0.0,0.0
98622,0.0,0.0,0.0
98623,0.0,0.0,0.0
98624,0.0,0.0,0.0
98625,0.0,0.0,0.0
98626,0.0,0.0,0.0
98627,0.0,0.0,0.0
98628,0.0,0.0,0.0
98629,0.0,0.0,0.0
98630,0.0,0.0,0.0
98631,0.0,0.0,0.0
98632,0.0,0.0,0.0
98633,0.0,0.0,0.0
98634,0.0,0.0,0.0
98635,0.0,0.0,0.0
98636,0.0,0.0,0.0
98637,0.0,0.0,0.0
98638,0.0,0.0,0.0
98639,0.0,0.0,0.0
98640,0.0,0.0,0.0
98641,0.0,0.0,0.0
98642,0.0,0.0,0.0
98643,0.0,0.0,0.0
98644,0.0,0.0,0.0
98645,0.0,0.0,0.0
98646,0.0,0.0,0.0
98647,0.0,0.0,0.0
98648,0.0,0.0,0.0
98649,0.0,0.0,0.0
98650,0.0,0.0,0.0
98651,0.0,0.0,0.0
98652,0.0,0.0,0.0
98653,0.0,0.0,0.0
98654,0.0,0.0,0.0
98655,0.0,0.0,0.0
98656,0.0,0.0,0.0
98657,0.0,0.0,0.0
98658,0.0,0.0,0.0
98659,0.0,0.0,0.0
98660,0.0,0.0,0.0
98661,0.0,0.0,0.0
98662,0.0,0.0,0.0
98663,0.0,0.0,0.0
98664,0.0,0.0,0.0
98665,0.0,0.0,0.0
98666,0.0,0.0,0.0
98667,0.0,0.0,0.0
98668,0.0,0.0,0.0
98669,0.0,0.0,0.0
98670,0.0,0.0,0.0
98671,0.0,0.0,0.0
98672,0.0,0.0,0.0
98673,0.0,0.0,0.0
98674,0.0,0.0,0.0
98675,0.0,0.0,0.0
98676,0.0,0.0,0.0
98677,0.0,0.0,0.0
98678,0.0,0.0,0.0
98679,0.0,0.0,0.0
98680,0.0,0.0,0.0
98681,0.0,0.0,0.0
98682,0.0,0.0,0.0
98683,0.0,0.0,0.0
98684,0.0,0.0,0.0
98685,0.0,0.0,0.0
98686,0.0,0.0,0.0
98687,0.0,0.0,0.0
98688,0.0,0.0,0.0
98689,0.0,0.0,0.0
98690,0.0,0.0,0.0
98691,0.0,0.0,0.0
98692,0.0,0.0,0.0
98693,0.0,0.0,0.0
98694,0.0,0.0,0.0
98695,0.0,0.0,0.0
98696,0.0,0.0,0.0
98697,0.0,0.0,0.0
98698,0.0,0.0,0.0
98699,0.0,0.0,0.0
98700,0.0,0.0,0.0
98701,0.0,0.0,0.0
98702,0.0,0.0,0.0
98703,0.0,0.0,0.0
98704,0.0,0.0,0.0
98705,0.0,0.0,0.0
98706,0.0,0.0,0.0
98707,0.0,0.0,0.0
98708,0.0,0.0,0.0
98709,0.0,0.0,0.0
98710,0.0,0.0,0.0
98711,0.0,0.0,0.0
98712,0.0,0.0,0.0
98713,0.0,0.0,0.0
98714,0.0,0.0,0.0
98715,0.0,0.0,0.0
98716,0.0,0.0,0.0
98717,0.0,0.0,0.0
98718,0.0,0.0,0.0
98719,0.0,0.0,0.0
98720,0.0,0.0,0.0
98721,0.0,0.0,0.0
98722,0.0,0.0,0.0
98723,0.0,0.0,0.0
98724,0.0,0.0,0.0
98725,0.0,0.0,0.0
98726,0.0,0.0,0.0
98727,0.0,0.0,0.0
98728,0.0,0.0,0.0
98729,0.0,0.0,0.0
98730,0.0,0.0,0.0
98731,0.0,0.0,0.0
98732,0.0,0.0,0.0
98733,0.0,0.0,0.0
98734,0.0,0.0,0.0
98735,0.0,0.0,0.0
98736,0.0,0.0,0.0
98737,0.0,0.0,0.0
98738,0.0,0.0,0.0
98739,0.0,0.0,0.0
98740,0.0,0.0,0.0
98741,0.0,0.0,0.0
98742,0.0,0.0,0.0
98743,0.0,0.0,0.0
98744,0.0,0.0,0.0
98745,0.0,0.0,0.0
98746,0.0,0.0,0.0
98747,0.0,0.0,0.0
98748,0.0,0.0,0.0
98749,0.0,0.0,0.0
98750,0.0,0.0,0.0
98751,0.0,0.0,0.0
98752,0.0,0.0,0.0
98753,0.0,0.0,0.0
98754,0.0,0.0,0.0
98755,0.0,0.0,0.0
98756,0.0,0.0,0.0
98757,0.0,0.0,0.0
98758,0.0,0.0,0.0
98759,0.0,0.0,0.0
98760,0.0,0.0,0.0
98761,0.0,0.0,0.0
98762,0.0,0.0,0.0
98763,0.0,0.0,0.0
98764,0.0,0.0,0.0
98765,0.0,0.0,0.0
98766,0.0,0.0,0.0
98767,0.0,0.0,0.0
98768,0.0,0.0,0.0
98769,0.0,0.0,0.0
98770,0.0,0.0,0.0
98771,0.0,0.0,0.0
98772,0.0,0.0,0.0
98773,0.0,0.0,0.0
98774,0.0,0.0,0.0
98775,0.0,0.0,0.0
98776,0.0,0.0,0.0
98777,0.0,0.0,0.0
98778,0.0,0.0,0.0
98779,0.0,0.0,0.0
98780,0.0,0.0,0.0
98781,0.0,0.0,0.0
98782,0.0,0.0,0.0
98783,0.0,0.0,0.0
98784,0.0,0.0,0.0
98785,0.0,0.0,0.0
98786,0.0,0.0,0.0
98787,0.0,0.0,0.0
98788,0.0,0.0,0.0
98789,0.0,0.0,0.0
98790,0.0,0.0,0.0
98791,0.0,0.0,0.0
98792,0.0,0.0,0.0
98793,0.0,0.0,0.0
98794,0.0,0.0,0.0
98795,0.0,0.0,0.0
98796,0.0,0.0,0.0
98797,0.0,0.0,0.0
98798,0.0,0.0,0.0
98799,0.0,0.0,0.0
98800,0.0,0.0,0.0
98801,0.0,0.0,0.0
98802,0.0,0.0,0.0
98803,0.0,0.0,0.0
98804,0.0,0.0,0.0
98805,0.0,0.0,0.0
98806,0.0,0.0,0.0
98807,0.0,0.0,0.0
98808,0.0,0.0,0.0
98809,0.0,0.0,0.0
98810,0.0,0.0,0.0
98811,0.0,0.0,0.0
98812,0.0,0.0,0.0
98813,0.0,0.0,0.0
98814,0.0,0.0,0.0
98815,0.0,0.0,0.0
98816,0.0,0.0,0.0
98817,0.0,0.0,0.0
98818,0.0,0.0,0.0
98819,0.0,0.0,0.0
98820,0.0,0.0,0.0
98821,0.0,0.0,0.0
98822,0.0,0.0,0.0
98823,0.0,0.0,0.0
98824,0.0,0.0,0.0
98825,0.0,0.0,0.0
98826,0.0,0.0,0.0
98827,0.0,0.0,0.0
98828,0.0,0.0,0.0
98829,0.0,0.0,0.0
98830,0.0,0.0,0.0
98831,0.0,0.0,0.0
98832,0.0,0.0,0.0
98833,0.0,0.0,0.0
98834,0.0,0.0,0.0
98835,0.0,0.0,0.0
98836,0.0,0.0,0.0
98837,0.0,0.0,0.0
98838,0.0,0.0,0.0
98839,0.0,0.0,0.0
98840,0.0,0.0,0.0
98841,0.0,0.0,0.0
98842,0.0,0.0,0.0
98843,0.0,0.0,0.0
98844,0.0,0.0,0.0
98845,0.0,0.0,0.0
98846,0.0,0.0,0.0
98847,0.0,0.0,0.0
98848,0.0,0.0,0.0
98849,0.0,0.0,0.0
98850,0.0,0.0,0.0
98851,0.0,0.0,0.0
98852,0.0,0.0,0.0
98853,0.0,0.0,0.0
98854,0.0,0.0,0.0
98855,0.0,0.0,0.0
98856,0.0,0.0,0.0
98857,0.0,0.0,0.0
98858,0.0,0.0,0.0
98859,0.0,0.0,0.0
98860,0.0,0.0,0.0
98861,0.0,0.0,0.0
98862,0.0,0.0,0.0
98863,0.0,0.0,0.0
98864,0.0,0.0,0.0
98865,0.0,0.0,0.0
98866,0.0,0.0,0.0
98867,0.0,0.0,0.0
98868,0.0,0.0,0.0
98869,0.0,0.0,0.0
98870,0.0,0.0,0.0
98871,0.0,0.0,0.0
98872,0.0,0.0,0.0
98873,0.0,0.0,0.0
98874,0.0,0.0,0.0
98875,0.0,0.0,0.0
98876,0.0,0.0,0.0
98877,0.0,0.0,0.0
98878,0.0,0.0,0.0
98879,0.0,0.0,0.0
98880,0.0,0.0,0.0
98881,0.0,0.0,0.0
98882,0.0,0.0,0.0
98883,0.0,0.0,0.0
98884,0.0,0.0,0.0
98885,0.0,0.0,0.0
98886,0.0,0.0,0.0
98887,0.0,0.0,0.0
98888,0.0,0.0,0.0
98889,0.0,0.0,0.0
98890,0.0,0.0,0.0
98891,0.0,0.0,0.0
98892,0.0,0.0,0.0
98893,0.0,0.0,0.0
98894,0.0,0.0,0.0
98895,0.0,0.0,0.0
98896,0.0,0.0,0.0
98897,0.0,0.0,0.0
98898,0.0,0.0,0.0
98899,0.0,0.0,0.0
98900,0.0,0.0,0.0
98901,0.0,0.0,0.0
98902,0.0,0.0,0.0
98903,0.0,0.0,0.0
98904,0.0,0.0,0.0
98905,0.0,0.0,0.0
98906,0.0,0.0,0.0
98907,0.0,0.0,0.0
98908,0.0,0.0,0.0
98909,0.0,0.0,0.0
98910,0.0,0.0,0.0
98911,0.0,0.0,0.0
98912,0.0,0.0,0.0
98913,0.0,0.0,0.0
98914,0.0,0.0,0.0
98915,0.0,0.0,0.0
98916,0.0,0.0,0.0
98917,0.0,0.0,0.0
98918,0.0,0.0,0.0
98919,0.0,0.0,0.0
98920,0.0,0.0,0.0
98921,0.0,0.0,0.0
98922,0.0,0.0,0.0
98923,0.0,0.0,0.0
98924,0.0,0.0,0.0
98925,0.0,0.0,0.0
98926,0.0,0.0,0.0
98927,0.0,0.0,0.0
98928,0.0,0.0,0.0
98929,0.0,0.0,0.0
98930,0.0,0.0,0.0
98931,0.0,0.0,0.0
98932,0.0,0.0,0.0
98933,0.0,0.0,0.0
98934,0.0,0.0,0.0
98935,0.0,0.0,0.0
98936,0.0,0.0,0.0
98937,0.0,0.0,0.0
98938,0.0,0.0,0.0
98939,0.0,0.0,0.0
98940,0.0,0.0,0.0
98941,0.0,0.0,0.0
98942,0.0,0.0,0.0
98943,0.0,0.0,0.0
98944,0.0,0.0,0.0
98945,0.0,0.0,0.0
98946,0.0,0.0,0.0
98947,0.0,0.0,0.0
98948,0.0,0.0,0.0
98949,0.0,0.0,0.0
98950,0.0,0.0,0.0
98951,0.0,0.0,0.0
98952,0.0,0.0,0.0
98953,0.0,0.0,0.0
98954,0.0,0.0,0.0
98955,0.0,0.0,0.0
98956,0.0,0.0,0.0
98957,0.0,0.0,0.0
98958,0.0,0.0,0.0
98959,0.0,0.0,0.0
98960,0.0,0.0,0.0
98961,0.0,0.0,0.0
98962,0.0,0.0,0.0
98963,0.0,0.0,0.0
98964,0.0,0.0,0.0
98965,0.0,0.0,0.0
98966,0.0,0.0,0.0
98967,0.0,0.0,0.0
98968,0.0,0.0,0.0
98969,0.0,0.0,0.0
98970,0.0,0.0,0.0
98971,0.0,0.0,0.0
98972,0.0,0.0,0.0
98973,0.0,0.0,0.0
98974,0.0,0.0,0.0
98975,0.0,0.0,0.0
98976,0.0,0.0,0.0
98977,0.0,0.0,0.0
98978,0.0,0.0,0.0
98979,0.0,0.0,0.0
98980,0.0,0.0,0.0
98981,0.0,0.0,0.0
98982,0.0,0.0,0.0
98983,0.0,0.0,0.0
98984,0.0,0.0,0.0
98985,0.0,0.0,0.0
98986,0.0,0.0,0.0
98987,0.0,0.0,0.0
98988,0.0,0.0,0.0
98989,0.0,0.0,0.0
98990,0.0,0.0,0.0
98991,0.0,0.0,0.0
98992,0.0,0.0,0.0
98993,0.0,0.0,0.0
98994,0.0,0.0,0.0
98995,0.0,0.0,0.0
98996,0.0,0.0,0.0
98997,0.0,0.0,0.0
98998,0.0,0.0,0.0
98999,0.0,0.0,0.0
99000,0.0,0.0,0.0
99001,0.0,0.0,0.0
99002,0.0,0.0,0.0
99003,0.0,0.0,0.0
99004,0.0,0.0,0.0
99005,0.0,0.0,0.0
99006,0.0,0.0,0.0
99007,0.0,0.0,0.0
99008,0.0,0.0,0.0
99009,0.0,0.0,0.0
99010,0.0,0.0,0.0
99011,0.0,0.0,0.0
99012,0.0,0.0,0.0
99013,0.0,0.0,0.0
99014,0.0,0.0,0.0
99015,0.0,0.0,0.0
99016,0.0,0.0,0.0
99017,0.0,0.0,0.0
99018,0.0,0.0,0.0
99019,0.0,0.0,0.0
99020,0.0,0.0,0.0
99021,0.0,0.0,0.0
99022,0.0,0.0,0.0
99023,0.0,0.0,0.0
99024,0.0,0.0,0.0
99025,0.0,0.0,0.0
99026,0.0,0.0,0.0
99027,0.0,0.0,0.0
99028,0.0,0.0,0.0
99029,0.0,0.0,0.0
99030,0.0,0.0,0.0
99031,0.0,0.0,0.0
99032,0.0,0.0,0.0
99033,0.0,0.0,0.0
99034,0.0,0.0,0.0
99035,0.0,0.0,0.0
99036,0.0,0.0,0.0
99037,0.0,0.0,0.0
99038,0.0,0.0,0.0
99039,0.0,0.0,0.0
99040,0.0,0.0,0.0
99041,0.0,0.0,0.0
99042,0.0,0.0,0.0
99043,0.0,0.0,0.0
99044,0.0,0.0,0.0
99045,0.0,0.0,0.0
99046,0.0,0.0,0.0
99047,0.0,0.0,0.0
99048,0.0,0.0,0.0
99049,0.0,0.0,0.0
99050,0.0,0.0,0.0
99051,0.0,0.0,0.0
99052,0.0,0.0,0.0
99053,0.0,0.0,0.0
99054,0.0,0.0,0.0
99055,0.0,0.0,0.0
99056,0.0,0.0,0.0
99057,0.0,0.0,0.0
99058,0.0,0.0,0.0
99059,0.0,0.0,0.0
99060,0.0,0.0,0.0
99061,0.0,0.0,0.0
99062,0.0,0.0,0.0
99063,0.0,0.0,0.0
99064,0.0,0.0,0.0
99065,0.0,0.0,0.0
99066,0.0,0.0,0.0
99067,0.0,0.0,0.0
99068,0.0,0.0,0.0
99069,0.0,0.0,0.0
99070,0.0,0.0,0.0
99071,0.0,0.0,0.0
99072,0.0,0.0,0.0
99073,0.0,0.0,0.0
99074,0.0,0.0,0.0
99075,0.0,0.0,0.0
99076,0.0,0.0,0.0
99077,0.0,0.0,0.0
99078,0.0,0.0,0.0
99079,0.0,0.0,0.0
99080,0.0,0.0,0.0
99081,0.0,0.0,0.0
99082,0.0,0.0,0.0
99083,0.0,0.0,0.0
99084,0.0,0.0,0.0
99085,0.0,0.0,0.0
99086,0.0,0.0,0.0
99087,0.0,0.0,0.0
99088,0.0,0.0,0.0
99089,0.0,0.0,0.0
99090,0.0,0.0,0.0
99091,0.0,0.0,0.0
99092,0.0,0.0,0.0
99093,0.0,0.0,0.0
99094,0.0,0.0,0.0
99095,0.0,0.0,0.0
99096,0.0,0.0,0.0
99097,0.0,0.0,0.0
99098,0.0,0.0,0.0
99099,0.0,0.0,0.0
99100,0.0,0.0,0.0
99101,0.0,0.0,0.0
99102,0.0,0.0,0.0
99103,0.0,0.0,0.0
99104,0.0,0.0,0.0
99105,0.0,0.0,0.0
99106,0.0,0.0,0.0
99107,0.0,0.0,0.0
99108,0.0,0.0,0.0
99109,0.0,0.0,0.0
99110,0.0,0.0,0.0
99111,0.0,0.0,0.0
99112,0.0,0.0,0.0
99113,0.0,0.0,0.0
99114,0.0,0.0,0.0
99115,0.0,0.0,0.0
99116,0.0,0.0,0.0
99117,0.0,0.0,0.0
99118,0.0,0.0,0.0
99119,0.0,0.0,0.0
99120,0.0,0.0,0.0
99121,0.0,0.0,0.0
99122,0.0,0.0,0.0
99123,0.0,0.0,0.0
99124,0.0,0.0,0.0
99125,0.0,0.0,0.0
99126,0.0,0.0,0.0
99127,0.0,0.0,0.0
99128,0.0,0.0,0.0
99129,0.0,0.0,0.0
99130,0.0,0.0,0.0
99131,0.0,0.0,0.0
99132,0.0,0.0,0.0
99133,0.0,0.0,0.0
99134,0.0,0.0,0.0
99135,0.0,0.0,0.0
99136,0.0,0.0,0.0
99137,0.0,0.0,0.0
99138,0.0,0.0,0.0
99139,0.0,0.0,0.0
99140,0.0,0.0,0.0
99141,0.0,0.0,0.0
99142,0.0,0.0,0.0
99143,0.0,0.0,0.0
99144,0.0,0.0,0.0
99145,0.0,0.0,0.0
99146,0.0,0.0,0.0
99147,0.0,0.0,0.0
99148,0.0,0.0,0.0
99149,0.0,0.0,0.0
99150,0.0,0.0,0.0
99151,0.0,0.0,0.0
99152,0.0,0.0,0.0
99153,0.0,0.0,0.0
99154,0.0,0.0,0.0
99155,0.0,0.0,0.0
99156,0.0,0.0,0.0
99157,0.0,0.0,0.0
99158,0.0,0.0,0.0
99159,0.0,0.0,0.0
99160,0.0,0.0,0.0
99161,0.0,0.0,0.0
99162,0.0,0.0,0.0
99163,0.0,0.0,0.0
99164,0.0,0.0,0.0
99165,0.0,0.0,0.0
99166,0.0,0.0,0.0
99167,0.0,0.0,0.0
99168,0.0,0.0,0.0
99169,0.0,0.0,0.0
99170,0.0,0.0,0.0
99171,0.0,0.0,0.0
99172,0.0,0.0,0.0
99173,0.0,0.0,0.0
99174,0.0,0.0,0.0
99175,0.0,0.0,0.0
99176,0.0,0.0,0.0
99177,0.0,0.0,0.0
99178,0.0,0.0,0.0
99179,0.0,0.0,0.0
99180,0.0,0.0,0.0
99181,0.0,0.0,0.0
99182,0.0,0.0,0.0
99183,0.0,0.0,0.0
99184,0.0,0.0,0.0
99185,0.0,0.0,0.0
99186,0.0,0.0,0.0
99187,0.0,0.0,0.0
99188,0.0,0.0,0.0
99189,0.0,0.0,0.0
99190,0.0,0.0,0.0
99191,0.0,0.0,0.0
99192,0.0,0.0,0.0
99193,0.0,0.0,0.0
99194,0.0,0.0,0.0
99195,0.0,0.0,0.0
99196,0.0,0.0,0.0
99197,0.0,0.0,0.0
99198,0.0,0.0,0.0
99199,0.0,0.0,0.0
99200,0.0,0.0,0.0
99201,0.0,0.0,0.0
99202,0.0,0.0,0.0
99203,0.0,0.0,0.0
99204,0.0,0.0,0.0
99205,0.0,0.0,0.0
99206,0.0,0.0,0.0
99207,0.0,0.0,0.0
99208,0.0,0.0,0.0
99209,0.0,0.0,0.0
99210,0.0,0.0,0.0
99211,0.0,0.0,0.0
99212,0.0,0.0,0.0
99213,0.0,0.0,0.0
99214,0.0,0.0,0.0
99215,0.0,0.0,0.0
99216,0.0,0.0,0.0
99217,0.0,0.0,0.0
99218,0.0,0.0,0.0
99219,0.0,0.0,0.0
99220,0.0,0.0,0.0
99221,0.0,0.0,0.0
99222,0.0,0.0,0.0
99223,0.0,0.0,0.0
99224,0.0,0.0,0.0
99225,0.0,0.0,0.0
99226,0.0,0.0,0.0
99227,0.0,0.0,0.0
99228,0.0,0.0,0.0
99229,0.0,0.0,0.0
99230,0.0,0.0,0.0
99231,0.0,0.0,0.0
99232,0.0,0.0,0.0
99233,0.0,0.0,0.0
99234,0.0,0.0,0.0
99235,0.0,0.0,0.0
99236,0.0,0.0,0.0
99237,0.0,0.0,0.0
99238,0.0,0.0,0.0
99239,0.0,0.0,0.0
99240,0.0,0.0,0.0
99241,0.0,0.0,0.0
99242,0.0,0.0,0.0
99243,0.0,0.0,0.0
99244,0.0,0.0,0.0
99245,0.0,0.0,0.0
99246,0.0,0.0,0.0
99247,0.0,0.0,0.0
99248,0.0,0.0,0.0
99249,0.0,0.0,0.0
99250,0.0,0.0,0.0
99251,0.0,0.0,0.0
99252,0.0,0.0,0.0
99253,0.0,0.0,0.0
99254,0.0,0.0,0.0
99255,0.0,0.0,0.0
99256,0.0,0.0,0.0
99257,0.0,0.0,0.0
99258,0.0,0.0,0.0
99259,0.0,0.0,0.0
99260,0.0,0.0,0.0
99261,0.0,0.0,0.0
99262,0.0,0.0,0.0
99263,0.0,0.0,0.0
99264,0.0,0.0,0.0
99265,0.0,0.0,0.0
99266,0.0,0.0,0.0
99267,0.0,0.0,0.0
99268,0.0,0.0,0.0
99269,0.0,0.0,0.0
99270,0.0,0.0,0.0
99271,0.0,0.0,0.0
99272,0.0,0.0,0.0
99273,0.0,0.0,0.0
99274,0.0,0.0,0.0
99275,0.0,0.0,0.0
99276,0.0,0.0,0.0
99277,0.0,0.0,0.0
99278,0.0,0.0,0.0
99279,0.0,0.0,0.0
99280,0.0,0.0,0.0
99281,0.0,0.0,0.0
99282,0.0,0.0,0.0
99283,0.0,0.0,0.0
99284,0.0,0.0,0.0
99285,0.0,0.0,0.0
99286,0.0,0.0,0.0
99287,0.0,0.0,0.0
99288,0.0,0.0,0.0
99289,0.0,0.0,0.0
99290,0.0,0.0,0.0
99291,0.0,0.0,0.0
99292,0.0,0.0,0.0
99293,0.0,0.0,0.0
99294,0.0,0.0,0.0
99295,0.0,0.0,0.0
99296,0.0,0.0,0.0
99297,0.0,0.0,0.0
99298,0.0,0.0,0.0
99299,0.0,0.0,0.0
99300,0.0,0.0,0.0
99301,0.0,0.0,0.0
99302,0.0,0.0,0.0
99303,0.0,0.0,0.0
99304,0.0,0.0,0.0
99305,0.0,0.0,0.0
99306,0.0,0.0,0.0
99307,0.0,0.0,0.0
99308,0.0,0.0,0.0
99309,0.0,0.0,0.0
99310,0.0,0.0,0.0
99311,0.0,0.0,0.0
99312,0.0,0.0,0.0
99313,0.0,0.0,0.0
99314,0.0,0.0,0.0
99315,0.0,0.0,0.0
99316,0.0,0.0,0.0
99317,0.0,0.0,0.0
99318,0.0,0.0,0.0
99319,0.0,0.0,0.0
99320,0.0,0.0,0.0
99321,0.0,0.0,0.0
99322,0.0,0.0,0.0
99323,0.0,0.0,0.0
99324,0.0,0.0,0.0
99325,0.0,0.0,0.0
99326,0.0,0.0,0.0
99327,0.0,0.0,0.0
99328,0.0,0.0,0.0
99329,0.0,0.0,0.0
99330,0.0,0.0,0.0
99331,0.0,0.0,0.0
99332,0.0,0.0,0.0
99333,0.0,0.0,0.0
99334,0.0,0.0,0.0
99335,0.0,0.0,0.0
99336,0.0,0.0,0.0
99337,0.0,0.0,0.0
99338,0.0,0.0,0.0
99339,0.0,0.0,0.0
99340,0.0,0.0,0.0
99341,0.0,0.0,0.0
99342,0.0,0.0,0.0
99343,0.0,0.0,0.0
99344,0.0,0.0,0.0
99345,0.0,0.0,0.0
99346,0.0,0.0,0.0
99347,0.0,0.0,0.0
99348,0.0,0.0,0.0
99349,0.0,0.0,0.0
99350,0.0,0.0,0.0
99351,0.0,0.0,0.0
99352,0.0,0.0,0.0
99353,0.0,0.0,0.0
99354,0.0,0.0,0.0
99355,0.0,0.0,0.0
99356,0.0,0.0,0.0
99357,0.0,0.0,0.0
99358,0.0,0.0,0.0
99359,0.0,0.0,0.0
99360,0.0,0.0,0.0
99361,0.0,0.0,0.0
99362,0.0,0.0,0.0
99363,0.0,0.0,0.0
99364,0.0,0.0,0.0
99365,0.0,0.0,0.0
99366,0.0,0.0,0.0
99367,0.0,0.0,0.0
99368,0.0,0.0,0.0
99369,0.0,0.0,0.0
99370,0.0,0.0,0.0
99371,0.0,0.0,0.0
99372,0.0,0.0,0.0
99373,0.0,0.0,0.0
99374,0.0,0.0,0.0
99375,0.0,0.0,0.0
99376,0.0,0.0,0.0
99377,0.0,0.0,0.0
99378,0.0,0.0,0.0
99379,0.0,0.0,0.0
99380,0.0,0.0,0.0
99381,0.0,0.0,0.0
99382,0.0,0.0,0.0
99383,0.0,0.0,0.0
99384,0.0,0.0,0.0
99385,0.0,0.0,0.0
99386,0.0,0.0,0.0
99387,0.0,0.0,0.0
99388,0.0,0.0,0.0
99389,0.0,0.0,0.0
99390,0.0,0.0,0.0
99391,0.0,0.0,0.0
99392,0.0,0.0,0.0
99393,0.0,0.0,0.0
99394,0.0,0.0,0.0
99395,0.0,0.0,0.0
99396,0.0,0.0,0.0
99397,0.0,0.0,0.0
99398,0.0,0.0,0.0
99399,0.0,0.0,0.0
99400,0.0,0.0,0.0
99401,0.0,0.0,0.0
99402,0.0,0.0,0.0
99403,0.0,0.0,0.0
99404,0.0,0.0,0.0
99405,0.0,0.0,0.0
99406,0.0,0.0,0.0
99407,0.0,0.0,0.0
99408,0.0,0.0,0.0
99409,0.0,0.0,0.0
99410,0.0,0.0,0.0
99411,0.0,0.0,0.0
99412,0.0,0.0,0.0
99413,0.0,0.0,0.0
99414,0.0,0.0,0.0
99415,0.0,0.0,0.0
99416,0.0,0.0,0.0
99417,0.0,0.0,0.0
99418,0.0,0.0,0.0
99419,0.0,0.0,0.0
99420,0.0,0.0,0.0
99421,0.0,0.0,0.0
99422,0.0,0.0,0.0
99423,0.0,0.0,0.0
99424,0.0,0.0,0.0
99425,0.0,0.0,0.0
99426,0.0,0.0,0.0
99427,0.0,0.0,0.0
99428,0.0,0.0,0.0
99429,0.0,0.0,0.0
99430,0.0,0.0,0.0
99431,0.0,0.0,0.0
99432,0.0,0.0,0.0
99433,0.0,0.0,0.0
99434,0.0,0.0,0.0
99435,0.0,0.0,0.0
99436,0.0,0.0,0.0
99437,0.0,0.0,0.0
99438,0.0,0.0,0.0
99439,0.0,0.0,0.0
99440,0.0,0.0,0.0
99441,0.0,0.0,0.0
99442,0.0,0.0,0.0
99443,0.0,0.0,0.0
99444,0.0,0.0,0.0
99445,0.0,0.0,0.0
99446,0.0,0.0,0.0
99447,0.0,0.0,0.0
99448,0.0,0.0,0.0
99449,0.0,0.0,0.0
99450,0.0,0.0,0.0
99451,0.0,0.0,0.0
99452,0.0,0.0,0.0
99453,0.0,0.0,0.0
99454,0.0,0.0,0.0
99455,0.0,0.0,0.0
99456,0.0,0.0,0.0
99457,0.0,0.0,0.0
99458,0.0,0.0,0.0
99459,0.0,0.0,0.0
99460,0.0,0.0,0.0
99461,0.0,0.0,0.0
99462,0.0,0.0,0.0
99463,0.0,0.0,0.0
99464,0.0,0.0,0.0
99465,0.0,0.0,0.0
99466,0.0,0.0,0.0
99467,0.0,0.0,0.0
99468,0.0,0.0,0.0
99469,0.0,0.0,0.0
99470,0.0,0.0,0.0
99471,0.0,0.0,0.0
99472,0.0,0.0,0.0
99473,0.0,0.0,0.0
99474,0.0,0.0,0.0
99475,0.0,0.0,0.0
99476,0.0,0.0,0.0
99477,0.0,0.0,0.0
99478,0.0,0.0,0.0
99479,0.0,0.0,0.0
99480,0.0,0.0,0.0
99481,0.0,0.0,0.0
99482,0.0,0.0,0.0
99483,0.0,0.0,0.0
99484,0.0,0.0,0.0
99485,0.0,0.0,0.0
99486,0.0,0.0,0.0
99487,0.0,0.0,0.0
99488,0.0,0.0,0.0
99489,0.0,0.0,0.0
99490,0.0,0.0,0.0
99491,0.0,0.0,0.0
99492,0.0,0.0,0.0
99493,0.0,0.0,0.0
99494,0.0,0.0,0.0
99495,0.0,0.0,0.0
99496,0.0,0.0,0.0
99497,0.0,0.0,0.0
99498,0.0,0.0,0.0
99499,0.0,0.0,0.0
99500,0.0,0.0,0.0
99501,0.0,0.0,0.0
99502,0.0,0.0,0.0
99503,0.0,0.0,0.0
99504,0.0,0.0,0.0
99505,0.0,0.0,0.0
99506,0.0,0.0,0.0
99507,0.0,0.0,0.0
99508,0.0,0.0,0.0
99509,0.0,0.0,0.0
99510,0.0,0.0,0.0
99511,0.0,0.0,0.0
99512,0.0,0.0,0.0
99513,0.0,0.0,0.0
99514,0.0,0.0,0.0
99515,0.0,0.0,0.0
99516,0.0,0.0,0.0
99517,0.0,0.0,0.0
99518,0.0,0.0,0.0
99519,0.0,0.0,0.0
99520,0.0,0.0,0.0
99521,0.0,0.0,0.0
99522,0.0,0.0,0.0
99523,0.0,0.0,0.0
99524,0.0,0.0,0.0
99525,0.0,0.0,0.0
99526,0.0,0.0,0.0
99527,0.0,0.0,0.0
99528,0.0,0.0,0.0
99529,0.0,0.0,0.0
99530,0.0,0.0,0.0
99531,0.0,0.0,0.0
99532,0.0,0.0,0.0
99533,0.0,0.0,0.0
99534,0.0,0.0,0.0
99535,0.0,0.0,0.0
99536,0.0,0.0,0.0
99537,0.0,0.0,0.0
99538,0.0,0.0,0.0
99539,0.0,0.0,0.0
99540,0.0,0.0,0.0
99541,0.0,0.0,0.0
99542,0.0,0.0,0.0
99543,0.0,0.0,0.0
99544,0.0,0.0,0.0
99545,0.0,0.0,0.0
99546,0.0,0.0,0.0
99547,0.0,0.0,0.0
99548,0.0,0.0,0.0
99549,0.0,0.0,0.0
99550,0.0,0.0,0.0
99551,0.0,0.0,0.0
99552,0.0,0.0,0.0
99553,0.0,0.0,0.0
99554,0.0,0.0,0.0
99555,0.0,0.0,0.0
99556,0.0,0.0,0.0
99557,0.0,0.0,0.0
99558,0.0,0.0,0.0
99559,0.0,0.0,0.0
99560,0.0,0.0,0.0
99561,0.0,0.0,0.0
99562,0.0,0.0,0.0
99563,0.0,0.0,0.0
99564,0.0,0.0,0.0
99565,0.0,0.0,0.0
99566,0.0,0.0,0.0
99567,0.0,0.0,0.0
99568,0.0,0.0,0.0
99569,0.0,0.0,0.0
99570,0.0,0.0,0.0
99571,0.0,0.0,0.0
99572,0.0,0.0,0.0
99573,0.0,0.0,0.0
99574,0.0,0.0,0.0
99575,0.0,0.0,0.0
99576,0.0,0.0,0.0
99577,0.0,0.0,0.0
99578,0.0,0.0,0.0
99579,0.0,0.0,0.0
99580,0.0,0.0,0.0
99581,0.0,0.0,0.0
99582,0.0,0.0,0.0
99583,0.0,0.0,0.0
99584,0.0,0.0,0.0
99585,0.0,0.0,0.0
99586,0.0,0.0,0.0
99587,0.0,0.0,0.0
99588,0.0,0.0,0.0
99589,0.0,0.0,0.0
99590,0.0,0.0,0.0
99591,0.0,0.0,0.0
99592,0.0,0.0,0.0
99593,0.0,0.0,0.0
99594,0.0,0.0,0.0
99595,0.0,0.0,0.0
99596,0.0,0.0,0.0
99597,0.0,0.0,0.0
99598,0.0,0.0,0.0
99599,0.0,0.0,0.0
99600,0.0,0.0,0.0
99601,0.0,0.0,0.0
99602,0.0,0.0,0.0
99603,0.0,0.0,0.0
99604,0.0,0.0,0.0
99605,0.0,0.0,0.0
99606,0.0,0.0,0.0
99607,0.0,0.0,0.0
99608,0.0,0.0,0.0
99609,0.0,0.0,0.0
99610,0.0,0.0,0.0
99611,0.0,0.0,0.0
99612,0.0,0.0,0.0
99613,0.0,0.0,0.0
99614,0.0,0.0,0.0
99615,0.0,0.0,0.0
99616,0.0,0.0,0.0
99617,0.0,0.0,0.0
99618,0.0,0.0,0.0
99619,0.0,0.0,0.0
99620,0.0,0.0,0.0
99621,0.0,0.0,0.0
99622,0.0,0.0,0.0
99623,0.0,0.0,0.0
99624,0.0,0.0,0.0
99625,0.0,0.0,0.0
99626,0.0,0.0,0.0
99627,0.0,0.0,0.0
99628,0.0,0.0,0.0
99629,0.0,0.0,0.0
99630,0.0,0.0,0.0
99631,0.0,0.0,0.0
99632,0.0,0.0,0.0
99633,0.0,0.0,0.0
99634,0.0,0.0,0.0
99635,0.0,0.0,0.0
99636,0.0,0.0,0.0
99637,0.0,0.0,0.0
99638,0.0,0.0,0.0
99639,0.0,0.0,0.0
99640,0.0,0.0,0.0
99641,0.0,0.0,0.0
99642,0.0,0.0,0.0
99643,0.0,0.0,0.0
99644,0.0,0.0,0.0
99645,0.0,0.0,0.0
99646,0.0,0.0,0.0
99647,0.0,0.0,0.0
99648,0.0,0.0,0.0
99649,0.0,0.0,0.0
99650,0.0,0.0,0.0
99651,0.0,0.0,0.0
99652,0.0,0.0,0.0
99653,0.0,0.0,0.0
99654,0.0,0.0,0.0
99655,0.0,0.0,0.0
99656,0.0,0.0,0.0
99657,0.0,0.0,0.0
99658,0.0,0.0,0.0
99659,0.0,0.0,0.0
99660,0.0,0.0,0.0
99661,0.0,0.0,0.0
99662,0.0,0.0,0.0
99663,0.0,0.0,0.0
99664,0.0,0.0,0.0
99665,0.0,0.0,0.0
99666,0.0,0.0,0.0
99667,0.0,0.0,0.0
99668,0.0,0.0,0.0
99669,0.0,0.0,0.0
99670,0.0,0.0,0.0
99671,0.0,0.0,0.0
99672,0.0,0.0,0.0
99673,0.0,0.0,0.0
99674,0.0,0.0,0.0
99675,0.0,0.0,0.0
99676,0.0,0.0,0.0
99677,0.0,0.0,0.0
99678,0.0,0.0,0.0
99679,0.0,0.0,0.0
99680,0.0,0.0,0.0
99681,0.0,0.0,0.0
99682,0.0,0.0,0.0
99683,0.0,0.0,0.0
99684,0.0,0.0,0.0
99685,0.0,0.0,0.0
99686,0.0,0.0,0.0
99687,0.0,0.0,0.0
99688,0.0,0.0,0.0
99689,0.0,0.0,0.0
99690,0.0,0.0,0.0
99691,0.0,0.0,0.0
99692,0.0,0.0,0.0
99693,0.0,0.0,0.0
99694,0.0,0.0,0.0
99695,0.0,0.0,0.0
99696,0.0,0.0,0.0
99697,0.0,0.0,0.0
99698,0.0,0.0,0.0
99699,0.0,0.0,0.0
99700,0.0,0.0,0.0
99701,0.0,0.0,0.0
99702,0.0,0.0,0.0
99703,0.0,0.0,0.0
99704,0.0,0.0,0.0
99705,0.0,0.0,0.0
99706,0.0,0.0,0.0
99707,0.0,0.0,0.0
99708,0.0,0.0,0.0
99709,0.0,0.0,0.0
99710,0.0,0.0,0.0
99711,0.0,0.0,0.0
99712,0.0,0.0,0.0
99713,0.0,0.0,0.0
99714,0.0,0.0,0.0
99715,0.0,0.0,0.0
99716,0.0,0.0,0.0
99717,0.0,0.0,0.0
99718,0.0,0.0,0.0
99719,0.0,0.0,0.0
99720,0.0,0.0,0.0
99721,0.0,0.0,0.0
99722,0.0,0.0,0.0
99723,0.0,0.0,0.0
99724,0.0,0.0,0.0
99725,0.0,0.0,0.0
99726,0.0,0.0,0.0
99727,0.0,0.0,0.0
99728,0.0,0.0,0.0
99729,0.0,0.0,0.0
99730,0.0,0.0,0.0
99731,0.0,0.0,0.0
99732,0.0,0.0,0.0
99733,0.0,0.0,0.0
99734,0.0,0.0,0.0
99735,0.0,0.0,0.0
99736,0.0,0.0,0.0
99737,0.0,0.0,0.0
99738,0.0,0.0,0.0
99739,0.0,0.0,0.0
99740,0.0,0.0,0.0
99741,0.0,0.0,0.0
99742,0.0,0.0,0.0
99743,0.0,0.0,0.0
99744,0.0,0.0,0.0
99745,0.0,0.0,0.0
99746,0.0,0.0,0.0
99747,0.0,0.0,0.0
99748,0.0,0.0,0.0
99749,0.0,0.0,0.0
99750,0.0,0.0,0.0
99751,0.0,0.0,0.0
99752,0.0,0.0,0.0
99753,0.0,0.0,0.0
99754,0.0,0.0,0.0
99755,0.0,0.0,0.0
99756,0.0,0.0,0.0
99757,0.0,0.0,0.0
99758,0.0,0.0,0.0
99759,0.0,0.0,0.0
99760,0.0,0.0,0.0
99761,0.0,0.0,0.0
99762,0.0,0.0,0.0
99763,0.0,0.0,0.0
99764,0.0,0.0,0.0
99765,0.0,0.0,0.0
99766,0.0,0.0,0.0
99767,0.0,0.0,0.0
99768,0.0,0.0,0.0
99769,0.0,0.0,0.0
99770,0.0,0.0,0.0
99771,0.0,0.0,0.0
99772,0.0,0.0,0.0
99773,0.0,0.0,0.0
99774,0.0,0.0,0.0
99775,0.0,0.0,0.0
99776,0.0,0.0,0.0
99777,0.0,0.0,0.0
99778,0.0,0.0,0.0
99779,0.0,0.0,0.0
99780,0.0,0.0,0.0
99781,0.0,0.0,0.0
99782,0.0,0.0,0.0
99783,0.0,0.0,0.0
99784,0.0,0.0,0.0
99785,0.0,0.0,0.0
99786,0.0,0.0,0.0
99787,0.0,0.0,0.0
99788,0.0,0.0,0.0
99789,0.0,0.0,0.0
99790,0.0,0.0,0.0
99791,0.0,0.0,0.0
99792,0.0,0.0,0.0
99793,0.0,0.0,0.0
99794,0.0,0.0,0.0
99795,0.0,0.0,0.0
99796,0.0,0.0,0.0
99797,0.0,0.0,0.0
99798,0.0,0.0,0.0
99799,0.0,0.0,0.0
99800,0.0,0.0,0.0
99801,0.0,0.0,0.0
99802,0.0,0.0,0.0
99803,0.0,0.0,0.0
99804,0.0,0.0,0.0
99805,0.0,0.0,0.0
99806,0.0,0.0,0.0
99807,0.0,0.0,0.0
99808,0.0,0.0,0.0
99809,0.0,0.0,0.0
99810,0.0,0.0,0.0
99811,0.0,0.0,0.0
99812,0.0,0.0,0.0
99813,0.0,0.0,0.0
99814,0.0,0.0,0.0
99815,0.0,0.0,0.0
99816,0.0,0.0,0.0
99817,0.0,0.0,0.0
99818,0.0,0.0,0.0
99819,0.0,0.0,0.0
99820,0.0,0.0,0.0
99821,0.0,0.0,0.0
99822,0.0,0.0,0.0
99823,0.0,0.0,0.0
99824,0.0,0.0,0.0
99825,0.0,0.0,0.0
99826,0.0,0.0,0.0
99827,0.0,0.0,0.0
99828,0.0,0.0,0.0
99829,0.0,0.0,0.0
99830,0.0,0.0,0.0
99831,0.0,0.0,0.0
99832,0.0,0.0,0.0
99833,0.0,0.0,0.0
99834,0.0,0.0,0.0
99835,0.0,0.0,0.0
99836,0.0,0.0,0.0
99837,0.0,0.0,0.0
99838,0.0,0.0,0.0
99839,0.0,0.0,0.0
99840,0.0,0.0,0.0
99841,0.0,0.0,0.0
99842,0.0,0.0,0.0
99843,0.0,0.0,0.0
99844,0.0,0.0,0.0
99845,0.0,0.0,0.0
99846,0.0,0.0,0.0
99847,0.0,0.0,0.0
99848,0.0,0.0,0.0
99849,0.0,0.0,0.0
99850,0.0,0.0,0.0
99851,0.0,0.0,0.0
99852,0.0,0.0,0.0
99853,0.0,0.0,0.0
99854,0.0,0.0,0.0
99855,0.0,0.0,0.0
99856,0.0,0.0,0.0
99857,0.0,0.0,0.0
99858,0.0,0.0,0.0
99859,0.0,0.0,0.0
99860,0.0,0.0,0.0
99861,0.0,0.0,0.0
99862,0.0,0.0,0.0
99863,0.0,0.0,0.0
99864,0.0,0.0,0.0
99865,0.0,0.0,0.0
99866,0.0,0.0,0.0
99867,0.0,0.0,0.0
99868,0.0,0.0,0.0
99869,0.0,0.0,0.0
99870,0.0,0.0,0.0
99871,0.0,0.0,0.0
99872,0.0,0.0,0.0
99873,0.0,0.0,0.0
99874,0.0,0.0,0.0
99875,0.0,0.0,0.0
99876,0.0,0.0,0.0
99877,0.0,0.0,0.0
99878,0.0,0.0,0.0
99879,0.0,0.0,0.0
99880,0.0,0.0,0.0
99881,0.0,0.0,0.0
99882,0.0,0.0,0.0
99883,0.0,0.0,0.0
99884,0.0,0.0,0.0
99885,0.0,0.0,0.0
99886,0.0,0.0,0.0
99887,0.0,0.0,0.0
99888,0.0,0.0,0.0
99889,0.0,0.0,0.0
99890,0.0,0.0,0.0
99891,0.0,0.0,0.0
99892,0.0,0.0,0.0
99893,0.0,0.0,0.0
99894,0.0,0.0,0.0
99895,0.0,0.0,0.0
99896,0.0,0.0,0.0
99897,0.0,0.0,0.0
99898,0.0,0.0,0.0
99899,0.0,0.0,0.0
99900,0.0,0.0,0.0
99901,0.0,0.0,0.0
99902,0.0,0.0,0.0
99903,0.0,0.0,0.0
99904,0.0,0.0,0.0
99905,0.0,0.0,0.0
99906,0.0,0.0,0.0
99907,0.0,0.0,0.0
99908,0.0,0.0,0.0
99909,0.0,0.0,0.0
99910,0.0,0.0,0.0
99911,0.0,0.0,0.0
99912,0.0,0.0,0.0
99913,0.0,0.0,0.0
99914,0.0,0.0,0.0
99915,0.0,0.0,0.0
99916,0.0,0.0,0.0
99917,0.0,0.0,0.0
99918,0.0,0.0,0.0
99919,0.0,0.0,0.0
99920,0.0,0.0,0.0
99921,0.0,0.0,0.0
99922,0.0,0.0,0.0
99923,0.0,0.0,0.0
99924,0.0,0.0,0.0
99925,0.0,0.0,0.0
99926,0.0,0.0,0.0
99927,0.0,0.0,0.0
99928,0.0,0.0,0.0
99929,0.0,0.0,0.0
99930,0.0,0.0,0.0
99931,0.0,0.0,0.0
99932,0.0,0.0,0.0
99933,0.0,0.0,0.0
99934,0.0,0.0,0.0
99935,0.0,0.0,0.0
99936,0.0,0.0,0.0
99937,0.0,0.0,0.0
99938,0.0,0.0,0.0
99939,0.0,0.0,0.0
99940,0.0,0.0,0.0
99941,0.0,0.0,0.0
99942,0.0,0.0,0.0
99943,0.0,0.0,0.0
99944,0.0,0.0,0.0
99945,0.0,0.0,0.0
99946,0.0,0.0,0.0
99947,0.0,0.0,0.0
99948,0.0,0.0,0.0
99949,0.0,0.0,0.0
99950,0.0,0.0,0.0
99951,0.0,0.0,0.0
99952,0.0,0.0,0.0
99953,0.0,0.0,0.0
99954,0.0,0.0,0.0
99955,0.0,0.0,0.0
99956,0.0,0.0,0.0
99957,0.0,0.0,0.0
99958,0.0,0.0,0.0
99959,0.0,0.0,0.0
99960,0.0,0.0,0.0
99961,0.0,0.0,0.0
99962,0.0,0.0,0.0
99963,0.0,0.0,0.0
99964,0.0,0.0,0.0
99965,0.0,0.0,0.0
99966,0.0,0.0,0.0
99967,0.0,0.0,0.0
99968,0.0,0.0,0.0
99969,0.0,0.0,0.0
99970,0.0,0.0,0.0
99971,0.0,0.0,0.0
99972,0.0,0.0,0.0
99973,0.0,0.0,0.0
99974,0.0,0.0,0.0
99975,0.0,0.0,0.0
99976,0.0,0.0,0.0
99977,0.0,0.0,0.0
99978,0.0,0.0,0.0
99979,0.0,0.0,0.0
99980,0.0,0.0,0.0
99981,0.0,0.0,0.0
99982,0.0,0.0,0.0
99983,0.0,0.0,0.0
99984,0.0,0.0,0.0
99985,0.0,0.0,0.0
99986,0.0,0.0,0.0
99987,0.0,0.0,0.0
99988,0.0,0.0,0.0
99989,0.0,0.0,0.0
99990,0.0,0.0,0.0
99991,0.0,0.0,0.0
99992,0.0,0.0,0.0
99993,0.0,0.0,0.0
99994,0.0,0.0,0.0
99995,0.0,0.0,0.0
99996,0.0,0.0,0.0
99997,0.0,0.0,0.0
99998,0.0,0.0,0.0
99999,0.0,0.0,0.0
100000,0.0,0.0,0.0
100001,0.0,0.0,0.0
100002,0.0,0.0,0.0
100003,0.0,0.0,0.0
100004,0.0,0.0,0.0
100005,0.0,0.0,0.0
100006,0.0,0.0,0.0
100007,0.0,0.0,0.0
100008,0.0,0.0,0.0
100009,0.0,0.0,0.0
100010,0.0,0.0,0.0
100011,0.0,0.0,0.0
100012,0.0,0.0,0.0
100013,0.0,0.0,0.0
100014,0.0,0.0,0.0
100015,0.0,0.0,0.0
100016,0.0,0.0,0.0
100017,0.0,0.0,0.0
100018,0.0,0.0,0.0
100019,0.0,0.0,0.0
100020,0.0,0.0,0.0
100021,0.0,0.0,0.0
100022,0.0,0.0,0.0
100023,0.0,0.0,0.0
100024,0.0,0.0,0.0
100025,0.0,0.0,0.0
100026,0.0,0.0,0.0
100027,0.0,0.0,0.0
100028,0.0,0.0,0.0
100029,0.0,0.0,0.0
100030,0.0,0.0,0.0
100031,0.0,0.0,0.0
100032,0.0,0.0,0.0
100033,0.0,0.0,0.0
100034,0.0,0.0,0.0
100035,0.0,0.0,0.0
100036,0.0,0.0,0.0
100037,0.0,0.0,0.0
100038,0.0,0.0,0.0
100039,0.0,0.0,0.0
100040,0.0,0.0,0.0
100041,0.0,0.0,0.0
100042,0.0,0.0,0.0
100043,0.0,0.0,0.0
100044,0.0,0.0,0.0
100045,0.0,0.0,0.0
100046,0.0,0.0,0.0
100047,0.0,0.0,0.0
100048,0.0,0.0,0.0
100049,0.0,0.0,0.0
100050,0.0,0.0,0.0
100051,0.0,0.0,0.0
100052,0.0,0.0,0.0
100053,0.0,0.0,0.0
100054,0.0,0.0,0.0
100055,0.0,0.0,0.0
100056,0.0,0.0,0.0
100057,0.0,0.0,0.0
100058,0.0,0.0,0.0
100059,0.0,0.0,0.0
100060,0.0,0.0,0.0
100061,0.0,0.0,0.0
100062,0.0,0.0,0.0
100063,0.0,0.0,0.0
100064,0.0,0.0,0.0
100065,0.0,0.0,0.0
100066,0.0,0.0,0.0
100067,0.0,0.0,0.0
100068,0.0,0.0,0.0
100069,0.0,0.0,0.0
100070,0.0,0.0,0.0
100071,0.0,0.0,0.0
100072,0.0,0.0,0.0
100073,0.0,0.0,0.0
100074,0.0,0.0,0.0
100075,0.0,0.0,0.0
100076,0.0,0.0,0.0
100077,0.0,0.0,0.0
100078,0.0,0.0,0.0
100079,0.0,0.0,0.0
100080,0.0,0.0,0.0
100081,0.0,0.0,0.0
100082,0.0,0.0,0.0
100083,0.0,0.0,0.0
100084,0.0,0.0,0.0
100085,0.0,0.0,0.0
100086,0.0,0.0,0.0
100087,0.0,0.0,0.0
100088,0.0,0.0,0.0
100089,0.0,0.0,0.0
100090,0.0,0.0,0.0
100091,0.0,0.0,0.0
100092,0.0,0.0,0.0
100093,0.0,0.0,0.0
100094,0.0,0.0,0.0
100095,0.0,0.0,0.0
100096,0.0,0.0,0.0
100097,0.0,0.0,0.0
100098,0.0,0.0,0.0
100099,0.0,0.0,0.0
100100,0.0,0.0,0.0
100101,0.0,0.0,0.0
100102,0.0,0.0,0.0
100103,0.0,0.0,0.0
100104,0.0,0.0,0.0
100105,0.0,0.0,0.0
100106,0.0,0.0,0.0
100107,0.0,0.0,0.0
100108,0.0,0.0,0.0
100109,0.0,0.0,0.0
100110,0.0,0.0,0.0
100111,0.0,0.0,0.0
100112,0.0,0.0,0.0
100113,0.0,0.0,0.0
100114,0.0,0.0,0.0
100115,0.0,0.0,0.0
100116,0.0,0.0,0.0
100117,0.0,0.0,0.0
100118,0.0,0.0,0.0
100119,0.0,0.0,0.0
100120,0.0,0.0,0.0
100121,0.0,0.0,0.0
100122,0.0,0.0,0.0
100123,0.0,0.0,0.0
100124,0.0,0.0,0.0
100125,0.0,0.0,0.0
100126,0.0,0.0,0.0
100127,0.0,0.0,0.0
100128,0.0,0.0,0.0
100129,0.0,0.0,0.0
100130,0.0,0.0,0.0
100131,0.0,0.0,0.0
100132,0.0,0.0,0.0
100133,0.0,0.0,0.0
100134,0.0,0.0,0.0
100135,0.0,0.0,0.0
100136,0.0,0.0,0.0
100137,0.0,0.0,0.0
100138,0.0,0.0,0.0
100139,0.0,0.0,0.0
100140,0.0,0.0,0.0
100141,0.0,0.0,0.0
100142,0.0,0.0,0.0
100143,0.0,0.0,0.0
100144,0.0,0.0,0.0
100145,0.0,0.0,0.0
100146,0.0,0.0,0.0
100147,0.0,0.0,0.0
100148,0.0,0.0,0.0
100149,0.0,0.0,0.0
100150,0.0,0.0,0.0
100151,0.0,0.0,0.0
100152,0.0,0.0,0.0
100153,0.0,0.0,0.0
100154,0.0,0.0,0.0
100155,0.0,0.0,0.0
100156,0.0,0.0,0.0
100157,0.0,0.0,0.0
100158,0.0,0.0,0.0
100159,0.0,0.0,0.0
100160,0.0,0.0,0.0
100161,0.0,0.0,0.0
100162,0.0,0.0,0.0
100163,0.0,0.0,0.0
100164,0.0,0.0,0.0
100165,0.0,0.0,0.0
100166,0.0,0.0,0.0
100167,0.0,0.0,0.0
100168,0.0,0.0,0.0
100169,0.0,0.0,0.0
100170,0.0,0.0,0.0
100171,0.0,0.0,0.0
100172,0.0,0.0,0.0
100173,0.0,0.0,0.0
100174,0.0,0.0,0.0
100175,0.0,0.0,0.0
100176,0.0,0.0,0.0
100177,0.0,0.0,0.0
100178,0.0,0.0,0.0
100179,0.0,0.0,0.0
100180,0.0,0.0,0.0
100181,0.0,0.0,0.0
100182,0.0,0.0,0.0
100183,0.0,0.0,0.0
100184,0.0,0.0,0.0
100185,0.0,0.0,0.0
100186,0.0,0.0,0.0
100187,0.0,0.0,0.0
100188,0.0,0.0,0.0
100189,0.0,0.0,0.0
100190,0.0,0.0,0.0
100191,0.0,0.0,0.0
100192,0.0,0.0,0.0
100193,0.0,0.0,0.0
100194,0.0,0.0,0.0
100195,0.0,0.0,0.0
100196,0.0,0.0,0.0
100197,0.0,0.0,0.0
100198,0.0,0.0,0.0
100199,0.0,0.0,0.0
100200,0.0,0.0,0.0
100201,0.0,0.0,0.0
100202,0.0,0.0,0.0
100203,0.0,0.0,0.0
100204,0.0,0.0,0.0
100205,0.0,0.0,0.0
100206,0.0,0.0,0.0
100207,0.0,0.0,0.0
100208,0.0,0.0,0.0
100209,0.0,0.0,0.0
100210,0.0,0.0,0.0
100211,0.0,0.0,0.0
100212,0.0,0.0,0.0
100213,0.0,0.0,0.0
100214,0.0,0.0,0.0
100215,0.0,0.0,0.0
100216,0.0,0.0,0.0
100217,0.0,0.0,0.0
100218,0.0,0.0,0.0
100219,0.0,0.0,0.0
100220,0.0,0.0,0.0
100221,0.0,0.0,0.0
100222,0.0,0.0,0.0
100223,0.0,0.0,0.0
100224,0.0,0.0,0.0
100225,0.0,0.0,0.0
100226,0.0,0.0,0.0
100227,0.0,0.0,0.0
100228,0.0,0.0,0.0
100229,0.0,0.0,0.0
100230,0.0,0.0,0.0
100231,0.0,0.0,0.0
100232,0.0,0.0,0.0
100233,0.0,0.0,0.0
100234,0.0,0.0,0.0
100235,0.0,0.0,0.0
100236,0.0,0.0,0.0
100237,0.0,0.0,0.0
100238,0.0,0.0,0.0
100239,0.0,0.0,0.0
100240,0.0,0.0,0.0
100241,0.0,0.0,0.0
100242,0.0,0.0,0.0
100243,0.0,0.0,0.0
100244,0.0,0.0,0.0
100245,0.0,0.0,0.0
100246,0.0,0.0,0.0
100247,0.0,0.0,0.0
100248,0.0,0.0,0.0
100249,0.0,0.0,0.0
100250,0.0,0.0,0.0
100251,0.0,0.0,0.0
100252,0.0,0.0,0.0
100253,0.0,0.0,0.0
100254,0.0,0.0,0.0
100255,0.0,0.0,0.0
100256,0.0,0.0,0.0
100257,0.0,0.0,0.0
100258,0.0,0.0,0.0
100259,0.0,0.0,0.0
100260,0.0,0.0,0.0
100261,0.0,0.0,0.0
100262,0.0,0.0,0.0
100263,0.0,0.0,0.0
100264,0.0,0.0,0.0
100265,0.0,0.0,0.0
100266,0.0,0.0,0.0
100267,0.0,0.0,0.0
100268,0.0,0.0,0.0
100269,0.0,0.0,0.0
100270,0.0,0.0,0.0
100271,0.0,0.0,0.0
100272,0.0,0.0,0.0
100273,0.0,0.0,0.0
100274,0.0,0.0,0.0
100275,0.0,0.0,0.0
100276,0.0,0.0,0.0
100277,0.0,0.0,0.0
100278,0.0,0.0,0.0
100279,0.0,0.0,0.0
100280,0.0,0.0,0.0
100281,0.0,0.0,0.0
100282,0.0,0.0,0.0
100283,0.0,0.0,0.0
100284,0.0,0.0,0.0
100285,0.0,0.0,0.0
100286,0.0,0.0,0.0
100287,0.0,0.0,0.0
100288,0.0,0.0,0.0
100289,0.0,0.0,0.0
100290,0.0,0.0,0.0
100291,0.0,0.0,0.0
100292,0.0,0.0,0.0
100293,0.0,0.0,0.0
100294,0.0,0.0,0.0
100295,0.0,0.0,0.0
100296,0.0,0.0,0.0
100297,0.0,0.0,0.0
100298,0.0,0.0,0.0
100299,0.0,0.0,0.0
100300,0.0,0.0,0.0
100301,0.0,0.0,0.0
100302,0.0,0.0,0.0
100303,0.0,0.0,0.0
100304,0.0,0.0,0.0
100305,0.0,0.0,0.0
100306,0.0,0.0,0.0
100307,0.0,0.0,0.0
100308,0.0,0.0,0.0
100309,0.0,0.0,0.0
100310,0.0,0.0,0.0
100311,0.0,0.0,0.0
100312,0.0,0.0,0.0
100313,0.0,0.0,0.0
100314,0.0,0.0,0.0
100315,0.0,0.0,0.0
100316,0.0,0.0,0.0
100317,0.0,0.0,0.0
100318,0.0,0.0,0.0
100319,0.0,0.0,0.0
100320,0.0,0.0,0.0
100321,0.0,0.0,0.0
100322,0.0,0.0,0.0
100323,0.0,0.0,0.0
100324,0.0,0.0,0.0
100325,0.0,0.0,0.0
100326,0.0,0.0,0.0
100327,0.0,0.0,0.0
100328,0.0,0.0,0.0
100329,0.0,0.0,0.0
100330,0.0,0.0,0.0
100331,0.0,0.0,0.0
100332,0.0,0.0,0.0
100333,0.0,0.0,0.0
100334,0.0,0.0,0.0
100335,0.0,0.0,0.0
100336,0.0,0.0,0.0
100337,0.0,0.0,0.0
100338,0.0,0.0,0.0
100339,0.0,0.0,0.0
100340,0.0,0.0,0.0
100341,0.0,0.0,0.0
100342,0.0,0.0,0.0
100343,0.0,0.0,0.0
100344,0.0,0.0,0.0
100345,0.0,0.0,0.0
100346,0.0,0.0,0.0
100347,0.0,0.0,0.0
100348,0.0,0.0,0.0
100349,0.0,0.0,0.0
100350,0.0,0.0,0.0
100351,0.0,0.0,0.0
100352,0.0,0.0,0.0
100353,0.0,0.0,0.0
100354,0.0,0.0,0.0
100355,0.0,0.0,0.0
100356,0.0,0.0,0.0
100357,0.0,0.0,0.0
100358,0.0,0.0,0.0
100359,0.0,0.0,0.0
100360,0.0,0.0,0.0
100361,0.0,0.0,0.0
100362,0.0,0.0,0.0
100363,0.0,0.0,0.0
100364,0.0,0.0,0.0
100365,0.0,0.0,0.0
100366,0.0,0.0,0.0
100367,0.0,0.0,0.0
100368,0.0,0.0,0.0
100369,0.0,0.0,0.0
100370,0.0,0.0,0.0
100371,0.0,0.0,0.0
100372,0.0,0.0,0.0
100373,0.0,0.0,0.0
100374,0.0,0.0,0.0
100375,0.0,0.0,0.0
100376,0.0,0.0,0.0
100377,0.0,0.0,0.0
100378,0.0,0.0,0.0
100379,0.0,0.0,0.0
100380,0.0,0.0,0.0
100381,0.0,0.0,0.0
100382,0.0,0.0,0.0
100383,0.0,0.0,0.0
100384,0.0,0.0,0.0
100385,0.0,0.0,0.0
100386,0.0,0.0,0.0
100387,0.0,0.0,0.0
100388,0.0,0.0,0.0
100389,0.0,0.0,0.0
100390,0.0,0.0,0.0
100391,0.0,0.0,0.0
100392,0.0,0.0,0.0
100393,0.0,0.0,0.0
100394,0.0,0.0,0.0
100395,0.0,0.0,0.0
100396,0.0,0.0,0.0
100397,0.0,0.0,0.0
100398,0.0,0.0,0.0
100399,0.0,0.0,0.0
100400,0.0,0.0,0.0
100401,0.0,0.0,0.0
100402,0.0,0.0,0.0
100403,0.0,0.0,0.0
100404,0.0,0.0,0.0
100405,0.0,0.0,0.0
100406,0.0,0.0,0.0
100407,0.0,0.0,0.0
100408,0.0,0.0,0.0
100409,0.0,0.0,0.0
100410,0.0,0.0,0.0
100411,0.0,0.0,0.0
100412,0.0,0.0,0.0
100413,0.0,0.0,0.0
100414,0.0,0.0,0.0
100415,0.0,0.0,0.0
100416,0.0,0.0,0.0
100417,0.0,0.0,0.0
100418,0.0,0.0,0.0
100419,0.0,0.0,0.0
100420,0.0,0.0,0.0
100421,0.0,0.0,0.0
100422,0.0,0.0,0.0
100423,0.0,0.0,0.0
100424,0.0,0.0,0.0
100425,0.0,0.0,0.0
100426,0.0,0.0,0.0
100427,0.0,0.0,0.0
100428,0.0,0.0,0.0
100429,0.0,0.0,0.0
100430,0.0,0.0,0.0
100431,0.0,0.0,0.0
100432,0.0,0.0,0.0
100433,0.0,0.0,0.0
100434,0.0,0.0,0.0
100435,0.0,0.0,0.0
100436,0.0,0.0,0.0
100437,0.0,0.0,0.0
100438,0.0,0.0,0.0
100439,0.0,0.0,0.0
100440,0.0,0.0,0.0
100441,0.0,0.0,0.0
100442,0.0,0.0,0.0
100443,0.0,0.0,0.0
100444,0.0,0.0,0.0
100445,0.0,0.0,0.0
100446,0.0,0.0,0.0
100447,0.0,0.0,0.0
100448,0.0,0.0,0.0
100449,0.0,0.0,0.0
100450,0.0,0.0,0.0
100451,0.0,0.0,0.0
100452,0.0,0.0,0.0
100453,0.0,0.0,0.0
100454,0.0,0.0,0.0
100455,0.0,0.0,0.0
100456,0.0,0.0,0.0
100457,0.0,0.0,0.0
100458,0.0,0.0,0.0
100459,0.0,0.0,0.0
100460,0.0,0.0,0.0
100461,0.0,0.0,0.0
100462,0.0,0.0,0.0
100463,0.0,0.0,0.0
100464,0.0,0.0,0.0
100465,0.0,0.0,0.0
100466,0.0,0.0,0.0
100467,0.0,0.0,0.0
100468,0.0,0.0,0.0
100469,0.0,0.0,0.0
100470,0.0,0.0,0.0
100471,0.0,0.0,0.0
100472,0.0,0.0,0.0
100473,0.0,0.0,0.0
100474,0.0,0.0,0.0
100475,0.0,0.0,0.0
100476,0.0,0.0,0.0
100477,0.0,0.0,0.0
100478,0.0,0.0,0.0
100479,0.0,0.0,0.0
100480,0.0,0.0,0.0
100481,0.0,0.0,0.0
100482,0.0,0.0,0.0
100483,0.0,0.0,0.0
100484,0.0,0.0,0.0
100485,0.0,0.0,0.0
100486,0.0,0.0,0.0
100487,0.0,0.0,0.0
100488,0.0,0.0,0.0
100489,0.0,0.0,0.0
100490,0.0,0.0,0.0
100491,0.0,0.0,0.0
100492,0.0,0.0,0.0
100493,0.0,0.0,0.0
100494,0.0,0.0,0.0
100495,0.0,0.0,0.0
100496,0.0,0.0,0.0
100497,0.0,0.0,0.0
100498,0.0,0.0,0.0
100499,0.0,0.0,0.0
100500,0.0,0.0,0.0
100501,0.0,0.0,0.0
100502,0.0,0.0,0.0
100503,0.0,0.0,0.0
100504,0.0,0.0,0.0
100505,0.0,0.0,0.0
100506,0.0,0.0,0.0
100507,0.0,0.0,0.0
100508,0.0,0.0,0.0
100509,0.0,0.0,0.0
100510,0.0,0.0,0.0
100511,0.0,0.0,0.0
100512,0.0,0.0,0.0
100513,0.0,0.0,0.0
100514,0.0,0.0,0.0
100515,0.0,0.0,0.0
100516,0.0,0.0,0.0
100517,0.0,0.0,0.0
100518,0.0,0.0,0.0
100519,0.0,0.0,0.0
100520,0.0,0.0,0.0
100521,0.0,0.0,0.0
100522,0.0,0.0,0.0
100523,0.0,0.0,0.0
100524,0.0,0.0,0.0
100525,0.0,0.0,0.0
100526,0.0,0.0,0.0
100527,0.0,0.0,0.0
100528,0.0,0.0,0.0
100529,0.0,0.0,0.0
100530,0.0,0.0,0.0
100531,0.0,0.0,0.0
100532,0.0,0.0,0.0
100533,0.0,0.0,0.0
100534,0.0,0.0,0.0
100535,0.0,0.0,0.0
100536,0.0,0.0,0.0
100537,0.0,0.0,0.0
100538,0.0,0.0,0.0
100539,0.0,0.0,0.0
100540,0.0,0.0,0.0
100541,0.0,0.0,0.0
100542,0.0,0.0,0.0
100543,0.0,0.0,0.0
100544,0.0,0.0,0.0
100545,0.0,0.0,0.0
100546,0.0,0.0,0.0
100547,0.0,0.0,0.0
100548,0.0,0.0,0.0
100549,0.0,0.0,0.0
100550,0.0,0.0,0.0
100551,0.0,0.0,0.0
100552,0.0,0.0,0.0
100553,0.0,0.0,0.0
100554,0.0,0.0,0.0
100555,0.0,0.0,0.0
100556,0.0,0.0,0.0
100557,0.0,0.0,0.0
100558,0.0,0.0,0.0
100559,0.0,0.0,0.0
100560,0.0,0.0,0.0
100561,0.0,0.0,0.0
100562,0.0,0.0,0.0
100563,0.0,0.0,0.0
100564,0.0,0.0,0.0
100565,0.0,0.0,0.0
100566,0.0,0.0,0.0
100567,0.0,0.0,0.0
100568,0.0,0.0,0.0
100569,0.0,0.0,0.0
100570,0.0,0.0,0.0
100571,0.0,0.0,0.0
100572,0.0,0.0,0.0
100573,0.0,0.0,0.0
100574,0.0,0.0,0.0
100575,0.0,0.0,0.0
100576,0.0,0.0,0.0
100577,0.0,0.0,0.0
100578,0.0,0.0,0.0
100579,0.0,0.0,0.0
100580,0.0,0.0,0.0
100581,0.0,0.0,0.0
100582,0.0,0.0,0.0
100583,0.0,0.0,0.0
100584,0.0,0.0,0.0
100585,0.0,0.0,0.0
100586,0.0,0.0,0.0
100587,0.0,0.0,0.0
100588,0.0,0.0,0.0
100589,0.0,0.0,0.0
100590,0.0,0.0,0.0
100591,0.0,0.0,0.0
100592,0.0,0.0,0.0
100593,0.0,0.0,0.0
100594,0.0,0.0,0.0
100595,0.0,0.0,0.0
100596,0.0,0.0,0.0
100597,0.0,0.0,0.0
100598,0.0,0.0,0.0
100599,0.0,0.0,0.0
100600,0.0,0.0,0.0
100601,0.0,0.0,0.0
100602,0.0,0.0,0.0
100603,0.0,0.0,0.0
100604,0.0,0.0,0.0
100605,0.0,0.0,0.0
100606,0.0,0.0,0.0
100607,0.0,0.0,0.0
100608,0.0,0.0,0.0
100609,0.0,0.0,0.0
100610,0.0,0.0,0.0
100611,0.0,0.0,0.0
100612,0.0,0.0,0.0
100613,0.0,0.0,0.0
100614,0.0,0.0,0.0
100615,0.0,0.0,0.0
100616,0.0,0.0,0.0
100617,0.0,0.0,0.0
100618,0.0,0.0,0.0
100619,0.0,0.0,0.0
100620,0.0,0.0,0.0
100621,0.0,0.0,0.0
100622,0.0,0.0,0.0
100623,0.0,0.0,0.0
100624,0.0,0.0,0.0
100625,0.0,0.0,0.0
100626,0.0,0.0,0.0
100627,0.0,0.0,0.0
100628,0.0,0.0,0.0
100629,0.0,0.0,0.0
100630,0.0,0.0,0.0
100631,0.0,0.0,0.0
100632,0.0,0.0,0.0
100633,0.0,0.0,0.0
100634,0.0,0.0,0.0
100635,0.0,0.0,0.0
100636,0.0,0.0,0.0
100637,0.0,0.0,0.0
100638,0.0,0.0,0.0
100639,0.0,0.0,0.0
100640,0.0,0.0,0.0
100641,0.0,0.0,0.0
100642,0.0,0.0,0.0
100643,0.0,0.0,0.0
100644,0.0,0.0,0.0
100645,0.0,0.0,0.0
100646,0.0,0.0,0.0
100647,0.0,0.0,0.0
100648,0.0,0.0,0.0
100649,0.0,0.0,0.0
100650,0.0,0.0,0.0
100651,0.0,0.0,0.0
100652,0.0,0.0,0.0
100653,0.0,0.0,0.0
100654,0.0,0.0,0.0
100655,0.0,0.0,0.0
100656,0.0,0.0,0.0
100657,0.0,0.0,0.0
100658,0.0,0.0,0.0
100659,0.0,0.0,0.0
100660,0.0,0.0,0.0
100661,0.0,0.0,0.0
100662,0.0,0.0,0.0
100663,0.0,0.0,0.0
100664,0.0,0.0,0.0
100665,0.0,0.0,0.0
100666,0.0,0.0,0.0
100667,0.0,0.0,0.0
100668,0.0,0.0,0.0
100669,0.0,0.0,0.0
100670,0.0,0.0,0.0
100671,0.0,0.0,0.0
100672,0.0,0.0,0.0
100673,0.0,0.0,0.0
100674,0.0,0.0,0.0
100675,0.0,0.0,0.0
100676,0.0,0.0,0.0
100677,0.0,0.0,0.0
100678,0.0,0.0,0.0
100679,0.0,0.0,0.0
100680,0.0,0.0,0.0
100681,0.0,0.0,0.0
100682,0.0,0.0,0.0
100683,0.0,0.0,0.0
100684,0.0,0.0,0.0
100685,0.0,0.0,0.0
100686,0.0,0.0,0.0
100687,0.0,0.0,0.0
100688,0.0,0.0,0.0
100689,0.0,0.0,0.0
100690,0.0,0.0,0.0
100691,0.0,0.0,0.0
100692,0.0,0.0,0.0
100693,0.0,0.0,0.0
100694,0.0,0.0,0.0
100695,0.0,0.0,0.0
100696,0.0,0.0,0.0
100697,0.0,0.0,0.0
100698,0.0,0.0,0.0
100699,0.0,0.0,0.0
100700,0.0,0.0,0.0
100701,0.0,0.0,0.0
100702,0.0,0.0,0.0
100703,0.0,0.0,0.0
100704,0.0,0.0,0.0
100705,0.0,0.0,0.0
100706,0.0,0.0,0.0
100707,0.0,0.0,0.0
100708,0.0,0.0,0.0
100709,0.0,0.0,0.0
100710,0.0,0.0,0.0
100711,0.0,0.0,0.0
100712,0.0,0.0,0.0
100713,0.0,0.0,0.0
100714,0.0,0.0,0.0
100715,0.0,0.0,0.0
100716,0.0,0.0,0.0
100717,0.0,0.0,0.0
100718,0.0,0.0,0.0
100719,0.0,0.0,0.0
100720,0.0,0.0,0.0
100721,0.0,0.0,0.0
100722,0.0,0.0,0.0
100723,0.0,0.0,0.0
100724,0.0,0.0,0.0
100725,0.0,0.0,0.0
100726,0.0,0.0,0.0
100727,0.0,0.0,0.0
100728,0.0,0.0,0.0
100729,0.0,0.0,0.0
100730,0.0,0.0,0.0
100731,0.0,0.0,0.0
100732,0.0,0.0,0.0
100733,0.0,0.0,0.0
100734,0.0,0.0,0.0
100735,0.0,0.0,0.0
100736,0.0,0.0,0.0
100737,0.0,0.0,0.0
100738,0.0,0.0,0.0
100739,0.0,0.0,0.0
100740,0.0,0.0,0.0
100741,0.0,0.0,0.0
100742,0.0,0.0,0.0
100743,0.0,0.0,0.0
100744,0.0,0.0,0.0
100745,0.0,0.0,0.0
100746,0.0,0.0,0.0
100747,0.0,0.0,0.0
100748,0.0,0.0,0.0
100749,0.0,0.0,0.0
100750,0.0,0.0,0.0
100751,0.0,0.0,0.0
100752,0.0,0.0,0.0
100753,0.0,0.0,0.0
100754,0.0,0.0,0.0
100755,0.0,0.0,0.0
100756,0.0,0.0,0.0
100757,0.0,0.0,0.0
100758,0.0,0.0,0.0
100759,0.0,0.0,0.0
100760,0.0,0.0,0.0
100761,0.0,0.0,0.0
100762,0.0,0.0,0.0
100763,0.0,0.0,0.0
100764,0.0,0.0,0.0
100765,0.0,0.0,0.0
100766,0.0,0.0,0.0
100767,0.0,0.0,0.0
100768,0.0,0.0,0.0
100769,0.0,0.0,0.0
100770,0.0,0.0,0.0
100771,0.0,0.0,0.0
100772,0.0,0.0,0.0
100773,0.0,0.0,0.0
100774,0.0,0.0,0.0
100775,0.0,0.0,0.0
100776,0.0,0.0,0.0
100777,0.0,0.0,0.0
100778,0.0,0.0,0.0
100779,0.0,0.0,0.0
100780,0.0,0.0,0.0
100781,0.0,0.0,0.0
100782,0.0,0.0,0.0
100783,0.0,0.0,0.0
100784,0.0,0.0,0.0
100785,0.0,0.0,0.0
100786,0.0,0.0,0.0
100787,0.0,0.0,0.0
100788,0.0,0.0,0.0
100789,0.0,0.0,0.0
100790,0.0,0.0,0.0
100791,0.0,0.0,0.0
100792,0.0,0.0,0.0
100793,0.0,0.0,0.0
100794,0.0,0.0,0.0
100795,0.0,0.0,0.0
100796,0.0,0.0,0.0
100797,0.0,0.0,0.0
100798,0.0,0.0,0.0
100799,0.0,0.0,0.0
100800,0.0,0.0,0.0
100801,0.0,0.0,0.0
100802,0.0,0.0,0.0
100803,0.0,0.0,0.0
100804,0.0,0.0,0.0
100805,0.0,0.0,0.0
100806,0.0,0.0,0.0
100807,0.0,0.0,0.0
100808,0.0,0.0,0.0
100809,0.0,0.0,0.0
100810,0.0,0.0,0.0
100811,0.0,0.0,0.0
100812,0.0,0.0,0.0
100813,0.0,0.0,0.0
100814,0.0,0.0,0.0
100815,0.0,0.0,0.0
100816,0.0,0.0,0.0
100817,0.0,0.0,0.0
100818,0.0,0.0,0.0
100819,0.0,0.0,0.0
100820,0.0,0.0,0.0
100821,0.0,0.0,0.0
100822,0.0,0.0,0.0
100823,0.0,0.0,0.0
100824,0.0,0.0,0.0
100825,0.0,0.0,0.0
100826,0.0,0.0,0.0
100827,0.0,0.0,0.0
100828,0.0,0.0,0.0
100829,0.0,0.0,0.0
100830,0.0,0.0,0.0
100831,0.0,0.0,0.0
100832,0.0,0.0,0.0
100833,0.0,0.0,0.0
100834,0.0,0.0,0.0
100835,0.0,0.0,0.0
100836,0.0,0.0,0.0
100837,0.0,0.0,0.0
100838,0.0,0.0,0.0
100839,0.0,0.0,0.0
100840,0.0,0.0,0.0
100841,0.0,0.0,0.0
100842,0.0,0.0,0.0
100843,0.0,0.0,0.0
100844,0.0,0.0,0.0
100845,0.0,0.0,0.0
100846,0.0,0.0,0.0
100847,0.0,0.0,0.0
100848,0.0,0.0,0.0
100849,0.0,0.0,0.0
100850,0.0,0.0,0.0
100851,0.0,0.0,0.0
100852,0.0,0.0,0.0
100853,0.0,0.0,0.0
100854,0.0,0.0,0.0
100855,0.0,0.0,0.0
100856,0.0,0.0,0.0
100857,0.0,0.0,0.0
100858,0.0,0.0,0.0
100859,0.0,0.0,0.0
100860,0.0,0.0,0.0
100861,0.0,0.0,0.0
100862,0.0,0.0,0.0
100863,0.0,0.0,0.0
100864,0.0,0.0,0.0
100865,0.0,0.0,0.0
100866,0.0,0.0,0.0
100867,0.0,0.0,0.0
100868,0.0,0.0,0.0
100869,0.0,0.0,0.0
100870,0.0,0.0,0.0
100871,0.0,0.0,0.0
100872,0.0,0.0,0.0
100873,0.0,0.0,0.0
100874,0.0,0.0,0.0
100875,0.0,0.0,0.0
100876,0.0,0.0,0.0
100877,0.0,0.0,0.0
100878,0.0,0.0,0.0
100879,0.0,0.0,0.0
100880,0.0,0.0,0.0
100881,0.0,0.0,0.0
100882,0.0,0.0,0.0
100883,0.0,0.0,0.0
100884,0.0,0.0,0.0
100885,0.0,0.0,0.0
100886,0.0,0.0,0.0
100887,0.0,0.0,0.0
100888,0.0,0.0,0.0
100889,0.0,0.0,0.0
100890,0.0,0.0,0.0
100891,0.0,0.0,0.0
100892,0.0,0.0,0.0
100893,0.0,0.0,0.0
100894,0.0,0.0,0.0
100895,0.0,0.0,0.0
100896,0.0,0.0,0.0
100897,0.0,0.0,0.0
100898,0.0,0.0,0.0
100899,0.0,0.0,0.0
100900,0.0,0.0,0.0
100901,0.0,0.0,0.0
100902,0.0,0.0,0.0
100903,0.0,0.0,0.0
100904,0.0,0.0,0.0
100905,0.0,0.0,0.0
100906,0.0,0.0,0.0
100907,0.0,0.0,0.0
100908,0.0,0.0,0.0
100909,0.0,0.0,0.0
100910,0.0,0.0,0.0
100911,0.0,0.0,0.0
100912,0.0,0.0,0.0
100913,0.0,0.0,0.0
100914,0.0,0.0,0.0
100915,0.0,0.0,0.0
100916,0.0,0.0,0.0
100917,0.0,0.0,0.0
100918,0.0,0.0,0.0
100919,0.0,0.0,0.0
100920,0.0,0.0,0.0
100921,0.0,0.0,0.0
100922,0.0,0.0,0.0
100923,0.0,0.0,0.0
100924,0.0,0.0,0.0
100925,0.0,0.0,0.0
100926,0.0,0.0,0.0
100927,0.0,0.0,0.0
100928,0.0,0.0,0.0
100929,0.0,0.0,0.0
100930,0.0,0.0,0.0
100931,0.0,0.0,0.0
100932,0.0,0.0,0.0
100933,0.0,0.0,0.0
100934,0.0,0.0,0.0
100935,0.0,0.0,0.0
100936,0.0,0.0,0.0
100937,0.0,0.0,0.0
100938,0.0,0.0,0.0
100939,0.0,0.0,0.0
100940,0.0,0.0,0.0
100941,0.0,0.0,0.0
100942,0.0,0.0,0.0
100943,0.0,0.0,0.0
100944,0.0,0.0,0.0
100945,0.0,0.0,0.0
100946,0.0,0.0,0.0
100947,0.0,0.0,0.0
100948,0.0,0.0,0.0
100949,0.0,0.0,0.0
100950,0.0,0.0,0.0
100951,0.0,0.0,0.0
100952,0.0,0.0,0.0
100953,0.0,0.0,0.0
100954,0.0,0.0,0.0
100955,0.0,0.0,0.0
100956,0.0,0.0,0.0
100957,0.0,0.0,0.0
100958,0.0,0.0,0.0
100959,0.0,0.0,0.0
100960,0.0,0.0,0.0
100961,0.0,0.0,0.0
100962,0.0,0.0,0.0
100963,0.0,0.0,0.0
100964,0.0,0.0,0.0
100965,0.0,0.0,0.0
100966,0.0,0.0,0.0
100967,0.0,0.0,0.0
100968,0.0,0.0,0.0
100969,0.0,0.0,0.0
100970,0.0,0.0,0.0
100971,0.0,0.0,0.0
100972,0.0,0.0,0.0
100973,0.0,0.0,0.0
100974,0.0,0.0,0.0
100975,0.0,0.0,0.0
100976,0.0,0.0,0.0
100977,0.0,0.0,0.0
100978,0.0,0.0,0.0
100979,0.0,0.0,0.0
100980,0.0,0.0,0.0
100981,0.0,0.0,0.0
100982,0.0,0.0,0.0
100983,0.0,0.0,0.0
100984,0.0,0.0,0.0
100985,0.0,0.0,0.0
100986,0.0,0.0,0.0
100987,0.0,0.0,0.0
100988,0.0,0.0,0.0
100989,0.0,0.0,0.0
100990,0.0,0.0,0.0
100991,0.0,0.0,0.0
100992,0.0,0.0,0.0
100993,0.0,0.0,0.0
100994,0.0,0.0,0.0
100995,0.0,0.0,0.0
100996,0.0,0.0,0.0
100997,0.0,0.0,0.0
100998,0.0,0.0,0.0
100999,0.0,0.0,0.0
101000,0.0,0.0,0.0
101001,0.0,0.0,0.0
101002,0.0,0.0,0.0
101003,0.0,0.0,0.0
101004,0.0,0.0,0.0
101005,0.0,0.0,0.0
101006,0.0,0.0,0.0
101007,0.0,0.0,0.0
101008,0.0,0.0,0.0
101009,0.0,0.0,0.0
101010,0.0,0.0,0.0
101011,0.0,0.0,0.0
101012,0.0,0.0,0.0
101013,0.0,0.0,0.0
101014,0.0,0.0,0.0
101015,0.0,0.0,0.0
101016,0.0,0.0,0.0
101017,0.0,0.0,0.0
101018,0.0,0.0,0.0
101019,0.0,0.0,0.0
101020,0.0,0.0,0.0
101021,0.0,0.0,0.0
101022,0.0,0.0,0.0
101023,0.0,0.0,0.0
101024,0.0,0.0,0.0
101025,0.0,0.0,0.0
101026,0.0,0.0,0.0
101027,0.0,0.0,0.0
101028,0.0,0.0,0.0
101029,0.0,0.0,0.0
101030,0.0,0.0,0.0
101031,0.0,0.0,0.0
101032,0.0,0.0,0.0
101033,0.0,0.0,0.0
101034,0.0,0.0,0.0
101035,0.0,0.0,0.0
101036,0.0,0.0,0.0
101037,0.0,0.0,0.0
101038,0.0,0.0,0.0
101039,0.0,0.0,0.0
101040,0.0,0.0,0.0
101041,0.0,0.0,0.0
101042,0.0,0.0,0.0
101043,0.0,0.0,0.0
101044,0.0,0.0,0.0
101045,0.0,0.0,0.0
101046,0.0,0.0,0.0
101047,0.0,0.0,0.0
101048,0.0,0.0,0.0
101049,0.0,0.0,0.0
101050,0.0,0.0,0.0
101051,0.0,0.0,0.0
101052,0.0,0.0,0.0
101053,0.0,0.0,0.0
101054,0.0,0.0,0.0
101055,0.0,0.0,0.0
101056,0.0,0.0,0.0
101057,0.0,0.0,0.0
101058,0.0,0.0,0.0
101059,0.0,0.0,0.0
101060,0.0,0.0,0.0
101061,0.0,0.0,0.0
101062,0.0,0.0,0.0
101063,0.0,0.0,0.0
101064,0.0,0.0,0.0
101065,0.0,0.0,0.0
101066,0.0,0.0,0.0
101067,0.0,0.0,0.0
101068,0.0,0.0,0.0
101069,0.0,0.0,0.0
101070,0.0,0.0,0.0
101071,0.0,0.0,0.0
101072,0.0,0.0,0.0
101073,0.0,0.0,0.0
101074,0.0,0.0,0.0
101075,0.0,0.0,0.0
101076,0.0,0.0,0.0
101077,0.0,0.0,0.0
101078,0.0,0.0,0.0
101079,0.0,0.0,0.0
101080,0.0,0.0,0.0
101081,0.0,0.0,0.0
101082,0.0,0.0,0.0
101083,0.0,0.0,0.0
101084,0.0,0.0,0.0
101085,0.0,0.0,0.0
101086,0.0,0.0,0.0
101087,0.0,0.0,0.0
101088,0.0,0.0,0.0
101089,0.0,0.0,0.0
101090,0.0,0.0,0.0
101091,0.0,0.0,0.0
101092,0.0,0.0,0.0
101093,0.0,0.0,0.0
101094,0.0,0.0,0.0
101095,0.0,0.0,0.0
101096,0.0,0.0,0.0
101097,0.0,0.0,0.0
101098,0.0,0.0,0.0
101099,0.0,0.0,0.0
101100,0.0,0.0,0.0
101101,0.0,0.0,0.0
101102,0.0,0.0,0.0
101103,0.0,0.0,0.0
101104,0.0,0.0,0.0
101105,0.0,0.0,0.0
101106,0.0,0.0,0.0
101107,0.0,0.0,0.0
101108,0.0,0.0,0.0
101109,0.0,0.0,0.0
101110,0.0,0.0,0.0
101111,0.0,0.0,0.0
101112,0.0,0.0,0.0
101113,0.0,0.0,0.0
101114,0.0,0.0,0.0
101115,0.0,0.0,0.0
101116,0.0,0.0,0.0
101117,0.0,0.0,0.0
101118,0.0,0.0,0.0
101119,0.0,0.0,0.0
101120,0.0,0.0,0.0
101121,0.0,0.0,0.0
101122,0.0,0.0,0.0
101123,0.0,0.0,0.0
101124,0.0,0.0,0.0
101125,0.0,0.0,0.0
101126,0.0,0.0,0.0
101127,0.0,0.0,0.0
101128,0.0,0.0,0.0
101129,0.0,0.0,0.0
101130,0.0,0.0,0.0
101131,0.0,0.0,0.0
101132,0.0,0.0,0.0
101133,0.0,0.0,0.0
101134,0.0,0.0,0.0
101135,0.0,0.0,0.0
101136,0.0,0.0,0.0
101137,0.0,0.0,0.0
101138,0.0,0.0,0.0
101139,0.0,0.0,0.0
101140,0.0,0.0,0.0
101141,0.0,0.0,0.0
101142,0.0,0.0,0.0
101143,0.0,0.0,0.0
101144,0.0,0.0,0.0
101145,0.0,0.0,0.0
101146,0.0,0.0,0.0
101147,0.0,0.0,0.0
101148,0.0,0.0,0.0
101149,0.0,0.0,0.0
101150,0.0,0.0,0.0
101151,0.0,0.0,0.0
101152,0.0,0.0,0.0
101153,0.0,0.0,0.0
101154,0.0,0.0,0.0
101155,0.0,0.0,0.0
101156,0.0,0.0,0.0
101157,0.0,0.0,0.0
101158,0.0,0.0,0.0
101159,0.0,0.0,0.0
101160,0.0,0.0,0.0
101161,0.0,0.0,0.0
101162,0.0,0.0,0.0
101163,0.0,0.0,0.0
101164,0.0,0.0,0.0
101165,0.0,0.0,0.0
101166,0.0,0.0,0.0
101167,0.0,0.0,0.0
101168,0.0,0.0,0.0
101169,0.0,0.0,0.0
101170,0.0,0.0,0.0
101171,0.0,0.0,0.0
101172,0.0,0.0,0.0
101173,0.0,0.0,0.0
101174,0.0,0.0,0.0
101175,0.0,0.0,0.0
101176,0.0,0.0,0.0
101177,0.0,0.0,0.0
101178,0.0,0.0,0.0
101179,0.0,0.0,0.0
101180,0.0,0.0,0.0
101181,0.0,0.0,0.0
101182,0.0,0.0,0.0
101183,0.0,0.0,0.0
101184,0.0,0.0,0.0
101185,0.0,0.0,0.0
101186,0.0,0.0,0.0
101187,0.0,0.0,0.0
101188,0.0,0.0,0.0
101189,0.0,0.0,0.0
101190,0.0,0.0,0.0
101191,0.0,0.0,0.0
101192,0.0,0.0,0.0
101193,0.0,0.0,0.0
101194,0.0,0.0,0.0
101195,0.0,0.0,0.0
101196,0.0,0.0,0.0
101197,0.0,0.0,0.0
101198,0.0,0.0,0.0
101199,0.0,0.0,0.0
101200,0.0,0.0,0.0
101201,0.0,0.0,0.0
101202,0.0,0.0,0.0
101203,0.0,0.0,0.0
101204,0.0,0.0,0.0
101205,0.0,0.0,0.0
101206,0.0,0.0,0.0
101207,0.0,0.0,0.0
101208,0.0,0.0,0.0
101209,0.0,0.0,0.0
101210,0.0,0.0,0.0
101211,0.0,0.0,0.0
101212,0.0,0.0,0.0
101213,0.0,0.0,0.0
101214,0.0,0.0,0.0
101215,0.0,0.0,0.0
101216,0.0,0.0,0.0
101217,0.0,0.0,0.0
101218,0.0,0.0,0.0
101219,0.0,0.0,0.0
101220,0.0,0.0,0.0
101221,0.0,0.0,0.0
101222,0.0,0.0,0.0
101223,0.0,0.0,0.0
101224,0.0,0.0,0.0
101225,0.0,0.0,0.0
101226,0.0,0.0,0.0
101227,0.0,0.0,0.0
101228,0.0,0.0,0.0
101229,0.0,0.0,0.0
101230,0.0,0.0,0.0
101231,0.0,0.0,0.0
101232,0.0,0.0,0.0
101233,0.0,0.0,0.0
101234,0.0,0.0,0.0
101235,0.0,0.0,0.0
101236,0.0,0.0,0.0
101237,0.0,0.0,0.0
101238,0.0,0.0,0.0
101239,0.0,0.0,0.0
101240,0.0,0.0,0.0
101241,0.0,0.0,0.0
101242,0.0,0.0,0.0
101243,0.0,0.0,0.0
101244,0.0,0.0,0.0
101245,0.0,0.0,0.0
101246,0.0,0.0,0.0
101247,0.0,0.0,0.0
101248,0.0,0.0,0.0
101249,0.0,0.0,0.0
101250,0.0,0.0,0.0
101251,0.0,0.0,0.0
101252,0.0,0.0,0.0
101253,0.0,0.0,0.0
101254,0.0,0.0,0.0
101255,0.0,0.0,0.0
101256,0.0,0.0,0.0
101257,0.0,0.0,0.0
101258,0.0,0.0,0.0
101259,0.0,0.0,0.0
101260,0.0,0.0,0.0
101261,0.0,0.0,0.0
101262,0.0,0.0,0.0
101263,0.0,0.0,0.0
101264,0.0,0.0,0.0
101265,0.0,0.0,0.0
101266,0.0,0.0,0.0
101267,0.0,0.0,0.0
101268,0.0,0.0,0.0
101269,0.0,0.0,0.0
101270,0.0,0.0,0.0
101271,0.0,0.0,0.0
101272,0.0,0.0,0.0
101273,0.0,0.0,0.0
101274,0.0,0.0,0.0
101275,0.0,0.0,0.0
101276,0.0,0.0,0.0
101277,0.0,0.0,0.0
101278,0.0,0.0,0.0
101279,0.0,0.0,0.0
101280,0.0,0.0,0.0
101281,0.0,0.0,0.0
101282,0.0,0.0,0.0
101283,0.0,0.0,0.0
101284,0.0,0.0,0.0
101285,0.0,0.0,0.0
101286,0.0,0.0,0.0
101287,0.0,0.0,0.0
101288,0.0,0.0,0.0
101289,0.0,0.0,0.0
101290,0.0,0.0,0.0
101291,0.0,0.0,0.0
101292,0.0,0.0,0.0
101293,0.0,0.0,0.0
101294,0.0,0.0,0.0
101295,0.0,0.0,0.0
101296,0.0,0.0,0.0
101297,0.0,0.0,0.0
101298,0.0,0.0,0.0
101299,0.0,0.0,0.0
101300,0.0,0.0,0.0
101301,0.0,0.0,0.0
101302,0.0,0.0,0.0
101303,0.0,0.0,0.0
101304,0.0,0.0,0.0
101305,0.0,0.0,0.0
101306,0.0,0.0,0.0
101307,0.0,0.0,0.0
101308,0.0,0.0,0.0
101309,0.0,0.0,0.0
101310,0.0,0.0,0.0
101311,0.0,0.0,0.0
101312,0.0,0.0,0.0
101313,0.0,0.0,0.0
101314,0.0,0.0,0.0
101315,0.0,0.0,0.0
101316,0.0,0.0,0.0
101317,0.0,0.0,0.0
101318,0.0,0.0,0.0
101319,0.0,0.0,0.0
101320,0.0,0.0,0.0
101321,0.0,0.0,0.0
101322,0.0,0.0,0.0
101323,0.0,0.0,0.0
101324,0.0,0.0,0.0
101325,0.0,0.0,0.0
101326,0.0,0.0,0.0
101327,0.0,0.0,0.0
101328,0.0,0.0,0.0
101329,0.0,0.0,0.0
101330,0.0,0.0,0.0
101331,0.0,0.0,0.0
101332,0.0,0.0,0.0
101333,0.0,0.0,0.0
101334,0.0,0.0,0.0
101335,0.0,0.0,0.0
101336,0.0,0.0,0.0
101337,0.0,0.0,0.0
101338,0.0,0.0,0.0
101339,0.0,0.0,0.0
101340,0.0,0.0,0.0
101341,0.0,0.0,0.0
101342,0.0,0.0,0.0
101343,0.0,0.0,0.0
101344,0.0,0.0,0.0
101345,0.0,0.0,0.0
101346,0.0,0.0,0.0
101347,0.0,0.0,0.0
101348,0.0,0.0,0.0
101349,0.0,0.0,0.0
101350,0.0,0.0,0.0
101351,0.0,0.0,0.0
101352,0.0,0.0,0.0
101353,0.0,0.0,0.0
101354,0.0,0.0,0.0
101355,0.0,0.0,0.0
101356,0.0,0.0,0.0
101357,0.0,0.0,0.0
101358,0.0,0.0,0.0
101359,0.0,0.0,0.0
101360,0.0,0.0,0.0
101361,0.0,0.0,0.0
101362,0.0,0.0,0.0
101363,0.0,0.0,0.0
101364,0.0,0.0,0.0
101365,0.0,0.0,0.0
101366,0.0,0.0,0.0
101367,0.0,0.0,0.0
101368,0.0,0.0,0.0
101369,0.0,0.0,0.0
101370,0.0,0.0,0.0
101371,0.0,0.0,0.0
101372,0.0,0.0,0.0
101373,0.0,0.0,0.0
101374,0.0,0.0,0.0
101375,0.0,0.0,0.0
101376,0.0,0.0,0.0
101377,0.0,0.0,0.0
101378,0.0,0.0,0.0
101379,0.0,0.0,0.0
101380,0.0,0.0,0.0
101381,0.0,0.0,0.0
101382,0.0,0.0,0.0
101383,0.0,0.0,0.0
101384,0.0,0.0,0.0
101385,0.0,0.0,0.0
101386,0.0,0.0,0.0
101387,0.0,0.0,0.0
101388,0.0,0.0,0.0
101389,0.0,0.0,0.0
101390,0.0,0.0,0.0
101391,0.0,0.0,0.0
101392,0.0,0.0,0.0
101393,0.0,0.0,0.0
101394,0.0,0.0,0.0
101395,0.0,0.0,0.0
101396,0.0,0.0,0.0
101397,0.0,0.0,0.0
101398,0.0,0.0,0.0
101399,0.0,0.0,0.0
101400,0.0,0.0,0.0
101401,0.0,0.0,0.0
101402,0.0,0.0,0.0
101403,0.0,0.0,0.0
101404,0.0,0.0,0.0
101405,0.0,0.0,0.0
101406,0.0,0.0,0.0
101407,0.0,0.0,0.0
101408,0.0,0.0,0.0
101409,0.0,0.0,0.0
101410,0.0,0.0,0.0
101411,0.0,0.0,0.0
101412,0.0,0.0,0.0
101413,0.0,0.0,0.0
101414,0.0,0.0,0.0
101415,0.0,0.0,0.0
101416,0.0,0.0,0.0
101417,0.0,0.0,0.0
101418,0.0,0.0,0.0
101419,0.0,0.0,0.0
101420,0.0,0.0,0.0
101421,0.0,0.0,0.0
101422,0.0,0.0,0.0
101423,0.0,0.0,0.0
101424,0.0,0.0,0.0
101425,0.0,0.0,0.0
101426,0.0,0.0,0.0
101427,0.0,0.0,0.0
101428,0.0,0.0,0.0
101429,0.0,0.0,0.0
101430,0.0,0.0,0.0
101431,0.0,0.0,0.0
101432,0.0,0.0,0.0
101433,0.0,0.0,0.0
101434,0.0,0.0,0.0
101435,0.0,0.0,0.0
101436,0.0,0.0,0.0
101437,0.0,0.0,0.0
101438,0.0,0.0,0.0
101439,0.0,0.0,0.0
101440,0.0,0.0,0.0
101441,0.0,0.0,0.0
101442,0.0,0.0,0.0
101443,0.0,0.0,0.0
101444,0.0,0.0,0.0
101445,0.0,0.0,0.0
101446,0.0,0.0,0.0
101447,0.0,0.0,0.0
101448,0.0,0.0,0.0
101449,0.0,0.0,0.0
101450,0.0,0.0,0.0
101451,0.0,0.0,0.0
101452,0.0,0.0,0.0
101453,0.0,0.0,0.0
101454,0.0,0.0,0.0
101455,0.0,0.0,0.0
101456,0.0,0.0,0.0
101457,0.0,0.0,0.0
101458,0.0,0.0,0.0
101459,0.0,0.0,0.0
101460,0.0,0.0,0.0
101461,0.0,0.0,0.0
101462,0.0,0.0,0.0
101463,0.0,0.0,0.0
101464,0.0,0.0,0.0
101465,0.0,0.0,0.0
101466,0.0,0.0,0.0
101467,0.0,0.0,0.0
101468,0.0,0.0,0.0
101469,0.0,0.0,0.0
101470,0.0,0.0,0.0
101471,0.0,0.0,0.0
101472,0.0,0.0,0.0
101473,0.0,0.0,0.0
101474,0.0,0.0,0.0
101475,0.0,0.0,0.0
101476,0.0,0.0,0.0
101477,0.0,0.0,0.0
101478,0.0,0.0,0.0
101479,0.0,0.0,0.0
101480,0.0,0.0,0.0
101481,0.0,0.0,0.0
101482,0.0,0.0,0.0
101483,0.0,0.0,0.0
101484,0.0,0.0,0.0
101485,0.0,0.0,0.0
101486,0.0,0.0,0.0
101487,0.0,0.0,0.0
101488,0.0,0.0,0.0
101489,0.0,0.0,0.0
101490,0.0,0.0,0.0
101491,0.0,0.0,0.0
101492,0.0,0.0,0.0
101493,0.0,0.0,0.0
101494,0.0,0.0,0.0
101495,0.0,0.0,0.0
101496,0.0,0.0,0.0
101497,0.0,0.0,0.0
101498,0.0,0.0,0.0
101499,0.0,0.0,0.0
101500,0.0,0.0,0.0
101501,0.0,0.0,0.0
101502,0.0,0.0,0.0
101503,0.0,0.0,0.0
101504,0.0,0.0,0.0
101505,0.0,0.0,0.0
101506,0.0,0.0,0.0
101507,0.0,0.0,0.0
101508,0.0,0.0,0.0
101509,0.0,0.0,0.0
101510,0.0,0.0,0.0
101511,0.0,0.0,0.0
101512,0.0,0.0,0.0
101513,0.0,0.0,0.0
101514,0.0,0.0,0.0
101515,0.0,0.0,0.0
101516,0.0,0.0,0.0
101517,0.0,0.0,0.0
101518,0.0,0.0,0.0
101519,0.0,0.0,0.0
101520,0.0,0.0,0.0
101521,0.0,0.0,0.0
101522,0.0,0.0,0.0
101523,0.0,0.0,0.0
101524,0.0,0.0,0.0
101525,0.0,0.0,0.0
101526,0.0,0.0,0.0
101527,0.0,0.0,0.0
101528,0.0,0.0,0.0
101529,0.0,0.0,0.0
101530,0.0,0.0,0.0
101531,0.0,0.0,0.0
101532,0.0,0.0,0.0
101533,0.0,0.0,0.0
101534,0.0,0.0,0.0
101535,0.0,0.0,0.0
101536,0.0,0.0,0.0
101537,0.0,0.0,0.0
101538,0.0,0.0,0.0
101539,0.0,0.0,0.0
101540,0.0,0.0,0.0
101541,0.0,0.0,0.0
101542,0.0,0.0,0.0
101543,0.0,0.0,0.0
101544,0.0,0.0,0.0
101545,0.0,0.0,0.0
101546,0.0,0.0,0.0
101547,0.0,0.0,0.0
101548,0.0,0.0,0.0
101549,0.0,0.0,0.0
101550,0.0,0.0,0.0
101551,0.0,0.0,0.0
101552,0.0,0.0,0.0
101553,0.0,0.0,0.0
101554,0.0,0.0,0.0
101555,0.0,0.0,0.0
101556,0.0,0.0,0.0
101557,0.0,0.0,0.0
101558,0.0,0.0,0.0
101559,0.0,0.0,0.0
101560,0.0,0.0,0.0
101561,0.0,0.0,0.0
101562,0.0,0.0,0.0
101563,0.0,0.0,0.0
101564,0.0,0.0,0.0
101565,0.0,0.0,0.0
101566,0.0,0.0,0.0
101567,0.0,0.0,0.0
101568,0.0,0.0,0.0
101569,0.0,0.0,0.0
101570,0.0,0.0,0.0
101571,0.0,0.0,0.0
101572,0.0,0.0,0.0
101573,0.0,0.0,0.0
101574,0.0,0.0,0.0
101575,0.0,0.0,0.0
101576,0.0,0.0,0.0
101577,0.0,0.0,0.0
101578,0.0,0.0,0.0
101579,0.0,0.0,0.0
101580,0.0,0.0,0.0
101581,0.0,0.0,0.0
101582,0.0,0.0,0.0
101583,0.0,0.0,0.0
101584,0.0,0.0,0.0
101585,0.0,0.0,0.0
101586,0.0,0.0,0.0
101587,0.0,0.0,0.0
101588,0.0,0.0,0.0
101589,0.0,0.0,0.0
101590,0.0,0.0,0.0
101591,0.0,0.0,0.0
101592,0.0,0.0,0.0
101593,0.0,0.0,0.0
101594,0.0,0.0,0.0
101595,0.0,0.0,0.0
101596,0.0,0.0,0.0
101597,0.0,0.0,0.0
101598,0.0,0.0,0.0
101599,0.0,0.0,0.0
101600,0.0,0.0,0.0
101601,0.0,0.0,0.0
101602,0.0,0.0,0.0
101603,0.0,0.0,0.0
101604,0.0,0.0,0.0
101605,0.0,0.0,0.0
101606,0.0,0.0,0.0
101607,0.0,0.0,0.0
101608,0.0,0.0,0.0
101609,0.0,0.0,0.0
101610,0.0,0.0,0.0
101611,0.0,0.0,0.0
101612,0.0,0.0,0.0
101613,0.0,0.0,0.0
101614,0.0,0.0,0.0
101615,0.0,0.0,0.0
101616,0.0,0.0,0.0
101617,0.0,0.0,0.0
101618,0.0,0.0,0.0
101619,0.0,0.0,0.0
101620,0.0,0.0,0.0
101621,0.0,0.0,0.0
101622,0.0,0.0,0.0
101623,0.0,0.0,0.0
101624,0.0,0.0,0.0
101625,0.0,0.0,0.0
101626,0.0,0.0,0.0
101627,0.0,0.0,0.0
101628,0.0,0.0,0.0
101629,0.0,0.0,0.0
101630,0.0,0.0,0.0
101631,0.0,0.0,0.0
101632,0.0,0.0,0.0
101633,0.0,0.0,0.0
101634,0.0,0.0,0.0
101635,0.0,0.0,0.0
101636,0.0,0.0,0.0
101637,0.0,0.0,0.0
101638,0.0,0.0,0.0
101639,0.0,0.0,0.0
101640,0.0,0.0,0.0
101641,0.0,0.0,0.0
101642,0.0,0.0,0.0
101643,0.0,0.0,0.0
101644,0.0,0.0,0.0
101645,0.0,0.0,0.0
101646,0.0,0.0,0.0
101647,0.0,0.0,0.0
101648,0.0,0.0,0.0
101649,0.0,0.0,0.0
101650,0.0,0.0,0.0
101651,0.0,0.0,0.0
101652,0.0,0.0,0.0
101653,0.0,0.0,0.0
101654,0.0,0.0,0.0
101655,0.0,0.0,0.0
101656,0.0,0.0,0.0
101657,0.0,0.0,0.0
101658,0.0,0.0,0.0
101659,0.0,0.0,0.0
101660,0.0,0.0,0.0
101661,0.0,0.0,0.0
101662,0.0,0.0,0.0
101663,0.0,0.0,0.0
101664,0.0,0.0,0.0
101665,0.0,0.0,0.0
101666,0.0,0.0,0.0
101667,0.0,0.0,0.0
101668,0.0,0.0,0.0
101669,0.0,0.0,0.0
101670,0.0,0.0,0.0
101671,0.0,0.0,0.0
101672,0.0,0.0,0.0
101673,0.0,0.0,0.0
101674,0.0,0.0,0.0
101675,0.0,0.0,0.0
101676,0.0,0.0,0.0
101677,0.0,0.0,0.0
101678,0.0,0.0,0.0
101679,0.0,0.0,0.0
101680,0.0,0.0,0.0
101681,0.0,0.0,0.0
101682,0.0,0.0,0.0
101683,0.0,0.0,0.0
101684,0.0,0.0,0.0
101685,0.0,0.0,0.0
101686,0.0,0.0,0.0
101687,0.0,0.0,0.0
101688,0.0,0.0,0.0
101689,0.0,0.0,0.0
101690,0.0,0.0,0.0
101691,0.0,0.0,0.0
101692,0.0,0.0,0.0
101693,0.0,0.0,0.0
101694,0.0,0.0,0.0
101695,0.0,0.0,0.0
101696,0.0,0.0,0.0
101697,0.0,0.0,0.0
101698,0.0,0.0,0.0
101699,0.0,0.0,0.0
101700,0.0,0.0,0.0
101701,0.0,0.0,0.0
101702,0.0,0.0,0.0
101703,0.0,0.0,0.0
101704,0.0,0.0,0.0
101705,0.0,0.0,0.0
101706,0.0,0.0,0.0
101707,0.0,0.0,0.0
101708,0.0,0.0,0.0
101709,0.0,0.0,0.0
101710,0.0,0.0,0.0
101711,0.0,0.0,0.0
101712,0.0,0.0,0.0
101713,0.0,0.0,0.0
101714,0.0,0.0,0.0
101715,0.0,0.0,0.0
101716,0.0,0.0,0.0
101717,0.0,0.0,0.0
101718,0.0,0.0,0.0
101719,0.0,0.0,0.0
101720,0.0,0.0,0.0
101721,0.0,0.0,0.0
101722,0.0,0.0,0.0
101723,0.0,0.0,0.0
101724,0.0,0.0,0.0
101725,0.0,0.0,0.0
101726,0.0,0.0,0.0
101727,0.0,0.0,0.0
101728,0.0,0.0,0.0
101729,0.0,0.0,0.0
101730,0.0,0.0,0.0
101731,0.0,0.0,0.0
101732,0.0,0.0,0.0
101733,0.0,0.0,0.0
101734,0.0,0.0,0.0
101735,0.0,0.0,0.0
101736,0.0,0.0,0.0
101737,0.0,0.0,0.0
101738,0.0,0.0,0.0
101739,0.0,0.0,0.0
101740,0.0,0.0,0.0
101741,0.0,0.0,0.0
101742,0.0,0.0,0.0
101743,0.0,0.0,0.0
101744,0.0,0.0,0.0
101745,0.0,0.0,0.0
101746,0.0,0.0,0.0
101747,0.0,0.0,0.0
101748,0.0,0.0,0.0
101749,0.0,0.0,0.0
101750,0.0,0.0,0.0
101751,0.0,0.0,0.0
101752,0.0,0.0,0.0
101753,0.0,0.0,0.0
101754,0.0,0.0,0.0
101755,0.0,0.0,0.0
101756,0.0,0.0,0.0
101757,0.0,0.0,0.0
101758,0.0,0.0,0.0
101759,0.0,0.0,0.0
101760,0.0,0.0,0.0
101761,0.0,0.0,0.0
101762,0.0,0.0,0.0
101763,0.0,0.0,0.0
101764,0.0,0.0,0.0
101765,0.0,0.0,0.0
101766,0.0,0.0,0.0
101767,0.0,0.0,0.0
101768,0.0,0.0,0.0
101769,0.0,0.0,0.0
101770,0.0,0.0,0.0
101771,0.0,0.0,0.0
101772,0.0,0.0,0.0
101773,0.0,0.0,0.0
101774,0.0,0.0,0.0
101775,0.0,0.0,0.0
101776,0.0,0.0,0.0
101777,0.0,0.0,0.0
101778,0.0,0.0,0.0
101779,0.0,0.0,0.0
101780,0.0,0.0,0.0
101781,0.0,0.0,0.0
101782,0.0,0.0,0.0
101783,0.0,0.0,0.0
101784,0.0,0.0,0.0
101785,0.0,0.0,0.0
101786,0.0,0.0,0.0
101787,0.0,0.0,0.0
101788,0.0,0.0,0.0
101789,0.0,0.0,0.0
101790,0.0,0.0,0.0
101791,0.0,0.0,0.0
101792,0.0,0.0,0.0
101793,0.0,0.0,0.0
101794,0.0,0.0,0.0
101795,0.0,0.0,0.0
101796,0.0,0.0,0.0
101797,0.0,0.0,0.0
101798,0.0,0.0,0.0
101799,0.0,0.0,0.0
101800,0.0,0.0,0.0
101801,0.0,0.0,0.0
101802,0.0,0.0,0.0
101803,0.0,0.0,0.0
101804,0.0,0.0,0.0
101805,0.0,0.0,0.0
101806,0.0,0.0,0.0
101807,0.0,0.0,0.0
101808,0.0,0.0,0.0
101809,0.0,0.0,0.0
101810,0.0,0.0,0.0
101811,0.0,0.0,0.0
101812,0.0,0.0,0.0
101813,0.0,0.0,0.0
101814,0.0,0.0,0.0
101815,0.0,0.0,0.0
101816,0.0,0.0,0.0
101817,0.0,0.0,0.0
101818,0.0,0.0,0.0
101819,0.0,0.0,0.0
101820,0.0,0.0,0.0
101821,0.0,0.0,0.0
101822,0.0,0.0,0.0
101823,0.0,0.0,0.0
101824,0.0,0.0,0.0
101825,0.0,0.0,0.0
101826,0.0,0.0,0.0
101827,0.0,0.0,0.0
101828,0.0,0.0,0.0
101829,0.0,0.0,0.0
101830,0.0,0.0,0.0
101831,0.0,0.0,0.0
101832,0.0,0.0,0.0
101833,0.0,0.0,0.0
101834,0.0,0.0,0.0
101835,0.0,0.0,0.0
101836,0.0,0.0,0.0
101837,0.0,0.0,0.0
101838,0.0,0.0,0.0
101839,0.0,0.0,0.0
101840,0.0,0.0,0.0
101841,0.0,0.0,0.0
101842,0.0,0.0,0.0
101843,0.0,0.0,0.0
101844,0.0,0.0,0.0
101845,0.0,0.0,0.0
101846,0.0,0.0,0.0
101847,0.0,0.0,0.0
101848,0.0,0.0,0.0
101849,0.0,0.0,0.0
101850,0.0,0.0,0.0
101851,0.0,0.0,0.0
101852,0.0,0.0,0.0
101853,0.0,0.0,0.0
101854,0.0,0.0,0.0
101855,0.0,0.0,0.0
101856,0.0,0.0,0.0
101857,0.0,0.0,0.0
101858,0.0,0.0,0.0
101859,0.0,0.0,0.0
101860,0.0,0.0,0.0
101861,0.0,0.0,0.0
101862,0.0,0.0,0.0
101863,0.0,0.0,0.0
101864,0.0,0.0,0.0
101865,0.0,0.0,0.0
101866,0.0,0.0,0.0
101867,0.0,0.0,0.0
101868,0.0,0.0,0.0
101869,0.0,0.0,0.0
101870,0.0,0.0,0.0
101871,0.0,0.0,0.0
101872,0.0,0.0,0.0
101873,0.0,0.0,0.0
101874,0.0,0.0,0.0
101875,0.0,0.0,0.0
101876,0.0,0.0,0.0
101877,0.0,0.0,0.0
101878,0.0,0.0,0.0
101879,0.0,0.0,0.0
101880,0.0,0.0,0.0
101881,0.0,0.0,0.0
101882,0.0,0.0,0.0
101883,0.0,0.0,0.0
101884,0.0,0.0,0.0
101885,0.0,0.0,0.0
101886,0.0,0.0,0.0
101887,0.0,0.0,0.0
101888,0.0,0.0,0.0
101889,0.0,0.0,0.0
101890,0.0,0.0,0.0
101891,0.0,0.0,0.0
101892,0.0,0.0,0.0
101893,0.0,0.0,0.0
101894,0.0,0.0,0.0
101895,0.0,0.0,0.0
101896,0.0,0.0,0.0
101897,0.0,0.0,0.0
101898,0.0,0.0,0.0
101899,0.0,0.0,0.0
101900,0.0,0.0,0.0
101901,0.0,0.0,0.0
101902,0.0,0.0,0.0
101903,0.0,0.0,0.0
101904,0.0,0.0,0.0
101905,0.0,0.0,0.0
101906,0.0,0.0,0.0
101907,0.0,0.0,0.0
101908,0.0,0.0,0.0
101909,0.0,0.0,0.0
101910,0.0,0.0,0.0
101911,0.0,0.0,0.0
101912,0.0,0.0,0.0
101913,0.0,0.0,0.0
101914,0.0,0.0,0.0
101915,0.0,0.0,0.0
101916,0.0,0.0,0.0
101917,0.0,0.0,0.0
101918,0.0,0.0,0.0
101919,0.0,0.0,0.0
101920,0.0,0.0,0.0
101921,0.0,0.0,0.0
101922,0.0,0.0,0.0
101923,0.0,0.0,0.0
101924,0.0,0.0,0.0
101925,0.0,0.0,0.0
101926,0.0,0.0,0.0
101927,0.0,0.0,0.0
101928,0.0,0.0,0.0
101929,0.0,0.0,0.0
101930,0.0,0.0,0.0
101931,0.0,0.0,0.0
101932,0.0,0.0,0.0
101933,0.0,0.0,0.0
101934,0.0,0.0,0.0
101935,0.0,0.0,0.0
101936,0.0,0.0,0.0
101937,0.0,0.0,0.0
101938,0.0,0.0,0.0
101939,0.0,0.0,0.0
101940,0.0,0.0,0.0
101941,0.0,0.0,0.0
101942,0.0,0.0,0.0
101943,0.0,0.0,0.0
101944,0.0,0.0,0.0
101945,0.0,0.0,0.0
101946,0.0,0.0,0.0
101947,0.0,0.0,0.0
101948,0.0,0.0,0.0
101949,0.0,0.0,0.0
101950,0.0,0.0,0.0
101951,0.0,0.0,0.0
101952,0.0,0.0,0.0
101953,0.0,0.0,0.0
101954,0.0,0.0,0.0
101955,0.0,0.0,0.0
101956,0.0,0.0,0.0
101957,0.0,0.0,0.0
101958,0.0,0.0,0.0
101959,0.0,0.0,0.0
101960,0.0,0.0,0.0
101961,0.0,0.0,0.0
101962,0.0,0.0,0.0
101963,0.0,0.0,0.0
101964,0.0,0.0,0.0
101965,0.0,0.0,0.0
101966,0.0,0.0,0.0
101967,0.0,0.0,0.0
101968,0.0,0.0,0.0
101969,0.0,0.0,0.0
101970,0.0,0.0,0.0
101971,0.0,0.0,0.0
101972,0.0,0.0,0.0
101973,0.0,0.0,0.0
101974,0.0,0.0,0.0
101975,0.0,0.0,0.0
101976,0.0,0.0,0.0
101977,0.0,0.0,0.0
101978,0.0,0.0,0.0
101979,0.0,0.0,0.0
101980,0.0,0.0,0.0
101981,0.0,0.0,0.0
101982,0.0,0.0,0.0
101983,0.0,0.0,0.0
101984,0.0,0.0,0.0
101985,0.0,0.0,0.0
101986,0.0,0.0,0.0
101987,0.0,0.0,0.0
101988,0.0,0.0,0.0
101989,0.0,0.0,0.0
101990,0.0,0.0,0.0
101991,0.0,0.0,0.0
101992,0.0,0.0,0.0
101993,0.0,0.0,0.0
101994,0.0,0.0,0.0
101995,0.0,0.0,0.0
101996,0.0,0.0,0.0
101997,0.0,0.0,0.0
101998,0.0,0.0,0.0
101999,0.0,0.0,0.0
102000,0.0,0.0,0.0
102001,0.0,0.0,0.0
102002,0.0,0.0,0.0
102003,0.0,0.0,0.0
102004,0.0,0.0,0.0
102005,0.0,0.0,0.0
102006,0.0,0.0,0.0
102007,0.0,0.0,0.0
102008,0.0,0.0,0.0
102009,0.0,0.0,0.0
102010,0.0,0.0,0.0
102011,0.0,0.0,0.0
102012,0.0,0.0,0.0
102013,0.0,0.0,0.0
102014,0.0,0.0,0.0
102015,0.0,0.0,0.0
102016,0.0,0.0,0.0
102017,0.0,0.0,0.0
102018,0.0,0.0,0.0
102019,0.0,0.0,0.0
102020,0.0,0.0,0.0
102021,0.0,0.0,0.0
102022,0.0,0.0,0.0
102023,0.0,0.0,0.0
102024,0.0,0.0,0.0
102025,0.0,0.0,0.0
102026,0.0,0.0,0.0
102027,0.0,0.0,0.0
102028,0.0,0.0,0.0
102029,0.0,0.0,0.0
102030,0.0,0.0,0.0
102031,0.0,0.0,0.0
102032,0.0,0.0,0.0
102033,0.0,0.0,0.0
102034,0.0,0.0,0.0
102035,0.0,0.0,0.0
102036,0.0,0.0,0.0
102037,0.0,0.0,0.0
102038,0.0,0.0,0.0
102039,0.0,0.0,0.0
102040,0.0,0.0,0.0
102041,0.0,0.0,0.0
102042,0.0,0.0,0.0
102043,0.0,0.0,0.0
102044,0.0,0.0,0.0
102045,0.0,0.0,0.0
102046,0.0,0.0,0.0
102047,0.0,0.0,0.0
102048,0.0,0.0,0.0
102049,0.0,0.0,0.0
102050,0.0,0.0,0.0
102051,0.0,0.0,0.0
102052,0.0,0.0,0.0
102053,0.0,0.0,0.0
102054,0.0,0.0,0.0
102055,0.0,0.0,0.0
102056,0.0,0.0,0.0
102057,0.0,0.0,0.0
102058,0.0,0.0,0.0
102059,0.0,0.0,0.0
102060,0.0,0.0,0.0
102061,0.0,0.0,0.0
102062,0.0,0.0,0.0
102063,0.0,0.0,0.0
102064,0.0,0.0,0.0
102065,0.0,0.0,0.0
102066,0.0,0.0,0.0
102067,0.0,0.0,0.0
102068,0.0,0.0,0.0
102069,0.0,0.0,0.0
102070,0.0,0.0,0.0
102071,0.0,0.0,0.0
102072,0.0,0.0,0.0
102073,0.0,0.0,0.0
102074,0.0,0.0,0.0
102075,0.0,0.0,0.0
102076,0.0,0.0,0.0
102077,0.0,0.0,0.0
102078,0.0,0.0,0.0
102079,0.0,0.0,0.0
102080,0.0,0.0,0.0
102081,0.0,0.0,0.0
102082,0.0,0.0,0.0
102083,0.0,0.0,0.0
102084,0.0,0.0,0.0
102085,0.0,0.0,0.0
102086,0.0,0.0,0.0
102087,0.0,0.0,0.0
102088,0.0,0.0,0.0
102089,0.0,0.0,0.0
102090,0.0,0.0,0.0
102091,0.0,0.0,0.0
102092,0.0,0.0,0.0
102093,0.0,0.0,0.0
102094,0.0,0.0,0.0
102095,0.0,0.0,0.0
102096,0.0,0.0,0.0
102097,0.0,0.0,0.0
102098,0.0,0.0,0.0
102099,0.0,0.0,0.0
102100,0.0,0.0,0.0
102101,0.0,0.0,0.0
102102,0.0,0.0,0.0
102103,0.0,0.0,0.0
102104,0.0,0.0,0.0
102105,0.0,0.0,0.0
102106,0.0,0.0,0.0
102107,0.0,0.0,0.0
102108,0.0,0.0,0.0
102109,0.0,0.0,0.0
102110,0.0,0.0,0.0
102111,0.0,0.0,0.0
102112,0.0,0.0,0.0
102113,0.0,0.0,0.0
102114,0.0,0.0,0.0
102115,0.0,0.0,0.0
102116,0.0,0.0,0.0
102117,0.0,0.0,0.0
102118,0.0,0.0,0.0
102119,0.0,0.0,0.0
102120,0.0,0.0,0.0
102121,0.0,0.0,0.0
102122,0.0,0.0,0.0
102123,0.0,0.0,0.0
102124,0.0,0.0,0.0
102125,0.0,0.0,0.0
102126,0.0,0.0,0.0
102127,0.0,0.0,0.0
102128,0.0,0.0,0.0
102129,0.0,0.0,0.0
102130,0.0,0.0,0.0
102131,0.0,0.0,0.0
102132,0.0,0.0,0.0
102133,0.0,0.0,0.0
102134,0.0,0.0,0.0
102135,0.0,0.0,0.0
102136,0.0,0.0,0.0
102137,0.0,0.0,0.0
102138,0.0,0.0,0.0
102139,0.0,0.0,0.0
102140,0.0,0.0,0.0
102141,0.0,0.0,0.0
102142,0.0,0.0,0.0
102143,0.0,0.0,0.0
102144,0.0,0.0,0.0
102145,0.0,0.0,0.0
102146,0.0,0.0,0.0
102147,0.0,0.0,0.0
102148,0.0,0.0,0.0
102149,0.0,0.0,0.0
102150,0.0,0.0,0.0
102151,0.0,0.0,0.0
102152,0.0,0.0,0.0
102153,0.0,0.0,0.0
102154,0.0,0.0,0.0
102155,0.0,0.0,0.0
102156,0.0,0.0,0.0
102157,0.0,0.0,0.0
102158,0.0,0.0,0.0
102159,0.0,0.0,0.0
102160,0.0,0.0,0.0
102161,0.0,0.0,0.0
102162,0.0,0.0,0.0
102163,0.0,0.0,0.0
102164,0.0,0.0,0.0
102165,0.0,0.0,0.0
102166,0.0,0.0,0.0
102167,0.0,0.0,0.0
102168,0.0,0.0,0.0
102169,0.0,0.0,0.0
102170,0.0,0.0,0.0
102171,0.0,0.0,0.0
102172,0.0,0.0,0.0
102173,0.0,0.0,0.0
102174,0.0,0.0,0.0
102175,0.0,0.0,0.0
102176,0.0,0.0,0.0
102177,0.0,0.0,0.0
102178,0.0,0.0,0.0
102179,0.0,0.0,0.0
102180,0.0,0.0,0.0
102181,0.0,0.0,0.0
102182,0.0,0.0,0.0
102183,0.0,0.0,0.0
102184,0.0,0.0,0.0
102185,0.0,0.0,0.0
102186,0.0,0.0,0.0
102187,0.0,0.0,0.0
102188,0.0,0.0,0.0
102189,0.0,0.0,0.0
102190,0.0,0.0,0.0
102191,0.0,0.0,0.0
102192,0.0,0.0,0.0
102193,0.0,0.0,0.0
102194,0.0,0.0,0.0
102195,0.0,0.0,0.0
102196,0.0,0.0,0.0
102197,0.0,0.0,0.0
102198,0.0,0.0,0.0
102199,0.0,0.0,0.0
102200,0.0,0.0,0.0
102201,0.0,0.0,0.0
102202,0.0,0.0,0.0
102203,0.0,0.0,0.0
102204,0.0,0.0,0.0
102205,0.0,0.0,0.0
102206,0.0,0.0,0.0
102207,0.0,0.0,0.0
102208,0.0,0.0,0.0
102209,0.0,0.0,0.0
102210,0.0,0.0,0.0
102211,0.0,0.0,0.0
102212,0.0,0.0,0.0
102213,0.0,0.0,0.0
102214,0.0,0.0,0.0
102215,0.0,0.0,0.0
102216,0.0,0.0,0.0
102217,0.0,0.0,0.0
102218,0.0,0.0,0.0
102219,0.0,0.0,0.0
102220,0.0,0.0,0.0
102221,0.0,0.0,0.0
102222,0.0,0.0,0.0
102223,0.0,0.0,0.0
102224,0.0,0.0,0.0
102225,0.0,0.0,0.0
102226,0.0,0.0,0.0
102227,0.0,0.0,0.0
102228,0.0,0.0,0.0
102229,0.0,0.0,0.0
102230,0.0,0.0,0.0
102231,0.0,0.0,0.0
102232,0.0,0.0,0.0
102233,0.0,0.0,0.0
102234,0.0,0.0,0.0
102235,0.0,0.0,0.0
102236,0.0,0.0,0.0
102237,0.0,0.0,0.0
102238,0.0,0.0,0.0
102239,0.0,0.0,0.0
102240,0.0,0.0,0.0
102241,0.0,0.0,0.0
102242,0.0,0.0,0.0
102243,0.0,0.0,0.0
102244,0.0,0.0,0.0
102245,0.0,0.0,0.0
102246,0.0,0.0,0.0
102247,0.0,0.0,0.0
102248,0.0,0.0,0.0
102249,0.0,0.0,0.0
102250,0.0,0.0,0.0
102251,0.0,0.0,0.0
102252,0.0,0.0,0.0
102253,0.0,0.0,0.0
102254,0.0,0.0,0.0
102255,0.0,0.0,0.0
102256,0.0,0.0,0.0
102257,0.0,0.0,0.0
102258,0.0,0.0,0.0
102259,0.0,0.0,0.0
102260,0.0,0.0,0.0
102261,0.0,0.0,0.0
102262,0.0,0.0,0.0
102263,0.0,0.0,0.0
102264,0.0,0.0,0.0
102265,0.0,0.0,0.0
102266,0.0,0.0,0.0
102267,0.0,0.0,0.0
102268,0.0,0.0,0.0
102269,0.0,0.0,0.0
102270,0.0,0.0,0.0
102271,0.0,0.0,0.0
102272,0.0,0.0,0.0
102273,0.0,0.0,0.0
102274,0.0,0.0,0.0
102275,0.0,0.0,0.0
102276,0.0,0.0,0.0
102277,0.0,0.0,0.0
102278,0.0,0.0,0.0
102279,0.0,0.0,0.0
102280,0.0,0.0,0.0
102281,0.0,0.0,0.0
102282,0.0,0.0,0.0
102283,0.0,0.0,0.0
102284,0.0,0.0,0.0
102285,0.0,0.0,0.0
102286,0.0,0.0,0.0
102287,0.0,0.0,0.0
102288,0.0,0.0,0.0
102289,0.0,0.0,0.0
102290,0.0,0.0,0.0
102291,0.0,0.0,0.0
102292,0.0,0.0,0.0
102293,0.0,0.0,0.0
102294,0.0,0.0,0.0
102295,0.0,0.0,0.0
102296,0.0,0.0,0.0
102297,0.0,0.0,0.0
102298,0.0,0.0,0.0
102299,0.0,0.0,0.0
102300,0.0,0.0,0.0
102301,0.0,0.0,0.0
102302,0.0,0.0,0.0
102303,0.0,0.0,0.0
102304,0.0,0.0,0.0
102305,0.0,0.0,0.0
102306,0.0,0.0,0.0
102307,0.0,0.0,0.0
102308,0.0,0.0,0.0
102309,0.0,0.0,0.0
102310,0.0,0.0,0.0
102311,0.0,0.0,0.0
102312,0.0,0.0,0.0
102313,0.0,0.0,0.0
102314,0.0,0.0,0.0
102315,0.0,0.0,0.0
102316,0.0,0.0,0.0
102317,0.0,0.0,0.0
102318,0.0,0.0,0.0
102319,0.0,0.0,0.0
102320,0.0,0.0,0.0
102321,0.0,0.0,0.0
102322,0.0,0.0,0.0
102323,0.0,0.0,0.0
102324,0.0,0.0,0.0
102325,0.0,0.0,0.0
102326,0.0,0.0,0.0
102327,0.0,0.0,0.0
102328,0.0,0.0,0.0
102329,0.0,0.0,0.0
102330,0.0,0.0,0.0
102331,0.0,0.0,0.0
102332,0.0,0.0,0.0
102333,0.0,0.0,0.0
102334,0.0,0.0,0.0
102335,0.0,0.0,0.0
102336,0.0,0.0,0.0
102337,0.0,0.0,0.0
102338,0.0,0.0,0.0
102339,0.0,0.0,0.0
102340,0.0,0.0,0.0
102341,0.0,0.0,0.0
102342,0.0,0.0,0.0
102343,0.0,0.0,0.0
102344,0.0,0.0,0.0
102345,0.0,0.0,0.0
102346,0.0,0.0,0.0
102347,0.0,0.0,0.0
102348,0.0,0.0,0.0
102349,0.0,0.0,0.0
102350,0.0,0.0,0.0
102351,0.0,0.0,0.0
102352,0.0,0.0,0.0
102353,0.0,0.0,0.0
102354,0.0,0.0,0.0
102355,0.0,0.0,0.0
102356,0.0,0.0,0.0
102357,0.0,0.0,0.0
102358,0.0,0.0,0.0
102359,0.0,0.0,0.0
102360,0.0,0.0,0.0
102361,0.0,0.0,0.0
102362,0.0,0.0,0.0
102363,0.0,0.0,0.0
102364,0.0,0.0,0.0
102365,0.0,0.0,0.0
102366,0.0,0.0,0.0
102367,0.0,0.0,0.0
102368,0.0,0.0,0.0
102369,0.0,0.0,0.0
102370,0.0,0.0,0.0
102371,0.0,0.0,0.0
102372,0.0,0.0,0.0
102373,0.0,0.0,0.0
102374,0.0,0.0,0.0
102375,0.0,0.0,0.0
102376,0.0,0.0,0.0
102377,0.0,0.0,0.0
102378,0.0,0.0,0.0
102379,0.0,0.0,0.0
102380,0.0,0.0,0.0
102381,0.0,0.0,0.0
102382,0.0,0.0,0.0
102383,0.0,0.0,0.0
102384,0.0,0.0,0.0
102385,0.0,0.0,0.0
102386,0.0,0.0,0.0
102387,0.0,0.0,0.0
102388,0.0,0.0,0.0
102389,0.0,0.0,0.0
102390,0.0,0.0,0.0
102391,0.0,0.0,0.0
102392,0.0,0.0,0.0
102393,0.0,0.0,0.0
102394,0.0,0.0,0.0
102395,0.0,0.0,0.0
102396,0.0,0.0,0.0
102397,0.0,0.0,0.0
102398,0.0,0.0,0.0
102399,0.0,0.0,0.0
102400,0.0,0.0,0.0
102401,0.0,0.0,0.0
102402,0.0,0.0,0.0
102403,0.0,0.0,0.0
102404,0.0,0.0,0.0
102405,0.0,0.0,0.0
102406,0.0,0.0,0.0
102407,0.0,0.0,0.0
102408,0.0,0.0,0.0
102409,0.0,0.0,0.0
102410,0.0,0.0,0.0
102411,0.0,0.0,0.0
102412,0.0,0.0,0.0
102413,0.0,0.0,0.0
102414,0.0,0.0,0.0
102415,0.0,0.0,0.0
102416,0.0,0.0,0.0
102417,0.0,0.0,0.0
102418,0.0,0.0,0.0
102419,0.0,0.0,0.0
102420,0.0,0.0,0.0
102421,0.0,0.0,0.0
102422,0.0,0.0,0.0
102423,0.0,0.0,0.0
102424,0.0,0.0,0.0
102425,0.0,0.0,0.0
102426,0.0,0.0,0.0
102427,0.0,0.0,0.0
102428,0.0,0.0,0.0
102429,0.0,0.0,0.0
102430,0.0,0.0,0.0
102431,0.0,0.0,0.0
102432,0.0,0.0,0.0
102433,0.0,0.0,0.0
102434,0.0,0.0,0.0
102435,0.0,0.0,0.0
102436,0.0,0.0,0.0
102437,0.0,0.0,0.0
102438,0.0,0.0,0.0
102439,0.0,0.0,0.0
102440,0.0,0.0,0.0
102441,0.0,0.0,0.0
102442,0.0,0.0,0.0
102443,0.0,0.0,0.0
102444,0.0,0.0,0.0
102445,0.0,0.0,0.0
102446,0.0,0.0,0.0
102447,0.0,0.0,0.0
102448,0.0,0.0,0.0
102449,0.0,0.0,0.0
102450,0.0,0.0,0.0
102451,0.0,0.0,0.0
102452,0.0,0.0,0.0
102453,0.0,0.0,0.0
102454,0.0,0.0,0.0
102455,0.0,0.0,0.0
102456,0.0,0.0,0.0
102457,0.0,0.0,0.0
102458,0.0,0.0,0.0
102459,0.0,0.0,0.0
102460,0.0,0.0,0.0
102461,0.0,0.0,0.0
102462,0.0,0.0,0.0
102463,0.0,0.0,0.0
102464,0.0,0.0,0.0
102465,0.0,0.0,0.0
102466,0.0,0.0,0.0
102467,0.0,0.0,0.0
102468,0.0,0.0,0.0
102469,0.0,0.0,0.0
102470,0.0,0.0,0.0
102471,0.0,0.0,0.0
102472,0.0,0.0,0.0
102473,0.0,0.0,0.0
102474,0.0,0.0,0.0
102475,0.0,0.0,0.0
102476,0.0,0.0,0.0
102477,0.0,0.0,0.0
102478,0.0,0.0,0.0
102479,0.0,0.0,0.0
102480,0.0,0.0,0.0
102481,0.0,0.0,0.0
102482,0.0,0.0,0.0
102483,0.0,0.0,0.0
102484,0.0,0.0,0.0
102485,0.0,0.0,0.0
102486,0.0,0.0,0.0
102487,0.0,0.0,0.0
102488,0.0,0.0,0.0
102489,0.0,0.0,0.0
102490,0.0,0.0,0.0
102491,0.0,0.0,0.0
102492,0.0,0.0,0.0
102493,0.0,0.0,0.0
102494,0.0,0.0,0.0
102495,0.0,0.0,0.0
102496,0.0,0.0,0.0
102497,0.0,0.0,0.0
102498,0.0,0.0,0.0
102499,0.0,0.0,0.0
102500,0.0,0.0,0.0
102501,0.0,0.0,0.0
102502,0.0,0.0,0.0
102503,0.0,0.0,0.0
102504,0.0,0.0,0.0
102505,0.0,0.0,0.0
102506,0.0,0.0,0.0
102507,0.0,0.0,0.0
102508,0.0,0.0,0.0
102509,0.0,0.0,0.0
102510,0.0,0.0,0.0
102511,0.0,0.0,0.0
102512,0.0,0.0,0.0
102513,0.0,0.0,0.0
102514,0.0,0.0,0.0
102515,0.0,0.0,0.0
102516,0.0,0.0,0.0
102517,0.0,0.0,0.0
102518,0.0,0.0,0.0
102519,0.0,0.0,0.0
102520,0.0,0.0,0.0
102521,0.0,0.0,0.0
102522,0.0,0.0,0.0
102523,0.0,0.0,0.0
102524,0.0,0.0,0.0
102525,0.0,0.0,0.0
102526,0.0,0.0,0.0
102527,0.0,0.0,0.0
102528,0.0,0.0,0.0
102529,0.0,0.0,0.0
102530,0.0,0.0,0.0
102531,0.0,0.0,0.0
102532,0.0,0.0,0.0
102533,0.0,0.0,0.0
102534,0.0,0.0,0.0
102535,0.0,0.0,0.0
102536,0.0,0.0,0.0
102537,0.0,0.0,0.0
102538,0.0,0.0,0.0
102539,0.0,0.0,0.0
102540,0.0,0.0,0.0
102541,0.0,0.0,0.0
102542,0.0,0.0,0.0
102543,0.0,0.0,0.0
102544,0.0,0.0,0.0
102545,0.0,0.0,0.0
102546,0.0,0.0,0.0
102547,0.0,0.0,0.0
102548,0.0,0.0,0.0
102549,0.0,0.0,0.0
102550,0.0,0.0,0.0
102551,0.0,0.0,0.0
102552,0.0,0.0,0.0
102553,0.0,0.0,0.0
102554,0.0,0.0,0.0
102555,0.0,0.0,0.0
102556,0.0,0.0,0.0
102557,0.0,0.0,0.0
102558,0.0,0.0,0.0
102559,0.0,0.0,0.0
102560,0.0,0.0,0.0
102561,0.0,0.0,0.0
102562,0.0,0.0,0.0
102563,0.0,0.0,0.0
102564,0.0,0.0,0.0
102565,0.0,0.0,0.0
102566,0.0,0.0,0.0
102567,0.0,0.0,0.0
102568,0.0,0.0,0.0
102569,0.0,0.0,0.0
102570,0.0,0.0,0.0
102571,0.0,0.0,0.0
102572,0.0,0.0,0.0
102573,0.0,0.0,0.0
102574,0.0,0.0,0.0
102575,0.0,0.0,0.0
102576,0.0,0.0,0.0
102577,0.0,0.0,0.0
102578,0.0,0.0,0.0
102579,0.0,0.0,0.0
102580,0.0,0.0,0.0
102581,0.0,0.0,0.0
102582,0.0,0.0,0.0
102583,0.0,0.0,0.0
102584,0.0,0.0,0.0
102585,0.0,0.0,0.0
102586,0.0,0.0,0.0
102587,0.0,0.0,0.0
102588,0.0,0.0,0.0
102589,0.0,0.0,0.0
102590,0.0,0.0,0.0
102591,0.0,0.0,0.0
102592,0.0,0.0,0.0
102593,0.0,0.0,0.0
102594,0.0,0.0,0.0
102595,0.0,0.0,0.0
102596,0.0,0.0,0.0
102597,0.0,0.0,0.0
102598,0.0,0.0,0.0
102599,0.0,0.0,0.0
102600,0.0,0.0,0.0
102601,0.0,0.0,0.0
102602,0.0,0.0,0.0
102603,0.0,0.0,0.0
102604,0.0,0.0,0.0
102605,0.0,0.0,0.0
102606,0.0,0.0,0.0
102607,0.0,0.0,0.0
102608,0.0,0.0,0.0
102609,0.0,0.0,0.0
102610,0.0,0.0,0.0
102611,0.0,0.0,0.0
102612,0.0,0.0,0.0
102613,0.0,0.0,0.0
102614,0.0,0.0,0.0
102615,0.0,0.0,0.0
102616,0.0,0.0,0.0
102617,0.0,0.0,0.0
102618,0.0,0.0,0.0
102619,0.0,0.0,0.0
102620,0.0,0.0,0.0
102621,0.0,0.0,0.0
102622,0.0,0.0,0.0
102623,0.0,0.0,0.0
102624,0.0,0.0,0.0
102625,0.0,0.0,0.0
102626,0.0,0.0,0.0
102627,0.0,0.0,0.0
102628,0.0,0.0,0.0
102629,0.0,0.0,0.0
102630,0.0,0.0,0.0
102631,0.0,0.0,0.0
102632,0.0,0.0,0.0
102633,0.0,0.0,0.0
102634,0.0,0.0,0.0
102635,0.0,0.0,0.0
102636,0.0,0.0,0.0
102637,0.0,0.0,0.0
102638,0.0,0.0,0.0
102639,0.0,0.0,0.0
102640,0.0,0.0,0.0
102641,0.0,0.0,0.0
102642,0.0,0.0,0.0
102643,0.0,0.0,0.0
102644,0.0,0.0,0.0
102645,0.0,0.0,0.0
102646,0.0,0.0,0.0
102647,0.0,0.0,0.0
102648,0.0,0.0,0.0
102649,0.0,0.0,0.0
102650,0.0,0.0,0.0
102651,0.0,0.0,0.0
102652,0.0,0.0,0.0
102653,0.0,0.0,0.0
102654,0.0,0.0,0.0
102655,0.0,0.0,0.0
102656,0.0,0.0,0.0
102657,0.0,0.0,0.0
102658,0.0,0.0,0.0
102659,0.0,0.0,0.0
102660,0.0,0.0,0.0
102661,0.0,0.0,0.0
102662,0.0,0.0,0.0
102663,0.0,0.0,0.0
102664,0.0,0.0,0.0
102665,0.0,0.0,0.0
102666,0.0,0.0,0.0
102667,0.0,0.0,0.0
102668,0.0,0.0,0.0
102669,0.0,0.0,0.0
102670,0.0,0.0,0.0
102671,0.0,0.0,0.0
102672,0.0,0.0,0.0
102673,0.0,0.0,0.0
102674,0.0,0.0,0.0
102675,0.0,0.0,0.0
102676,0.0,0.0,0.0
102677,0.0,0.0,0.0
102678,0.0,0.0,0.0
102679,0.0,0.0,0.0
102680,0.0,0.0,0.0
102681,0.0,0.0,0.0
102682,0.0,0.0,0.0
102683,0.0,0.0,0.0
102684,0.0,0.0,0.0
102685,0.0,0.0,0.0
102686,0.0,0.0,0.0
102687,0.0,0.0,0.0
102688,0.0,0.0,0.0
102689,0.0,0.0,0.0
102690,0.0,0.0,0.0
102691,0.0,0.0,0.0
102692,0.0,0.0,0.0
102693,0.0,0.0,0.0
102694,0.0,0.0,0.0
102695,0.0,0.0,0.0
102696,0.0,0.0,0.0
102697,0.0,0.0,0.0
102698,0.0,0.0,0.0
102699,0.0,0.0,0.0
102700,0.0,0.0,0.0
102701,0.0,0.0,0.0
102702,0.0,0.0,0.0
102703,0.0,0.0,0.0
102704,0.0,0.0,0.0
102705,0.0,0.0,0.0
102706,0.0,0.0,0.0
102707,0.0,0.0,0.0
102708,0.0,0.0,0.0
102709,0.0,0.0,0.0
102710,0.0,0.0,0.0
102711,0.0,0.0,0.0
102712,0.0,0.0,0.0
102713,0.0,0.0,0.0
102714,0.0,0.0,0.0
102715,0.0,0.0,0.0
102716,0.0,0.0,0.0
102717,0.0,0.0,0.0
102718,0.0,0.0,0.0
102719,0.0,0.0,0.0
102720,0.0,0.0,0.0
102721,0.0,0.0,0.0
102722,0.0,0.0,0.0
102723,0.0,0.0,0.0
102724,0.0,0.0,0.0
102725,0.0,0.0,0.0
102726,0.0,0.0,0.0
102727,0.0,0.0,0.0
102728,0.0,0.0,0.0
102729,0.0,0.0,0.0
102730,0.0,0.0,0.0
102731,0.0,0.0,0.0
102732,0.0,0.0,0.0
102733,0.0,0.0,0.0
102734,0.0,0.0,0.0
102735,0.0,0.0,0.0
102736,0.0,0.0,0.0
102737,0.0,0.0,0.0
102738,0.0,0.0,0.0
102739,0.0,0.0,0.0
102740,0.0,0.0,0.0
102741,0.0,0.0,0.0
102742,0.0,0.0,0.0
102743,0.0,0.0,0.0
102744,0.0,0.0,0.0
102745,0.0,0.0,0.0
102746,0.0,0.0,0.0
102747,0.0,0.0,0.0
102748,0.0,0.0,0.0
102749,0.0,0.0,0.0
102750,0.0,0.0,0.0
102751,0.0,0.0,0.0
102752,0.0,0.0,0.0
102753,0.0,0.0,0.0
102754,0.0,0.0,0.0
102755,0.0,0.0,0.0
102756,0.0,0.0,0.0
102757,0.0,0.0,0.0
102758,0.0,0.0,0.0
102759,0.0,0.0,0.0
102760,0.0,0.0,0.0
102761,0.0,0.0,0.0
102762,0.0,0.0,0.0
102763,0.0,0.0,0.0
102764,0.0,0.0,0.0
102765,0.0,0.0,0.0
102766,0.0,0.0,0.0
102767,0.0,0.0,0.0
102768,0.0,0.0,0.0
102769,0.0,0.0,0.0
102770,0.0,0.0,0.0
102771,0.0,0.0,0.0
102772,0.0,0.0,0.0
102773,0.0,0.0,0.0
102774,0.0,0.0,0.0
102775,0.0,0.0,0.0
102776,0.0,0.0,0.0
102777,0.0,0.0,0.0
102778,0.0,0.0,0.0
102779,0.0,0.0,0.0
102780,0.0,0.0,0.0
102781,0.0,0.0,0.0
102782,0.0,0.0,0.0
102783,0.0,0.0,0.0
102784,0.0,0.0,0.0
102785,0.0,0.0,0.0
102786,0.0,0.0,0.0
102787,0.0,0.0,0.0
102788,0.0,0.0,0.0
102789,0.0,0.0,0.0
102790,0.0,0.0,0.0
102791,0.0,0.0,0.0
102792,0.0,0.0,0.0
102793,0.0,0.0,0.0
102794,0.0,0.0,0.0
102795,0.0,0.0,0.0
102796,0.0,0.0,0.0
102797,0.0,0.0,0.0
102798,0.0,0.0,0.0
102799,0.0,0.0,0.0
102800,0.0,0.0,0.0
102801,0.0,0.0,0.0
102802,0.0,0.0,0.0
102803,0.0,0.0,0.0
102804,0.0,0.0,0.0
102805,0.0,0.0,0.0
102806,0.0,0.0,0.0
102807,0.0,0.0,0.0
102808,0.0,0.0,0.0
102809,0.0,0.0,0.0
102810,0.0,0.0,0.0
102811,0.0,0.0,0.0
102812,0.0,0.0,0.0
102813,0.0,0.0,0.0
102814,0.0,0.0,0.0
102815,0.0,0.0,0.0
102816,0.0,0.0,0.0
102817,0.0,0.0,0.0
102818,0.0,0.0,0.0
102819,0.0,0.0,0.0
102820,0.0,0.0,0.0
102821,0.0,0.0,0.0
102822,0.0,0.0,0.0
102823,0.0,0.0,0.0
102824,0.0,0.0,0.0
102825,0.0,0.0,0.0
102826,0.0,0.0,0.0
102827,0.0,0.0,0.0
102828,0.0,0.0,0.0
102829,0.0,0.0,0.0
102830,0.0,0.0,0.0
102831,0.0,0.0,0.0
102832,0.0,0.0,0.0
102833,0.0,0.0,0.0
102834,0.0,0.0,0.0
102835,0.0,0.0,0.0
102836,0.0,0.0,0.0
102837,0.0,0.0,0.0
102838,0.0,0.0,0.0
102839,0.0,0.0,0.0
102840,0.0,0.0,0.0
102841,0.0,0.0,0.0
102842,0.0,0.0,0.0
102843,0.0,0.0,0.0
102844,0.0,0.0,0.0
102845,0.0,0.0,0.0
102846,0.0,0.0,0.0
102847,0.0,0.0,0.0
102848,0.0,0.0,0.0
102849,0.0,0.0,0.0
102850,0.0,0.0,0.0
102851,0.0,0.0,0.0
102852,0.0,0.0,0.0
102853,0.0,0.0,0.0
102854,0.0,0.0,0.0
102855,0.0,0.0,0.0
102856,0.0,0.0,0.0
102857,0.0,0.0,0.0
102858,0.0,0.0,0.0
102859,0.0,0.0,0.0
102860,0.0,0.0,0.0
102861,0.0,0.0,0.0
102862,0.0,0.0,0.0
102863,0.0,0.0,0.0
102864,0.0,0.0,0.0
102865,0.0,0.0,0.0
102866,0.0,0.0,0.0
102867,0.0,0.0,0.0
102868,0.0,0.0,0.0
102869,0.0,0.0,0.0
102870,0.0,0.0,0.0
102871,0.0,0.0,0.0
102872,0.0,0.0,0.0
102873,0.0,0.0,0.0
102874,0.0,0.0,0.0
102875,0.0,0.0,0.0
102876,0.0,0.0,0.0
102877,0.0,0.0,0.0
102878,0.0,0.0,0.0
102879,0.0,0.0,0.0
102880,0.0,0.0,0.0
102881,0.0,0.0,0.0
102882,0.0,0.0,0.0
102883,0.0,0.0,0.0
102884,0.0,0.0,0.0
102885,0.0,0.0,0.0
102886,0.0,0.0,0.0
102887,0.0,0.0,0.0
102888,0.0,0.0,0.0
102889,0.0,0.0,0.0
102890,0.0,0.0,0.0
102891,0.0,0.0,0.0
102892,0.0,0.0,0.0
102893,0.0,0.0,0.0
102894,0.0,0.0,0.0
102895,0.0,0.0,0.0
102896,0.0,0.0,0.0
102897,0.0,0.0,0.0
102898,0.0,0.0,0.0
102899,0.0,0.0,0.0
102900,0.0,0.0,0.0
102901,0.0,0.0,0.0
102902,0.0,0.0,0.0
102903,0.0,0.0,0.0
102904,0.0,0.0,0.0
102905,0.0,0.0,0.0
102906,0.0,0.0,0.0
102907,0.0,0.0,0.0
102908,0.0,0.0,0.0
102909,0.0,0.0,0.0
102910,0.0,0.0,0.0
102911,0.0,0.0,0.0
102912,0.0,0.0,0.0
102913,0.0,0.0,0.0
102914,0.0,0.0,0.0
102915,0.0,0.0,0.0
102916,0.0,0.0,0.0
102917,0.0,0.0,0.0
102918,0.0,0.0,0.0
102919,0.0,0.0,0.0
102920,0.0,0.0,0.0
102921,0.0,0.0,0.0
102922,0.0,0.0,0.0
102923,0.0,0.0,0.0
102924,0.0,0.0,0.0
102925,0.0,0.0,0.0
102926,0.0,0.0,0.0
102927,0.0,0.0,0.0
102928,0.0,0.0,0.0
102929,0.0,0.0,0.0
102930,0.0,0.0,0.0
102931,0.0,0.0,0.0
102932,0.0,0.0,0.0
102933,0.0,0.0,0.0
102934,0.0,0.0,0.0
102935,0.0,0.0,0.0
102936,0.0,0.0,0.0
102937,0.0,0.0,0.0
102938,0.0,0.0,0.0
102939,0.0,0.0,0.0
102940,0.0,0.0,0.0
102941,0.0,0.0,0.0
102942,0.0,0.0,0.0
102943,0.0,0.0,0.0
102944,0.0,0.0,0.0
102945,0.0,0.0,0.0
102946,0.0,0.0,0.0
102947,0.0,0.0,0.0
102948,0.0,0.0,0.0
102949,0.0,0.0,0.0
102950,0.0,0.0,0.0
102951,0.0,0.0,0.0
102952,0.0,0.0,0.0
102953,0.0,0.0,0.0
102954,0.0,0.0,0.0
102955,0.0,0.0,0.0
102956,0.0,0.0,0.0
102957,0.0,0.0,0.0
102958,0.0,0.0,0.0
102959,0.0,0.0,0.0
102960,0.0,0.0,0.0
102961,0.0,0.0,0.0
102962,0.0,0.0,0.0
102963,0.0,0.0,0.0
102964,0.0,0.0,0.0
102965,0.0,0.0,0.0
102966,0.0,0.0,0.0
102967,0.0,0.0,0.0
102968,0.0,0.0,0.0
102969,0.0,0.0,0.0
102970,0.0,0.0,0.0
102971,0.0,0.0,0.0
102972,0.0,0.0,0.0
102973,0.0,0.0,0.0
102974,0.0,0.0,0.0
102975,0.0,0.0,0.0
102976,0.0,0.0,0.0
102977,0.0,0.0,0.0
102978,0.0,0.0,0.0
102979,0.0,0.0,0.0
102980,0.0,0.0,0.0
102981,0.0,0.0,0.0
102982,0.0,0.0,0.0
102983,0.0,0.0,0.0
102984,0.0,0.0,0.0
102985,0.0,0.0,0.0
102986,0.0,0.0,0.0
102987,0.0,0.0,0.0
102988,0.0,0.0,0.0
102989,0.0,0.0,0.0
102990,0.0,0.0,0.0
102991,0.0,0.0,0.0
102992,0.0,0.0,0.0
102993,0.0,0.0,0.0
102994,0.0,0.0,0.0
102995,0.0,0.0,0.0
102996,0.0,0.0,0.0
102997,0.0,0.0,0.0
102998,0.0,0.0,0.0
102999,0.0,0.0,0.0
103000,0.0,0.0,0.0
103001,0.0,0.0,0.0
103002,0.0,0.0,0.0
103003,0.0,0.0,0.0
103004,0.0,0.0,0.0
103005,0.0,0.0,0.0
103006,0.0,0.0,0.0
103007,0.0,0.0,0.0
103008,0.0,0.0,0.0
103009,0.0,0.0,0.0
103010,0.0,0.0,0.0
103011,0.0,0.0,0.0
103012,0.0,0.0,0.0
103013,0.0,0.0,0.0
103014,0.0,0.0,0.0
103015,0.0,0.0,0.0
103016,0.0,0.0,0.0
103017,0.0,0.0,0.0
103018,0.0,0.0,0.0
103019,0.0,0.0,0.0
103020,0.0,0.0,0.0
103021,0.0,0.0,0.0
103022,0.0,0.0,0.0
103023,0.0,0.0,0.0
103024,0.0,0.0,0.0
103025,0.0,0.0,0.0
103026,0.0,0.0,0.0
103027,0.0,0.0,0.0
103028,0.0,0.0,0.0
103029,0.0,0.0,0.0
103030,0.0,0.0,0.0
103031,0.0,0.0,0.0
103032,0.0,0.0,0.0
103033,0.0,0.0,0.0
103034,0.0,0.0,0.0
103035,0.0,0.0,0.0
103036,0.0,0.0,0.0
103037,0.0,0.0,0.0
103038,0.0,0.0,0.0
103039,0.0,0.0,0.0
103040,0.0,0.0,0.0
103041,0.0,0.0,0.0
103042,0.0,0.0,0.0
103043,0.0,0.0,0.0
103044,0.0,0.0,0.0
103045,0.0,0.0,0.0
103046,0.0,0.0,0.0
103047,0.0,0.0,0.0
103048,0.0,0.0,0.0
103049,0.0,0.0,0.0
103050,0.0,0.0,0.0
103051,0.0,0.0,0.0
103052,0.0,0.0,0.0
103053,0.0,0.0,0.0
103054,0.0,0.0,0.0
103055,0.0,0.0,0.0
103056,0.0,0.0,0.0
103057,0.0,0.0,0.0
103058,0.0,0.0,0.0
103059,0.0,0.0,0.0
103060,0.0,0.0,0.0
103061,0.0,0.0,0.0
103062,0.0,0.0,0.0
103063,0.0,0.0,0.0
103064,0.0,0.0,0.0
103065,0.0,0.0,0.0
103066,0.0,0.0,0.0
103067,0.0,0.0,0.0
103068,0.0,0.0,0.0
103069,0.0,0.0,0.0
103070,0.0,0.0,0.0
103071,0.0,0.0,0.0
103072,0.0,0.0,0.0
103073,0.0,0.0,0.0
103074,0.0,0.0,0.0
103075,0.0,0.0,0.0
103076,0.0,0.0,0.0
103077,0.0,0.0,0.0
103078,0.0,0.0,0.0
103079,0.0,0.0,0.0
103080,0.0,0.0,0.0
103081,0.0,0.0,0.0
103082,0.0,0.0,0.0
103083,0.0,0.0,0.0
103084,0.0,0.0,0.0
103085,0.0,0.0,0.0
103086,0.0,0.0,0.0
103087,0.0,0.0,0.0
103088,0.0,0.0,0.0
103089,0.0,0.0,0.0
103090,0.0,0.0,0.0
103091,0.0,0.0,0.0
103092,0.0,0.0,0.0
103093,0.0,0.0,0.0
103094,0.0,0.0,0.0
103095,0.0,0.0,0.0
103096,0.0,0.0,0.0
103097,0.0,0.0,0.0
103098,0.0,0.0,0.0
103099,0.0,0.0,0.0
103100,0.0,0.0,0.0
103101,0.0,0.0,0.0
103102,0.0,0.0,0.0
103103,0.0,0.0,0.0
103104,0.0,0.0,0.0
103105,0.0,0.0,0.0
103106,0.0,0.0,0.0
103107,0.0,0.0,0.0
103108,0.0,0.0,0.0
103109,0.0,0.0,0.0
103110,0.0,0.0,0.0
103111,0.0,0.0,0.0
103112,0.0,0.0,0.0
103113,0.0,0.0,0.0
103114,0.0,0.0,0.0
103115,0.0,0.0,0.0
103116,0.0,0.0,0.0
103117,0.0,0.0,0.0
103118,0.0,0.0,0.0
103119,0.0,0.0,0.0
103120,0.0,0.0,0.0
103121,0.0,0.0,0.0
103122,0.0,0.0,0.0
103123,0.0,0.0,0.0
103124,0.0,0.0,0.0
103125,0.0,0.0,0.0
103126,0.0,0.0,0.0
103127,0.0,0.0,0.0
103128,0.0,0.0,0.0
103129,0.0,0.0,0.0
103130,0.0,0.0,0.0
103131,0.0,0.0,0.0
103132,0.0,0.0,0.0
103133,0.0,0.0,0.0
103134,0.0,0.0,0.0
103135,0.0,0.0,0.0
103136,0.0,0.0,0.0
103137,0.0,0.0,0.0
103138,0.0,0.0,0.0
103139,0.0,0.0,0.0
103140,0.0,0.0,0.0
103141,0.0,0.0,0.0
103142,0.0,0.0,0.0
103143,0.0,0.0,0.0
103144,0.0,0.0,0.0
103145,0.0,0.0,0.0
103146,0.0,0.0,0.0
103147,0.0,0.0,0.0
103148,0.0,0.0,0.0
103149,0.0,0.0,0.0
103150,0.0,0.0,0.0
103151,0.0,0.0,0.0
103152,0.0,0.0,0.0
103153,0.0,0.0,0.0
103154,0.0,0.0,0.0
103155,0.0,0.0,0.0
103156,0.0,0.0,0.0
103157,0.0,0.0,0.0
103158,0.0,0.0,0.0
103159,0.0,0.0,0.0
103160,0.0,0.0,0.0
103161,0.0,0.0,0.0
103162,0.0,0.0,0.0
103163,0.0,0.0,0.0
103164,0.0,0.0,0.0
103165,0.0,0.0,0.0
103166,0.0,0.0,0.0
103167,0.0,0.0,0.0
103168,0.0,0.0,0.0
103169,0.0,0.0,0.0
103170,0.0,0.0,0.0
103171,0.0,0.0,0.0
103172,0.0,0.0,0.0
103173,0.0,0.0,0.0
103174,0.0,0.0,0.0
103175,0.0,0.0,0.0
103176,0.0,0.0,0.0
103177,0.0,0.0,0.0
103178,0.0,0.0,0.0
103179,0.0,0.0,0.0
103180,0.0,0.0,0.0
103181,0.0,0.0,0.0
103182,0.0,0.0,0.0
103183,0.0,0.0,0.0
103184,0.0,0.0,0.0
103185,0.0,0.0,0.0
103186,0.0,0.0,0.0
103187,0.0,0.0,0.0
103188,0.0,0.0,0.0
103189,0.0,0.0,0.0
103190,0.0,0.0,0.0
103191,0.0,0.0,0.0
103192,0.0,0.0,0.0
103193,0.0,0.0,0.0
103194,0.0,0.0,0.0
103195,0.0,0.0,0.0
103196,0.0,0.0,0.0
103197,0.0,0.0,0.0
103198,0.0,0.0,0.0
103199,0.0,0.0,0.0
103200,0.0,0.0,0.0
103201,0.0,0.0,0.0
103202,0.0,0.0,0.0
103203,0.0,0.0,0.0
103204,0.0,0.0,0.0
103205,0.0,0.0,0.0
103206,0.0,0.0,0.0
103207,0.0,0.0,0.0
103208,0.0,0.0,0.0
103209,0.0,0.0,0.0
103210,0.0,0.0,0.0
103211,0.0,0.0,0.0
103212,0.0,0.0,0.0
103213,0.0,0.0,0.0
103214,0.0,0.0,0.0
103215,0.0,0.0,0.0
103216,0.0,0.0,0.0
103217,0.0,0.0,0.0
103218,0.0,0.0,0.0
103219,0.0,0.0,0.0
103220,0.0,0.0,0.0
103221,0.0,0.0,0.0
103222,0.0,0.0,0.0
103223,0.0,0.0,0.0
103224,0.0,0.0,0.0
103225,0.0,0.0,0.0
103226,0.0,0.0,0.0
103227,0.0,0.0,0.0
103228,0.0,0.0,0.0
103229,0.0,0.0,0.0
103230,0.0,0.0,0.0
103231,0.0,0.0,0.0
103232,0.0,0.0,0.0
103233,0.0,0.0,0.0
103234,0.0,0.0,0.0
103235,0.0,0.0,0.0
103236,0.0,0.0,0.0
103237,0.0,0.0,0.0
103238,0.0,0.0,0.0
103239,0.0,0.0,0.0
103240,0.0,0.0,0.0
103241,0.0,0.0,0.0
103242,0.0,0.0,0.0
103243,0.0,0.0,0.0
103244,0.0,0.0,0.0
103245,0.0,0.0,0.0
103246,0.0,0.0,0.0
103247,0.0,0.0,0.0
103248,0.0,0.0,0.0
103249,0.0,0.0,0.0
103250,0.0,0.0,0.0
103251,0.0,0.0,0.0
103252,0.0,0.0,0.0
103253,0.0,0.0,0.0
103254,0.0,0.0,0.0
103255,0.0,0.0,0.0
103256,0.0,0.0,0.0
103257,0.0,0.0,0.0
103258,0.0,0.0,0.0
103259,0.0,0.0,0.0
103260,0.0,0.0,0.0
103261,0.0,0.0,0.0
103262,0.0,0.0,0.0
103263,0.0,0.0,0.0
103264,0.0,0.0,0.0
103265,0.0,0.0,0.0
103266,0.0,0.0,0.0
103267,0.0,0.0,0.0
103268,0.0,0.0,0.0
103269,0.0,0.0,0.0
103270,0.0,0.0,0.0
103271,0.0,0.0,0.0
103272,0.0,0.0,0.0
103273,0.0,0.0,0.0
103274,0.0,0.0,0.0
103275,0.0,0.0,0.0
103276,0.0,0.0,0.0
103277,0.0,0.0,0.0
103278,0.0,0.0,0.0
103279,0.0,0.0,0.0
103280,0.0,0.0,0.0
103281,0.0,0.0,0.0
103282,0.0,0.0,0.0
103283,0.0,0.0,0.0
103284,0.0,0.0,0.0
103285,0.0,0.0,0.0
103286,0.0,0.0,0.0
103287,0.0,0.0,0.0
103288,0.0,0.0,0.0
103289,0.0,0.0,0.0
103290,0.0,0.0,0.0
103291,0.0,0.0,0.0
103292,0.0,0.0,0.0
103293,0.0,0.0,0.0
103294,0.0,0.0,0.0
103295,0.0,0.0,0.0
103296,0.0,0.0,0.0
103297,0.0,0.0,0.0
103298,0.0,0.0,0.0
103299,0.0,0.0,0.0
103300,0.0,0.0,0.0
103301,0.0,0.0,0.0
103302,0.0,0.0,0.0
103303,0.0,0.0,0.0
103304,0.0,0.0,0.0
103305,0.0,0.0,0.0
103306,0.0,0.0,0.0
103307,0.0,0.0,0.0
103308,0.0,0.0,0.0
103309,0.0,0.0,0.0
103310,0.0,0.0,0.0
103311,0.0,0.0,0.0
103312,0.0,0.0,0.0
103313,0.0,0.0,0.0
103314,0.0,0.0,0.0
103315,0.0,0.0,0.0
103316,0.0,0.0,0.0
103317,0.0,0.0,0.0
103318,0.0,0.0,0.0
103319,0.0,0.0,0.0
103320,0.0,0.0,0.0
103321,0.0,0.0,0.0
103322,0.0,0.0,0.0
103323,0.0,0.0,0.0
103324,0.0,0.0,0.0
103325,0.0,0.0,0.0
103326,0.0,0.0,0.0
103327,0.0,0.0,0.0
103328,0.0,0.0,0.0
103329,0.0,0.0,0.0
103330,0.0,0.0,0.0
103331,0.0,0.0,0.0
103332,0.0,0.0,0.0
103333,0.0,0.0,0.0
103334,0.0,0.0,0.0
103335,0.0,0.0,0.0
103336,0.0,0.0,0.0
103337,0.0,0.0,0.0
103338,0.0,0.0,0.0
103339,0.0,0.0,0.0
103340,0.0,0.0,0.0
103341,0.0,0.0,0.0
103342,0.0,0.0,0.0
103343,0.0,0.0,0.0
103344,0.0,0.0,0.0
103345,0.0,0.0,0.0
103346,0.0,0.0,0.0
103347,0.0,0.0,0.0
103348,0.0,0.0,0.0
103349,0.0,0.0,0.0
103350,0.0,0.0,0.0
103351,0.0,0.0,0.0
103352,0.0,0.0,0.0
103353,0.0,0.0,0.0
103354,0.0,0.0,0.0
103355,0.0,0.0,0.0
103356,0.0,0.0,0.0
103357,0.0,0.0,0.0
103358,0.0,0.0,0.0
103359,0.0,0.0,0.0
103360,0.0,0.0,0.0
103361,0.0,0.0,0.0
103362,0.0,0.0,0.0
103363,0.0,0.0,0.0
103364,0.0,0.0,0.0
103365,0.0,0.0,0.0
103366,0.0,0.0,0.0
103367,0.0,0.0,0.0
103368,0.0,0.0,0.0
103369,0.0,0.0,0.0
103370,0.0,0.0,0.0
103371,0.0,0.0,0.0
103372,0.0,0.0,0.0
103373,0.0,0.0,0.0
103374,0.0,0.0,0.0
103375,0.0,0.0,0.0
103376,0.0,0.0,0.0
103377,0.0,0.0,0.0
103378,0.0,0.0,0.0
103379,0.0,0.0,0.0
103380,0.0,0.0,0.0
103381,0.0,0.0,0.0
103382,0.0,0.0,0.0
103383,0.0,0.0,0.0
103384,0.0,0.0,0.0
103385,0.0,0.0,0.0
103386,0.0,0.0,0.0
103387,0.0,0.0,0.0
103388,0.0,0.0,0.0
103389,0.0,0.0,0.0
103390,0.0,0.0,0.0
103391,0.0,0.0,0.0
103392,0.0,0.0,0.0
103393,0.0,0.0,0.0
103394,0.0,0.0,0.0
103395,0.0,0.0,0.0
103396,0.0,0.0,0.0
103397,0.0,0.0,0.0
103398,0.0,0.0,0.0
103399,0.0,0.0,0.0
103400,0.0,0.0,0.0
103401,0.0,0.0,0.0
103402,0.0,0.0,0.0
103403,0.0,0.0,0.0
103404,0.0,0.0,0.0
103405,0.0,0.0,0.0
103406,0.0,0.0,0.0
103407,0.0,0.0,0.0
103408,0.0,0.0,0.0
103409,0.0,0.0,0.0
103410,0.0,0.0,0.0
103411,0.0,0.0,0.0
103412,0.0,0.0,0.0
103413,0.0,0.0,0.0
103414,0.0,0.0,0.0
103415,0.0,0.0,0.0
103416,0.0,0.0,0.0
103417,0.0,0.0,0.0
103418,0.0,0.0,0.0
103419,0.0,0.0,0.0
103420,0.0,0.0,0.0
103421,0.0,0.0,0.0
103422,0.0,0.0,0.0
103423,0.0,0.0,0.0
103424,0.0,0.0,0.0
103425,0.0,0.0,0.0
103426,0.0,0.0,0.0
103427,0.0,0.0,0.0
103428,0.0,0.0,0.0
103429,0.0,0.0,0.0
103430,0.0,0.0,0.0
103431,0.0,0.0,0.0
103432,0.0,0.0,0.0
103433,0.0,0.0,0.0
103434,0.0,0.0,0.0
103435,0.0,0.0,0.0
103436,0.0,0.0,0.0
103437,0.0,0.0,0.0
103438,0.0,0.0,0.0
103439,0.0,0.0,0.0
103440,0.0,0.0,0.0
103441,0.0,0.0,0.0
103442,0.0,0.0,0.0
103443,0.0,0.0,0.0
103444,0.0,0.0,0.0
103445,0.0,0.0,0.0
103446,0.0,0.0,0.0
103447,0.0,0.0,0.0
103448,0.0,0.0,0.0
103449,0.0,0.0,0.0
103450,0.0,0.0,0.0
103451,0.0,0.0,0.0
103452,0.0,0.0,0.0
103453,0.0,0.0,0.0
103454,0.0,0.0,0.0
103455,0.0,0.0,0.0
103456,0.0,0.0,0.0
103457,0.0,0.0,0.0
103458,0.0,0.0,0.0
103459,0.0,0.0,0.0
103460,0.0,0.0,0.0
103461,0.0,0.0,0.0
103462,0.0,0.0,0.0
103463,0.0,0.0,0.0
103464,0.0,0.0,0.0
103465,0.0,0.0,0.0
103466,0.0,0.0,0.0
103467,0.0,0.0,0.0
103468,0.0,0.0,0.0
103469,0.0,0.0,0.0
103470,0.0,0.0,0.0
103471,0.0,0.0,0.0
103472,0.0,0.0,0.0
103473,0.0,0.0,0.0
103474,0.0,0.0,0.0
103475,0.0,0.0,0.0
103476,0.0,0.0,0.0
103477,0.0,0.0,0.0
103478,0.0,0.0,0.0
103479,0.0,0.0,0.0
103480,0.0,0.0,0.0
103481,0.0,0.0,0.0
103482,0.0,0.0,0.0
103483,0.0,0.0,0.0
103484,0.0,0.0,0.0
103485,0.0,0.0,0.0
103486,0.0,0.0,0.0
103487,0.0,0.0,0.0
103488,0.0,0.0,0.0
103489,0.0,0.0,0.0
103490,0.0,0.0,0.0
103491,0.0,0.0,0.0
103492,0.0,0.0,0.0
103493,0.0,0.0,0.0
103494,0.0,0.0,0.0
103495,0.0,0.0,0.0
103496,0.0,0.0,0.0
103497,0.0,0.0,0.0
103498,0.0,0.0,0.0
103499,0.0,0.0,0.0
103500,0.0,0.0,0.0
103501,0.0,0.0,0.0
103502,0.0,0.0,0.0
103503,0.0,0.0,0.0
103504,0.0,0.0,0.0
103505,0.0,0.0,0.0
103506,0.0,0.0,0.0
103507,0.0,0.0,0.0
103508,0.0,0.0,0.0
103509,0.0,0.0,0.0
103510,0.0,0.0,0.0
103511,0.0,0.0,0.0
103512,0.0,0.0,0.0
103513,0.0,0.0,0.0
103514,0.0,0.0,0.0
103515,0.0,0.0,0.0
103516,0.0,0.0,0.0
103517,0.0,0.0,0.0
103518,0.0,0.0,0.0
103519,0.0,0.0,0.0
103520,0.0,0.0,0.0
103521,0.0,0.0,0.0
103522,0.0,0.0,0.0
103523,0.0,0.0,0.0
103524,0.0,0.0,0.0
103525,0.0,0.0,0.0
103526,0.0,0.0,0.0
103527,0.0,0.0,0.0
103528,0.0,0.0,0.0
103529,0.0,0.0,0.0
103530,0.0,0.0,0.0
103531,0.0,0.0,0.0
103532,0.0,0.0,0.0
103533,0.0,0.0,0.0
103534,0.0,0.0,0.0
103535,0.0,0.0,0.0
103536,0.0,0.0,0.0
103537,0.0,0.0,0.0
103538,0.0,0.0,0.0
103539,0.0,0.0,0.0
103540,0.0,0.0,0.0
103541,0.0,0.0,0.0
103542,0.0,0.0,0.0
103543,0.0,0.0,0.0
103544,0.0,0.0,0.0
103545,0.0,0.0,0.0
103546,0.0,0.0,0.0
103547,0.0,0.0,0.0
103548,0.0,0.0,0.0
103549,0.0,0.0,0.0
103550,0.0,0.0,0.0
103551,0.0,0.0,0.0
103552,0.0,0.0,0.0
103553,0.0,0.0,0.0
103554,0.0,0.0,0.0
103555,0.0,0.0,0.0
103556,0.0,0.0,0.0
103557,0.0,0.0,0.0
103558,0.0,0.0,0.0
103559,0.0,0.0,0.0
103560,0.0,0.0,0.0
103561,0.0,0.0,0.0
103562,0.0,0.0,0.0
103563,0.0,0.0,0.0
103564,0.0,0.0,0.0
103565,0.0,0.0,0.0
103566,0.0,0.0,0.0
103567,0.0,0.0,0.0
103568,0.0,0.0,0.0
103569,0.0,0.0,0.0
103570,0.0,0.0,0.0
103571,0.0,0.0,0.0
103572,0.0,0.0,0.0
103573,0.0,0.0,0.0
103574,0.0,0.0,0.0
103575,0.0,0.0,0.0
103576,0.0,0.0,0.0
103577,0.0,0.0,0.0
103578,0.0,0.0,0.0
103579,0.0,0.0,0.0
103580,0.0,0.0,0.0
103581,0.0,0.0,0.0
103582,0.0,0.0,0.0
103583,0.0,0.0,0.0
103584,0.0,0.0,0.0
103585,0.0,0.0,0.0
103586,0.0,0.0,0.0
103587,0.0,0.0,0.0
103588,0.0,0.0,0.0
103589,0.0,0.0,0.0
103590,0.0,0.0,0.0
103591,0.0,0.0,0.0
103592,0.0,0.0,0.0
103593,0.0,0.0,0.0
103594,0.0,0.0,0.0
103595,0.0,0.0,0.0
103596,0.0,0.0,0.0
103597,0.0,0.0,0.0
103598,0.0,0.0,0.0
103599,0.0,0.0,0.0
103600,0.0,0.0,0.0
103601,0.0,0.0,0.0
103602,0.0,0.0,0.0
103603,0.0,0.0,0.0
103604,0.0,0.0,0.0
103605,0.0,0.0,0.0
103606,0.0,0.0,0.0
103607,0.0,0.0,0.0
103608,0.0,0.0,0.0
103609,0.0,0.0,0.0
103610,0.0,0.0,0.0
103611,0.0,0.0,0.0
103612,0.0,0.0,0.0
103613,0.0,0.0,0.0
103614,0.0,0.0,0.0
103615,0.0,0.0,0.0
103616,0.0,0.0,0.0
103617,0.0,0.0,0.0
103618,0.0,0.0,0.0
103619,0.0,0.0,0.0
103620,0.0,0.0,0.0
103621,0.0,0.0,0.0
103622,0.0,0.0,0.0
103623,0.0,0.0,0.0
103624,0.0,0.0,0.0
103625,0.0,0.0,0.0
103626,0.0,0.0,0.0
103627,0.0,0.0,0.0
103628,0.0,0.0,0.0
103629,0.0,0.0,0.0
103630,0.0,0.0,0.0
103631,0.0,0.0,0.0
103632,0.0,0.0,0.0
103633,0.0,0.0,0.0
103634,0.0,0.0,0.0
103635,0.0,0.0,0.0
103636,0.0,0.0,0.0
103637,0.0,0.0,0.0
103638,0.0,0.0,0.0
103639,0.0,0.0,0.0
103640,0.0,0.0,0.0
103641,0.0,0.0,0.0
103642,0.0,0.0,0.0
103643,0.0,0.0,0.0
103644,0.0,0.0,0.0
103645,0.0,0.0,0.0
103646,0.0,0.0,0.0
103647,0.0,0.0,0.0
103648,0.0,0.0,0.0
103649,0.0,0.0,0.0
103650,0.0,0.0,0.0
103651,0.0,0.0,0.0
103652,0.0,0.0,0.0
103653,0.0,0.0,0.0
103654,0.0,0.0,0.0
103655,0.0,0.0,0.0
103656,0.0,0.0,0.0
103657,0.0,0.0,0.0
103658,0.0,0.0,0.0
103659,0.0,0.0,0.0
103660,0.0,0.0,0.0
103661,0.0,0.0,0.0
103662,0.0,0.0,0.0
103663,0.0,0.0,0.0
103664,0.0,0.0,0.0
103665,0.0,0.0,0.0
103666,0.0,0.0,0.0
103667,0.0,0.0,0.0
103668,0.0,0.0,0.0
103669,0.0,0.0,0.0
103670,0.0,0.0,0.0
103671,0.0,0.0,0.0
103672,0.0,0.0,0.0
103673,0.0,0.0,0.0
103674,0.0,0.0,0.0
103675,0.0,0.0,0.0
103676,0.0,0.0,0.0
103677,0.0,0.0,0.0
103678,0.0,0.0,0.0
103679,0.0,0.0,0.0
103680,0.0,0.0,0.0
103681,0.0,0.0,0.0
103682,0.0,0.0,0.0
103683,0.0,0.0,0.0
103684,0.0,0.0,0.0
103685,0.0,0.0,0.0
103686,0.0,0.0,0.0
103687,0.0,0.0,0.0
103688,0.0,0.0,0.0
103689,0.0,0.0,0.0
103690,0.0,0.0,0.0
103691,0.0,0.0,0.0
103692,0.0,0.0,0.0
103693,0.0,0.0,0.0
103694,0.0,0.0,0.0
103695,0.0,0.0,0.0
103696,0.0,0.0,0.0
103697,0.0,0.0,0.0
103698,0.0,0.0,0.0
103699,0.0,0.0,0.0
103700,0.0,0.0,0.0
103701,0.0,0.0,0.0
103702,0.0,0.0,0.0
103703,0.0,0.0,0.0
103704,0.0,0.0,0.0
103705,0.0,0.0,0.0
103706,0.0,0.0,0.0
103707,0.0,0.0,0.0
103708,0.0,0.0,0.0
103709,0.0,0.0,0.0
103710,0.0,0.0,0.0
103711,0.0,0.0,0.0
103712,0.0,0.0,0.0
103713,0.0,0.0,0.0
103714,0.0,0.0,0.0
103715,0.0,0.0,0.0
103716,0.0,0.0,0.0
103717,0.0,0.0,0.0
103718,0.0,0.0,0.0
103719,0.0,0.0,0.0
103720,0.0,0.0,0.0
103721,0.0,0.0,0.0
103722,0.0,0.0,0.0
103723,0.0,0.0,0.0
103724,0.0,0.0,0.0
103725,0.0,0.0,0.0
103726,0.0,0.0,0.0
103727,0.0,0.0,0.0
103728,0.0,0.0,0.0
103729,0.0,0.0,0.0
103730,0.0,0.0,0.0
103731,0.0,0.0,0.0
103732,0.0,0.0,0.0
103733,0.0,0.0,0.0
103734,0.0,0.0,0.0
103735,0.0,0.0,0.0
103736,0.0,0.0,0.0
103737,0.0,0.0,0.0
103738,0.0,0.0,0.0
103739,0.0,0.0,0.0
103740,0.0,0.0,0.0
103741,0.0,0.0,0.0
103742,0.0,0.0,0.0
103743,0.0,0.0,0.0
103744,0.0,0.0,0.0
103745,0.0,0.0,0.0
103746,0.0,0.0,0.0
103747,0.0,0.0,0.0
103748,0.0,0.0,0.0
103749,0.0,0.0,0.0
103750,0.0,0.0,0.0
103751,0.0,0.0,0.0
103752,0.0,0.0,0.0
103753,0.0,0.0,0.0
103754,0.0,0.0,0.0
103755,0.0,0.0,0.0
103756,0.0,0.0,0.0
103757,0.0,0.0,0.0
103758,0.0,0.0,0.0
103759,0.0,0.0,0.0
103760,0.0,0.0,0.0
103761,0.0,0.0,0.0
103762,0.0,0.0,0.0
103763,0.0,0.0,0.0
103764,0.0,0.0,0.0
103765,0.0,0.0,0.0
103766,0.0,0.0,0.0
103767,0.0,0.0,0.0
103768,0.0,0.0,0.0
103769,0.0,0.0,0.0
103770,0.0,0.0,0.0
103771,0.0,0.0,0.0
103772,0.0,0.0,0.0
103773,0.0,0.0,0.0
103774,0.0,0.0,0.0
103775,0.0,0.0,0.0
103776,0.0,0.0,0.0
103777,0.0,0.0,0.0
103778,0.0,0.0,0.0
103779,0.0,0.0,0.0
103780,0.0,0.0,0.0
103781,0.0,0.0,0.0
103782,0.0,0.0,0.0
103783,0.0,0.0,0.0
103784,0.0,0.0,0.0
103785,0.0,0.0,0.0
103786,0.0,0.0,0.0
103787,0.0,0.0,0.0
103788,0.0,0.0,0.0
103789,0.0,0.0,0.0
103790,0.0,0.0,0.0
103791,0.0,0.0,0.0
103792,0.0,0.0,0.0
103793,0.0,0.0,0.0
103794,0.0,0.0,0.0
103795,0.0,0.0,0.0
103796,0.0,0.0,0.0
103797,0.0,0.0,0.0
103798,0.0,0.0,0.0
103799,0.0,0.0,0.0
103800,0.0,0.0,0.0
103801,0.0,0.0,0.0
103802,0.0,0.0,0.0
103803,0.0,0.0,0.0
103804,0.0,0.0,0.0
103805,0.0,0.0,0.0
103806,0.0,0.0,0.0
103807,0.0,0.0,0.0
103808,0.0,0.0,0.0
103809,0.0,0.0,0.0
103810,0.0,0.0,0.0
103811,0.0,0.0,0.0
103812,0.0,0.0,0.0
103813,0.0,0.0,0.0
103814,0.0,0.0,0.0
103815,0.0,0.0,0.0
103816,0.0,0.0,0.0
103817,0.0,0.0,0.0
103818,0.0,0.0,0.0
103819,0.0,0.0,0.0
103820,0.0,0.0,0.0
103821,0.0,0.0,0.0
103822,0.0,0.0,0.0
103823,0.0,0.0,0.0
103824,0.0,0.0,0.0
103825,0.0,0.0,0.0
103826,0.0,0.0,0.0
103827,0.0,0.0,0.0
103828,0.0,0.0,0.0
103829,0.0,0.0,0.0
103830,0.0,0.0,0.0
103831,0.0,0.0,0.0
103832,0.0,0.0,0.0
103833,0.0,0.0,0.0
103834,0.0,0.0,0.0
103835,0.0,0.0,0.0
103836,0.0,0.0,0.0
103837,0.0,0.0,0.0
103838,0.0,0.0,0.0
103839,0.0,0.0,0.0
103840,0.0,0.0,0.0
103841,0.0,0.0,0.0
103842,0.0,0.0,0.0
103843,0.0,0.0,0.0
103844,0.0,0.0,0.0
103845,0.0,0.0,0.0
103846,0.0,0.0,0.0
103847,0.0,0.0,0.0
103848,0.0,0.0,0.0
103849,0.0,0.0,0.0
103850,0.0,0.0,0.0
103851,0.0,0.0,0.0
103852,0.0,0.0,0.0
103853,0.0,0.0,0.0
103854,0.0,0.0,0.0
103855,0.0,0.0,0.0
103856,0.0,0.0,0.0
103857,0.0,0.0,0.0
103858,0.0,0.0,0.0
103859,0.0,0.0,0.0
103860,0.0,0.0,0.0
103861,0.0,0.0,0.0
103862,0.0,0.0,0.0
103863,0.0,0.0,0.0
103864,0.0,0.0,0.0
103865,0.0,0.0,0.0
103866,0.0,0.0,0.0
103867,0.0,0.0,0.0
103868,0.0,0.0,0.0
103869,0.0,0.0,0.0
103870,0.0,0.0,0.0
103871,0.0,0.0,0.0
103872,0.0,0.0,0.0
103873,0.0,0.0,0.0
103874,0.0,0.0,0.0
103875,0.0,0.0,0.0
103876,0.0,0.0,0.0
103877,0.0,0.0,0.0
103878,0.0,0.0,0.0
103879,0.0,0.0,0.0
103880,0.0,0.0,0.0
103881,0.0,0.0,0.0
103882,0.0,0.0,0.0
103883,0.0,0.0,0.0
103884,0.0,0.0,0.0
103885,0.0,0.0,0.0
103886,0.0,0.0,0.0
103887,0.0,0.0,0.0
103888,0.0,0.0,0.0
103889,0.0,0.0,0.0
103890,0.0,0.0,0.0
103891,0.0,0.0,0.0
103892,0.0,0.0,0.0
103893,0.0,0.0,0.0
103894,0.0,0.0,0.0
103895,0.0,0.0,0.0
103896,0.0,0.0,0.0
103897,0.0,0.0,0.0
103898,0.0,0.0,0.0
103899,0.0,0.0,0.0
103900,0.0,0.0,0.0
103901,0.0,0.0,0.0
103902,0.0,0.0,0.0
103903,0.0,0.0,0.0
103904,0.0,0.0,0.0
103905,0.0,0.0,0.0
103906,0.0,0.0,0.0
103907,0.0,0.0,0.0
103908,0.0,0.0,0.0
103909,0.0,0.0,0.0
103910,0.0,0.0,0.0
103911,0.0,0.0,0.0
103912,0.0,0.0,0.0
103913,0.0,0.0,0.0
103914,0.0,0.0,0.0
103915,0.0,0.0,0.0
103916,0.0,0.0,0.0
103917,0.0,0.0,0.0
103918,0.0,0.0,0.0
103919,0.0,0.0,0.0
103920,0.0,0.0,0.0
103921,0.0,0.0,0.0
103922,0.0,0.0,0.0
103923,0.0,0.0,0.0
103924,0.0,0.0,0.0
103925,0.0,0.0,0.0
103926,0.0,0.0,0.0
103927,0.0,0.0,0.0
103928,0.0,0.0,0.0
103929,0.0,0.0,0.0
103930,0.0,0.0,0.0
103931,0.0,0.0,0.0
103932,0.0,0.0,0.0
103933,0.0,0.0,0.0
103934,0.0,0.0,0.0
103935,0.0,0.0,0.0
103936,0.0,0.0,0.0
103937,0.0,0.0,0.0
103938,0.0,0.0,0.0
103939,0.0,0.0,0.0
103940,0.0,0.0,0.0
103941,0.0,0.0,0.0
103942,0.0,0.0,0.0
103943,0.0,0.0,0.0
103944,0.0,0.0,0.0
103945,0.0,0.0,0.0
103946,0.0,0.0,0.0
103947,0.0,0.0,0.0
103948,0.0,0.0,0.0
103949,0.0,0.0,0.0
103950,0.0,0.0,0.0
103951,0.0,0.0,0.0
103952,0.0,0.0,0.0
103953,0.0,0.0,0.0
103954,0.0,0.0,0.0
103955,0.0,0.0,0.0
103956,0.0,0.0,0.0
103957,0.0,0.0,0.0
103958,0.0,0.0,0.0
103959,0.0,0.0,0.0
103960,0.0,0.0,0.0
103961,0.0,0.0,0.0
103962,0.0,0.0,0.0
103963,0.0,0.0,0.0
103964,0.0,0.0,0.0
103965,0.0,0.0,0.0
103966,0.0,0.0,0.0
103967,0.0,0.0,0.0
103968,0.0,0.0,0.0
103969,0.0,0.0,0.0
103970,0.0,0.0,0.0
103971,0.0,0.0,0.0
103972,0.0,0.0,0.0
103973,0.0,0.0,0.0
103974,0.0,0.0,0.0
103975,0.0,0.0,0.0
103976,0.0,0.0,0.0
103977,0.0,0.0,0.0
103978,0.0,0.0,0.0
103979,0.0,0.0,0.0
103980,0.0,0.0,0.0
103981,0.0,0.0,0.0
103982,0.0,0.0,0.0
103983,0.0,0.0,0.0
103984,0.0,0.0,0.0
103985,0.0,0.0,0.0
103986,0.0,0.0,0.0
103987,0.0,0.0,0.0
103988,0.0,0.0,0.0
103989,0.0,0.0,0.0
103990,0.0,0.0,0.0
103991,0.0,0.0,0.0
103992,0.0,0.0,0.0
103993,0.0,0.0,0.0
103994,0.0,0.0,0.0
103995,0.0,0.0,0.0
103996,0.0,0.0,0.0
103997,0.0,0.0,0.0
103998,0.0,0.0,0.0
103999,0.0,0.0,0.0
104000,0.0,0.0,0.0
104001,0.0,0.0,0.0
104002,0.0,0.0,0.0
104003,0.0,0.0,0.0
104004,0.0,0.0,0.0
104005,0.0,0.0,0.0
104006,0.0,0.0,0.0
104007,0.0,0.0,0.0
104008,0.0,0.0,0.0
104009,0.0,0.0,0.0
104010,0.0,0.0,0.0
104011,0.0,0.0,0.0
104012,0.0,0.0,0.0
104013,0.0,0.0,0.0
104014,0.0,0.0,0.0
104015,0.0,0.0,0.0
104016,0.0,0.0,0.0
104017,0.0,0.0,0.0
104018,0.0,0.0,0.0
104019,0.0,0.0,0.0
104020,0.0,0.0,0.0
104021,0.0,0.0,0.0
104022,0.0,0.0,0.0
104023,0.0,0.0,0.0
104024,0.0,0.0,0.0
104025,0.0,0.0,0.0
104026,0.0,0.0,0.0
104027,0.0,0.0,0.0
104028,0.0,0.0,0.0
104029,0.0,0.0,0.0
104030,0.0,0.0,0.0
104031,0.0,0.0,0.0
104032,0.0,0.0,0.0
104033,0.0,0.0,0.0
104034,0.0,0.0,0.0
104035,0.0,0.0,0.0
104036,0.0,0.0,0.0
104037,0.0,0.0,0.0
104038,0.0,0.0,0.0
104039,0.0,0.0,0.0
104040,0.0,0.0,0.0
104041,0.0,0.0,0.0
104042,0.0,0.0,0.0
104043,0.0,0.0,0.0
104044,0.0,0.0,0.0
104045,0.0,0.0,0.0
104046,0.0,0.0,0.0
104047,0.0,0.0,0.0
104048,0.0,0.0,0.0
104049,0.0,0.0,0.0
104050,0.0,0.0,0.0
104051,0.0,0.0,0.0
104052,0.0,0.0,0.0
104053,0.0,0.0,0.0
104054,0.0,0.0,0.0
104055,0.0,0.0,0.0
104056,0.0,0.0,0.0
104057,0.0,0.0,0.0
104058,0.0,0.0,0.0
104059,0.0,0.0,0.0
104060,0.0,0.0,0.0
104061,0.0,0.0,0.0
104062,0.0,0.0,0.0
104063,0.0,0.0,0.0
104064,0.0,0.0,0.0
104065,0.0,0.0,0.0
104066,0.0,0.0,0.0
104067,0.0,0.0,0.0
104068,0.0,0.0,0.0
104069,0.0,0.0,0.0
104070,0.0,0.0,0.0
104071,0.0,0.0,0.0
104072,0.0,0.0,0.0
104073,0.0,0.0,0.0
104074,0.0,0.0,0.0
104075,0.0,0.0,0.0
104076,0.0,0.0,0.0
104077,0.0,0.0,0.0
104078,0.0,0.0,0.0
104079,0.0,0.0,0.0
104080,0.0,0.0,0.0
104081,0.0,0.0,0.0
104082,0.0,0.0,0.0
104083,0.0,0.0,0.0
104084,0.0,0.0,0.0
104085,0.0,0.0,0.0
104086,0.0,0.0,0.0
104087,0.0,0.0,0.0
104088,0.0,0.0,0.0
104089,0.0,0.0,0.0
104090,0.0,0.0,0.0
104091,0.0,0.0,0.0
104092,0.0,0.0,0.0
104093,0.0,0.0,0.0
104094,0.0,0.0,0.0
104095,0.0,0.0,0.0
104096,0.0,0.0,0.0
104097,0.0,0.0,0.0
104098,0.0,0.0,0.0
104099,0.0,0.0,0.0
104100,0.0,0.0,0.0
104101,0.0,0.0,0.0
104102,0.0,0.0,0.0
104103,0.0,0.0,0.0
104104,0.0,0.0,0.0
104105,0.0,0.0,0.0
104106,0.0,0.0,0.0
104107,0.0,0.0,0.0
104108,0.0,0.0,0.0
104109,0.0,0.0,0.0
104110,0.0,0.0,0.0
104111,0.0,0.0,0.0
104112,0.0,0.0,0.0
104113,0.0,0.0,0.0
104114,0.0,0.0,0.0
104115,0.0,0.0,0.0
104116,0.0,0.0,0.0
104117,0.0,0.0,0.0
104118,0.0,0.0,0.0
104119,0.0,0.0,0.0
104120,0.0,0.0,0.0
104121,0.0,0.0,0.0
104122,0.0,0.0,0.0
104123,0.0,0.0,0.0
104124,0.0,0.0,0.0
104125,0.0,0.0,0.0
104126,0.0,0.0,0.0
104127,0.0,0.0,0.0
104128,0.0,0.0,0.0
104129,0.0,0.0,0.0
104130,0.0,0.0,0.0
104131,0.0,0.0,0.0
104132,0.0,0.0,0.0
104133,0.0,0.0,0.0
104134,0.0,0.0,0.0
104135,0.0,0.0,0.0
104136,0.0,0.0,0.0
104137,0.0,0.0,0.0
104138,0.0,0.0,0.0
104139,0.0,0.0,0.0
104140,0.0,0.0,0.0
104141,0.0,0.0,0.0
104142,0.0,0.0,0.0
104143,0.0,0.0,0.0
104144,0.0,0.0,0.0
104145,0.0,0.0,0.0
104146,0.0,0.0,0.0
104147,0.0,0.0,0.0
104148,0.0,0.0,0.0
104149,0.0,0.0,0.0
104150,0.0,0.0,0.0
104151,0.0,0.0,0.0
104152,0.0,0.0,0.0
104153,0.0,0.0,0.0
104154,0.0,0.0,0.0
104155,0.0,0.0,0.0
104156,0.0,0.0,0.0
104157,0.0,0.0,0.0
104158,0.0,0.0,0.0
104159,0.0,0.0,0.0
104160,0.0,0.0,0.0
104161,0.0,0.0,0.0
104162,0.0,0.0,0.0
104163,0.0,0.0,0.0
104164,0.0,0.0,0.0
104165,0.0,0.0,0.0
104166,0.0,0.0,0.0
104167,0.0,0.0,0.0
104168,0.0,0.0,0.0
104169,0.0,0.0,0.0
104170,0.0,0.0,0.0
104171,0.0,0.0,0.0
104172,0.0,0.0,0.0
104173,0.0,0.0,0.0
104174,0.0,0.0,0.0
104175,0.0,0.0,0.0
104176,0.0,0.0,0.0
104177,0.0,0.0,0.0
104178,0.0,0.0,0.0
104179,0.0,0.0,0.0
104180,0.0,0.0,0.0
104181,0.0,0.0,0.0
104182,0.0,0.0,0.0
104183,0.0,0.0,0.0
104184,0.0,0.0,0.0
104185,0.0,0.0,0.0
104186,0.0,0.0,0.0
104187,0.0,0.0,0.0
104188,0.0,0.0,0.0
104189,0.0,0.0,0.0
104190,0.0,0.0,0.0
104191,0.0,0.0,0.0
104192,0.0,0.0,0.0
104193,0.0,0.0,0.0
104194,0.0,0.0,0.0
104195,0.0,0.0,0.0
104196,0.0,0.0,0.0
104197,0.0,0.0,0.0
104198,0.0,0.0,0.0
104199,0.0,0.0,0.0
104200,0.0,0.0,0.0
104201,0.0,0.0,0.0
104202,0.0,0.0,0.0
104203,0.0,0.0,0.0
104204,0.0,0.0,0.0
104205,0.0,0.0,0.0
104206,0.0,0.0,0.0
104207,0.0,0.0,0.0
104208,0.0,0.0,0.0
104209,0.0,0.0,0.0
104210,0.0,0.0,0.0
104211,0.0,0.0,0.0
104212,0.0,0.0,0.0
104213,0.0,0.0,0.0
104214,0.0,0.0,0.0
104215,0.0,0.0,0.0
104216,0.0,0.0,0.0
104217,0.0,0.0,0.0
104218,0.0,0.0,0.0
104219,0.0,0.0,0.0
104220,0.0,0.0,0.0
104221,0.0,0.0,0.0
104222,0.0,0.0,0.0
104223,0.0,0.0,0.0
104224,0.0,0.0,0.0
104225,0.0,0.0,0.0
104226,0.0,0.0,0.0
104227,0.0,0.0,0.0
104228,0.0,0.0,0.0
104229,0.0,0.0,0.0
104230,0.0,0.0,0.0
104231,0.0,0.0,0.0
104232,0.0,0.0,0.0
104233,0.0,0.0,0.0
104234,0.0,0.0,0.0
104235,0.0,0.0,0.0
104236,0.0,0.0,0.0
104237,0.0,0.0,0.0
104238,0.0,0.0,0.0
104239,0.0,0.0,0.0
104240,0.0,0.0,0.0
104241,0.0,0.0,0.0
104242,0.0,0.0,0.0
104243,0.0,0.0,0.0
104244,0.0,0.0,0.0
104245,0.0,0.0,0.0
104246,0.0,0.0,0.0
104247,0.0,0.0,0.0
104248,0.0,0.0,0.0
104249,0.0,0.0,0.0
104250,0.0,0.0,0.0
104251,0.0,0.0,0.0
104252,0.0,0.0,0.0
104253,0.0,0.0,0.0
104254,0.0,0.0,0.0
104255,0.0,0.0,0.0
104256,0.0,0.0,0.0
104257,0.0,0.0,0.0
104258,0.0,0.0,0.0
104259,0.0,0.0,0.0
104260,0.0,0.0,0.0
104261,0.0,0.0,0.0
104262,0.0,0.0,0.0
104263,0.0,0.0,0.0
104264,0.0,0.0,0.0
104265,0.0,0.0,0.0
104266,0.0,0.0,0.0
104267,0.0,0.0,0.0
104268,0.0,0.0,0.0
104269,0.0,0.0,0.0
104270,0.0,0.0,0.0
104271,0.0,0.0,0.0
104272,0.0,0.0,0.0
104273,0.0,0.0,0.0
104274,0.0,0.0,0.0
104275,0.0,0.0,0.0
104276,0.0,0.0,0.0
104277,0.0,0.0,0.0
104278,0.0,0.0,0.0
104279,0.0,0.0,0.0
104280,0.0,0.0,0.0
104281,0.0,0.0,0.0
104282,0.0,0.0,0.0
104283,0.0,0.0,0.0
104284,0.0,0.0,0.0
104285,0.0,0.0,0.0
104286,0.0,0.0,0.0
104287,0.0,0.0,0.0
104288,0.0,0.0,0.0
104289,0.0,0.0,0.0
104290,0.0,0.0,0.0
104291,0.0,0.0,0.0
104292,0.0,0.0,0.0
104293,0.0,0.0,0.0
104294,0.0,0.0,0.0
104295,0.0,0.0,0.0
104296,0.0,0.0,0.0
104297,0.0,0.0,0.0
104298,0.0,0.0,0.0
104299,0.0,0.0,0.0
104300,0.0,0.0,0.0
104301,0.0,0.0,0.0
104302,0.0,0.0,0.0
104303,0.0,0.0,0.0
104304,0.0,0.0,0.0
104305,0.0,0.0,0.0
104306,0.0,0.0,0.0
104307,0.0,0.0,0.0
104308,0.0,0.0,0.0
104309,0.0,0.0,0.0
104310,0.0,0.0,0.0
104311,0.0,0.0,0.0
104312,0.0,0.0,0.0
104313,0.0,0.0,0.0
104314,0.0,0.0,0.0
104315,0.0,0.0,0.0
104316,0.0,0.0,0.0
104317,0.0,0.0,0.0
104318,0.0,0.0,0.0
104319,0.0,0.0,0.0
104320,0.0,0.0,0.0
104321,0.0,0.0,0.0
104322,0.0,0.0,0.0
104323,0.0,0.0,0.0
104324,0.0,0.0,0.0
104325,0.0,0.0,0.0
104326,0.0,0.0,0.0
104327,0.0,0.0,0.0
104328,0.0,0.0,0.0
104329,0.0,0.0,0.0
104330,0.0,0.0,0.0
104331,0.0,0.0,0.0
104332,0.0,0.0,0.0
104333,0.0,0.0,0.0
104334,0.0,0.0,0.0
104335,0.0,0.0,0.0
104336,0.0,0.0,0.0
104337,0.0,0.0,0.0
104338,0.0,0.0,0.0
104339,0.0,0.0,0.0
104340,0.0,0.0,0.0
104341,0.0,0.0,0.0
104342,0.0,0.0,0.0
104343,0.0,0.0,0.0
104344,0.0,0.0,0.0
104345,0.0,0.0,0.0
104346,0.0,0.0,0.0
104347,0.0,0.0,0.0
104348,0.0,0.0,0.0
104349,0.0,0.0,0.0
104350,0.0,0.0,0.0
104351,0.0,0.0,0.0
104352,0.0,0.0,0.0
104353,0.0,0.0,0.0
104354,0.0,0.0,0.0
104355,0.0,0.0,0.0
104356,0.0,0.0,0.0
104357,0.0,0.0,0.0
104358,0.0,0.0,0.0
104359,0.0,0.0,0.0
104360,0.0,0.0,0.0
104361,0.0,0.0,0.0
104362,0.0,0.0,0.0
104363,0.0,0.0,0.0
104364,0.0,0.0,0.0
104365,0.0,0.0,0.0
104366,0.0,0.0,0.0
104367,0.0,0.0,0.0
104368,0.0,0.0,0.0
104369,0.0,0.0,0.0
104370,0.0,0.0,0.0
104371,0.0,0.0,0.0
104372,0.0,0.0,0.0
104373,0.0,0.0,0.0
104374,0.0,0.0,0.0
104375,0.0,0.0,0.0
104376,0.0,0.0,0.0
104377,0.0,0.0,0.0
104378,0.0,0.0,0.0
104379,0.0,0.0,0.0
104380,0.0,0.0,0.0
104381,0.0,0.0,0.0
104382,0.0,0.0,0.0
104383,0.0,0.0,0.0
104384,0.0,0.0,0.0
104385,0.0,0.0,0.0
104386,0.0,0.0,0.0
104387,0.0,0.0,0.0
104388,0.0,0.0,0.0
104389,0.0,0.0,0.0
104390,0.0,0.0,0.0
104391,0.0,0.0,0.0
104392,0.0,0.0,0.0
104393,0.0,0.0,0.0
104394,0.0,0.0,0.0
104395,0.0,0.0,0.0
104396,0.0,0.0,0.0
104397,0.0,0.0,0.0
104398,0.0,0.0,0.0
104399,0.0,0.0,0.0
104400,0.0,0.0,0.0
104401,0.0,0.0,0.0
104402,0.0,0.0,0.0
104403,0.0,0.0,0.0
104404,0.0,0.0,0.0
104405,0.0,0.0,0.0
104406,0.0,0.0,0.0
104407,0.0,0.0,0.0
104408,0.0,0.0,0.0
104409,0.0,0.0,0.0
104410,0.0,0.0,0.0
104411,0.0,0.0,0.0
104412,0.0,0.0,0.0
104413,0.0,0.0,0.0
104414,0.0,0.0,0.0
104415,0.0,0.0,0.0
104416,0.0,0.0,0.0
104417,0.0,0.0,0.0
104418,0.0,0.0,0.0
104419,0.0,0.0,0.0
104420,0.0,0.0,0.0
104421,0.0,0.0,0.0
104422,0.0,0.0,0.0
104423,0.0,0.0,0.0
104424,0.0,0.0,0.0
104425,0.0,0.0,0.0
104426,0.0,0.0,0.0
104427,0.0,0.0,0.0
104428,0.0,0.0,0.0
104429,0.0,0.0,0.0
104430,0.0,0.0,0.0
104431,0.0,0.0,0.0
104432,0.0,0.0,0.0
104433,0.0,0.0,0.0
104434,0.0,0.0,0.0
104435,0.0,0.0,0.0
104436,0.0,0.0,0.0
104437,0.0,0.0,0.0
104438,0.0,0.0,0.0
104439,0.0,0.0,0.0
104440,0.0,0.0,0.0
104441,0.0,0.0,0.0
104442,0.0,0.0,0.0
104443,0.0,0.0,0.0
104444,0.0,0.0,0.0
104445,0.0,0.0,0.0
104446,0.0,0.0,0.0
104447,0.0,0.0,0.0
104448,0.0,0.0,0.0
104449,0.0,0.0,0.0
104450,0.0,0.0,0.0
104451,0.0,0.0,0.0
104452,0.0,0.0,0.0
104453,0.0,0.0,0.0
104454,0.0,0.0,0.0
104455,0.0,0.0,0.0
104456,0.0,0.0,0.0
104457,0.0,0.0,0.0
104458,0.0,0.0,0.0
104459,0.0,0.0,0.0
104460,0.0,0.0,0.0
104461,0.0,0.0,0.0
104462,0.0,0.0,0.0
104463,0.0,0.0,0.0
104464,0.0,0.0,0.0
104465,0.0,0.0,0.0
104466,0.0,0.0,0.0
104467,0.0,0.0,0.0
104468,0.0,0.0,0.0
104469,0.0,0.0,0.0
104470,0.0,0.0,0.0
104471,0.0,0.0,0.0
104472,0.0,0.0,0.0
104473,0.0,0.0,0.0
104474,0.0,0.0,0.0
104475,0.0,0.0,0.0
104476,0.0,0.0,0.0
104477,0.0,0.0,0.0
104478,0.0,0.0,0.0
104479,0.0,0.0,0.0
104480,0.0,0.0,0.0
104481,0.0,0.0,0.0
104482,0.0,0.0,0.0
104483,0.0,0.0,0.0
104484,0.0,0.0,0.0
104485,0.0,0.0,0.0
104486,0.0,0.0,0.0
104487,0.0,0.0,0.0
104488,0.0,0.0,0.0
104489,0.0,0.0,0.0
104490,0.0,0.0,0.0
104491,0.0,0.0,0.0
104492,0.0,0.0,0.0
104493,0.0,0.0,0.0
104494,0.0,0.0,0.0
104495,0.0,0.0,0.0
104496,0.0,0.0,0.0
104497,0.0,0.0,0.0
104498,0.0,0.0,0.0
104499,0.0,0.0,0.0
104500,0.0,0.0,0.0
104501,0.0,0.0,0.0
104502,0.0,0.0,0.0
104503,0.0,0.0,0.0
104504,0.0,0.0,0.0
104505,0.0,0.0,0.0
104506,0.0,0.0,0.0
104507,0.0,0.0,0.0
104508,0.0,0.0,0.0
104509,0.0,0.0,0.0
104510,0.0,0.0,0.0
104511,0.0,0.0,0.0
104512,0.0,0.0,0.0
104513,0.0,0.0,0.0
104514,0.0,0.0,0.0
104515,0.0,0.0,0.0
104516,0.0,0.0,0.0
104517,0.0,0.0,0.0
104518,0.0,0.0,0.0
104519,0.0,0.0,0.0
104520,0.0,0.0,0.0
104521,0.0,0.0,0.0
104522,0.0,0.0,0.0
104523,0.0,0.0,0.0
104524,0.0,0.0,0.0
104525,0.0,0.0,0.0
104526,0.0,0.0,0.0
104527,0.0,0.0,0.0
104528,0.0,0.0,0.0
104529,0.0,0.0,0.0
104530,0.0,0.0,0.0
104531,0.0,0.0,0.0
104532,0.0,0.0,0.0
104533,0.0,0.0,0.0
104534,0.0,0.0,0.0
104535,0.0,0.0,0.0
104536,0.0,0.0,0.0
104537,0.0,0.0,0.0
104538,0.0,0.0,0.0
104539,0.0,0.0,0.0
104540,0.0,0.0,0.0
104541,0.0,0.0,0.0
104542,0.0,0.0,0.0
104543,0.0,0.0,0.0
104544,0.0,0.0,0.0
104545,0.0,0.0,0.0
104546,0.0,0.0,0.0
104547,0.0,0.0,0.0
104548,0.0,0.0,0.0
104549,0.0,0.0,0.0
104550,0.0,0.0,0.0
104551,0.0,0.0,0.0
104552,0.0,0.0,0.0
104553,0.0,0.0,0.0
104554,0.0,0.0,0.0
104555,0.0,0.0,0.0
104556,0.0,0.0,0.0
104557,0.0,0.0,0.0
104558,0.0,0.0,0.0
104559,0.0,0.0,0.0
104560,0.0,0.0,0.0
104561,0.0,0.0,0.0
104562,0.0,0.0,0.0
104563,0.0,0.0,0.0
104564,0.0,0.0,0.0
104565,0.0,0.0,0.0
104566,0.0,0.0,0.0
104567,0.0,0.0,0.0
104568,0.0,0.0,0.0
104569,0.0,0.0,0.0
104570,0.0,0.0,0.0
104571,0.0,0.0,0.0
104572,0.0,0.0,0.0
104573,0.0,0.0,0.0
104574,0.0,0.0,0.0
104575,0.0,0.0,0.0
104576,0.0,0.0,0.0
104577,0.0,0.0,0.0
104578,0.0,0.0,0.0
104579,0.0,0.0,0.0
104580,0.0,0.0,0.0
104581,0.0,0.0,0.0
104582,0.0,0.0,0.0
104583,0.0,0.0,0.0
104584,0.0,0.0,0.0
104585,0.0,0.0,0.0
104586,0.0,0.0,0.0
104587,0.0,0.0,0.0
104588,0.0,0.0,0.0
104589,0.0,0.0,0.0
104590,0.0,0.0,0.0
104591,0.0,0.0,0.0
104592,0.0,0.0,0.0
104593,0.0,0.0,0.0
104594,0.0,0.0,0.0
104595,0.0,0.0,0.0
104596,0.0,0.0,0.0
104597,0.0,0.0,0.0
104598,0.0,0.0,0.0
104599,0.0,0.0,0.0
104600,0.0,0.0,0.0
104601,0.0,0.0,0.0
104602,0.0,0.0,0.0
104603,0.0,0.0,0.0
104604,0.0,0.0,0.0
104605,0.0,0.0,0.0
104606,0.0,0.0,0.0
104607,0.0,0.0,0.0
104608,0.0,0.0,0.0
104609,0.0,0.0,0.0
104610,0.0,0.0,0.0
104611,0.0,0.0,0.0
104612,0.0,0.0,0.0
104613,0.0,0.0,0.0
104614,0.0,0.0,0.0
104615,0.0,0.0,0.0
104616,0.0,0.0,0.0
104617,0.0,0.0,0.0
104618,0.0,0.0,0.0
104619,0.0,0.0,0.0
104620,0.0,0.0,0.0
104621,0.0,0.0,0.0
104622,0.0,0.0,0.0
104623,0.0,0.0,0.0
104624,0.0,0.0,0.0
104625,0.0,0.0,0.0
104626,0.0,0.0,0.0
104627,0.0,0.0,0.0
104628,0.0,0.0,0.0
104629,0.0,0.0,0.0
104630,0.0,0.0,0.0
104631,0.0,0.0,0.0
104632,0.0,0.0,0.0
104633,0.0,0.0,0.0
104634,0.0,0.0,0.0
104635,0.0,0.0,0.0
104636,0.0,0.0,0.0
104637,0.0,0.0,0.0
104638,0.0,0.0,0.0
104639,0.0,0.0,0.0
104640,0.0,0.0,0.0
104641,0.0,0.0,0.0
104642,0.0,0.0,0.0
104643,0.0,0.0,0.0
104644,0.0,0.0,0.0
104645,0.0,0.0,0.0
104646,0.0,0.0,0.0
104647,0.0,0.0,0.0
104648,0.0,0.0,0.0
104649,0.0,0.0,0.0
104650,0.0,0.0,0.0
104651,0.0,0.0,0.0
104652,0.0,0.0,0.0
104653,0.0,0.0,0.0
104654,0.0,0.0,0.0
104655,0.0,0.0,0.0
104656,0.0,0.0,0.0
104657,0.0,0.0,0.0
104658,0.0,0.0,0.0
104659,0.0,0.0,0.0
104660,0.0,0.0,0.0
104661,0.0,0.0,0.0
104662,0.0,0.0,0.0
104663,0.0,0.0,0.0
104664,0.0,0.0,0.0
104665,0.0,0.0,0.0
104666,0.0,0.0,0.0
104667,0.0,0.0,0.0
104668,0.0,0.0,0.0
104669,0.0,0.0,0.0
104670,0.0,0.0,0.0
104671,0.0,0.0,0.0
104672,0.0,0.0,0.0
104673,0.0,0.0,0.0
104674,0.0,0.0,0.0
104675,0.0,0.0,0.0
104676,0.0,0.0,0.0
104677,0.0,0.0,0.0
104678,0.0,0.0,0.0
104679,0.0,0.0,0.0
104680,0.0,0.0,0.0
104681,0.0,0.0,0.0
104682,0.0,0.0,0.0
104683,0.0,0.0,0.0
104684,0.0,0.0,0.0
104685,0.0,0.0,0.0
104686,0.0,0.0,0.0
104687,0.0,0.0,0.0
104688,0.0,0.0,0.0
104689,0.0,0.0,0.0
104690,0.0,0.0,0.0
104691,0.0,0.0,0.0
104692,0.0,0.0,0.0
104693,0.0,0.0,0.0
104694,0.0,0.0,0.0
104695,0.0,0.0,0.0
104696,0.0,0.0,0.0
104697,0.0,0.0,0.0
104698,0.0,0.0,0.0
104699,0.0,0.0,0.0
104700,0.0,0.0,0.0
104701,0.0,0.0,0.0
104702,0.0,0.0,0.0
104703,0.0,0.0,0.0
104704,0.0,0.0,0.0
104705,0.0,0.0,0.0
104706,0.0,0.0,0.0
104707,0.0,0.0,0.0
104708,0.0,0.0,0.0
104709,0.0,0.0,0.0
104710,0.0,0.0,0.0
104711,0.0,0.0,0.0
104712,0.0,0.0,0.0
104713,0.0,0.0,0.0
104714,0.0,0.0,0.0
104715,0.0,0.0,0.0
104716,0.0,0.0,0.0
104717,0.0,0.0,0.0
104718,0.0,0.0,0.0
104719,0.0,0.0,0.0
104720,0.0,0.0,0.0
104721,0.0,0.0,0.0
104722,0.0,0.0,0.0
104723,0.0,0.0,0.0
104724,0.0,0.0,0.0
104725,0.0,0.0,0.0
104726,0.0,0.0,0.0
104727,0.0,0.0,0.0
104728,0.0,0.0,0.0
104729,0.0,0.0,0.0
104730,0.0,0.0,0.0
104731,0.0,0.0,0.0
104732,0.0,0.0,0.0
104733,0.0,0.0,0.0
104734,0.0,0.0,0.0
104735,0.0,0.0,0.0
104736,0.0,0.0,0.0
104737,0.0,0.0,0.0
104738,0.0,0.0,0.0
104739,0.0,0.0,0.0
104740,0.0,0.0,0.0
104741,0.0,0.0,0.0
104742,0.0,0.0,0.0
104743,0.0,0.0,0.0
104744,0.0,0.0,0.0
104745,0.0,0.0,0.0
104746,0.0,0.0,0.0
104747,0.0,0.0,0.0
104748,0.0,0.0,0.0
104749,0.0,0.0,0.0
104750,0.0,0.0,0.0
104751,0.0,0.0,0.0
104752,0.0,0.0,0.0
104753,0.0,0.0,0.0
104754,0.0,0.0,0.0
104755,0.0,0.0,0.0
104756,0.0,0.0,0.0
104757,0.0,0.0,0.0
104758,0.0,0.0,0.0
104759,0.0,0.0,0.0
104760,0.0,0.0,0.0
104761,0.0,0.0,0.0
104762,0.0,0.0,0.0
104763,0.0,0.0,0.0
104764,0.0,0.0,0.0
104765,0.0,0.0,0.0
104766,0.0,0.0,0.0
104767,0.0,0.0,0.0
104768,0.0,0.0,0.0
104769,0.0,0.0,0.0
104770,0.0,0.0,0.0
104771,0.0,0.0,0.0
104772,0.0,0.0,0.0
104773,0.0,0.0,0.0
104774,0.0,0.0,0.0
104775,0.0,0.0,0.0
104776,0.0,0.0,0.0
104777,0.0,0.0,0.0
104778,0.0,0.0,0.0
104779,0.0,0.0,0.0
104780,0.0,0.0,0.0
104781,0.0,0.0,0.0
104782,0.0,0.0,0.0
104783,0.0,0.0,0.0
104784,0.0,0.0,0.0
104785,0.0,0.0,0.0
104786,0.0,0.0,0.0
104787,0.0,0.0,0.0
104788,0.0,0.0,0.0
104789,0.0,0.0,0.0
104790,0.0,0.0,0.0
104791,0.0,0.0,0.0
104792,0.0,0.0,0.0
104793,0.0,0.0,0.0
104794,0.0,0.0,0.0
104795,0.0,0.0,0.0
104796,0.0,0.0,0.0
104797,0.0,0.0,0.0
104798,0.0,0.0,0.0
104799,0.0,0.0,0.0
104800,0.0,0.0,0.0
104801,0.0,0.0,0.0
104802,0.0,0.0,0.0
104803,0.0,0.0,0.0
104804,0.0,0.0,0.0
104805,0.0,0.0,0.0
104806,0.0,0.0,0.0
104807,0.0,0.0,0.0
104808,0.0,0.0,0.0
104809,0.0,0.0,0.0
104810,0.0,0.0,0.0
104811,0.0,0.0,0.0
104812,0.0,0.0,0.0
104813,0.0,0.0,0.0
104814,0.0,0.0,0.0
104815,0.0,0.0,0.0
104816,0.0,0.0,0.0
104817,0.0,0.0,0.0
104818,0.0,0.0,0.0
104819,0.0,0.0,0.0
104820,0.0,0.0,0.0
104821,0.0,0.0,0.0
104822,0.0,0.0,0.0
104823,0.0,0.0,0.0
104824,0.0,0.0,0.0
104825,0.0,0.0,0.0
104826,0.0,0.0,0.0
104827,0.0,0.0,0.0
104828,0.0,0.0,0.0
104829,0.0,0.0,0.0
104830,0.0,0.0,0.0
104831,0.0,0.0,0.0
104832,0.0,0.0,0.0
104833,0.0,0.0,0.0
104834,0.0,0.0,0.0
104835,0.0,0.0,0.0
104836,0.0,0.0,0.0
104837,0.0,0.0,0.0
104838,0.0,0.0,0.0
104839,0.0,0.0,0.0
104840,0.0,0.0,0.0
104841,0.0,0.0,0.0
104842,0.0,0.0,0.0
104843,0.0,0.0,0.0
104844,0.0,0.0,0.0
104845,0.0,0.0,0.0
104846,0.0,0.0,0.0
104847,0.0,0.0,0.0
104848,0.0,0.0,0.0
104849,0.0,0.0,0.0
104850,0.0,0.0,0.0
104851,0.0,0.0,0.0
104852,0.0,0.0,0.0
104853,0.0,0.0,0.0
104854,0.0,0.0,0.0
104855,0.0,0.0,0.0
104856,0.0,0.0,0.0
104857,0.0,0.0,0.0
104858,0.0,0.0,0.0
104859,0.0,0.0,0.0
104860,0.0,0.0,0.0
104861,0.0,0.0,0.0
104862,0.0,0.0,0.0
104863,0.0,0.0,0.0
104864,0.0,0.0,0.0
104865,0.0,0.0,0.0
104866,0.0,0.0,0.0
104867,0.0,0.0,0.0
104868,0.0,0.0,0.0
104869,0.0,0.0,0.0
104870,0.0,0.0,0.0
104871,0.0,0.0,0.0
104872,0.0,0.0,0.0
104873,0.0,0.0,0.0
104874,0.0,0.0,0.0
104875,0.0,0.0,0.0
104876,0.0,0.0,0.0
104877,0.0,0.0,0.0
104878,0.0,0.0,0.0
104879,0.0,0.0,0.0
104880,0.0,0.0,0.0
104881,0.0,0.0,0.0
104882,0.0,0.0,0.0
104883,0.0,0.0,0.0
104884,0.0,0.0,0.0
104885,0.0,0.0,0.0
104886,0.0,0.0,0.0
104887,0.0,0.0,0.0
104888,0.0,0.0,0.0
104889,0.0,0.0,0.0
104890,0.0,0.0,0.0
104891,0.0,0.0,0.0
104892,0.0,0.0,0.0
104893,0.0,0.0,0.0
104894,0.0,0.0,0.0
104895,0.0,0.0,0.0
104896,0.0,0.0,0.0
104897,0.0,0.0,0.0
104898,0.0,0.0,0.0
104899,0.0,0.0,0.0
104900,0.0,0.0,0.0
104901,0.0,0.0,0.0
104902,0.0,0.0,0.0
104903,0.0,0.0,0.0
104904,0.0,0.0,0.0
104905,0.0,0.0,0.0
104906,0.0,0.0,0.0
104907,0.0,0.0,0.0
104908,0.0,0.0,0.0
104909,0.0,0.0,0.0
104910,0.0,0.0,0.0
104911,0.0,0.0,0.0
104912,0.0,0.0,0.0
104913,0.0,0.0,0.0
104914,0.0,0.0,0.0
104915,0.0,0.0,0.0
104916,0.0,0.0,0.0
104917,0.0,0.0,0.0
104918,0.0,0.0,0.0
104919,0.0,0.0,0.0
104920,0.0,0.0,0.0
104921,0.0,0.0,0.0
104922,0.0,0.0,0.0
104923,0.0,0.0,0.0
104924,0.0,0.0,0.0
104925,0.0,0.0,0.0
104926,0.0,0.0,0.0
104927,0.0,0.0,0.0
104928,0.0,0.0,0.0
104929,0.0,0.0,0.0
104930,0.0,0.0,0.0
104931,0.0,0.0,0.0
104932,0.0,0.0,0.0
104933,0.0,0.0,0.0
104934,0.0,0.0,0.0
104935,0.0,0.0,0.0
104936,0.0,0.0,0.0
104937,0.0,0.0,0.0
104938,0.0,0.0,0.0
104939,0.0,0.0,0.0
104940,0.0,0.0,0.0
104941,0.0,0.0,0.0
104942,0.0,0.0,0.0
104943,0.0,0.0,0.0
104944,0.0,0.0,0.0
104945,0.0,0.0,0.0
104946,0.0,0.0,0.0
104947,0.0,0.0,0.0
104948,0.0,0.0,0.0
104949,0.0,0.0,0.0
104950,0.0,0.0,0.0
104951,0.0,0.0,0.0
104952,0.0,0.0,0.0
104953,0.0,0.0,0.0
104954,0.0,0.0,0.0
104955,0.0,0.0,0.0
104956,0.0,0.0,0.0
104957,0.0,0.0,0.0
104958,0.0,0.0,0.0
104959,0.0,0.0,0.0
104960,0.0,0.0,0.0
104961,0.0,0.0,0.0
104962,0.0,0.0,0.0
104963,0.0,0.0,0.0
104964,0.0,0.0,0.0
104965,0.0,0.0,0.0
104966,0.0,0.0,0.0
104967,0.0,0.0,0.0
104968,0.0,0.0,0.0
104969,0.0,0.0,0.0
104970,0.0,0.0,0.0
104971,0.0,0.0,0.0
104972,0.0,0.0,0.0
104973,0.0,0.0,0.0
104974,0.0,0.0,0.0
104975,0.0,0.0,0.0
104976,0.0,0.0,0.0
104977,0.0,0.0,0.0
104978,0.0,0.0,0.0
104979,0.0,0.0,0.0
104980,0.0,0.0,0.0
104981,0.0,0.0,0.0
104982,0.0,0.0,0.0
104983,0.0,0.0,0.0
104984,0.0,0.0,0.0
104985,0.0,0.0,0.0
104986,0.0,0.0,0.0
104987,0.0,0.0,0.0
104988,0.0,0.0,0.0
104989,0.0,0.0,0.0
104990,0.0,0.0,0.0
104991,0.0,0.0,0.0
104992,0.0,0.0,0.0
104993,0.0,0.0,0.0
104994,0.0,0.0,0.0
104995,0.0,0.0,0.0
104996,0.0,0.0,0.0
104997,0.0,0.0,0.0
104998,0.0,0.0,0.0
104999,0.0,0.0,0.0
105000,0.0,0.0,0.0
105001,0.0,0.0,0.0
105002,0.0,0.0,0.0
105003,0.0,0.0,0.0
105004,0.0,0.0,0.0
105005,0.0,0.0,0.0
105006,0.0,0.0,0.0
105007,0.0,0.0,0.0
105008,0.0,0.0,0.0
105009,0.0,0.0,0.0
105010,0.0,0.0,0.0
105011,0.0,0.0,0.0
105012,0.0,0.0,0.0
105013,0.0,0.0,0.0
105014,0.0,0.0,0.0
105015,0.0,0.0,0.0
105016,0.0,0.0,0.0
105017,0.0,0.0,0.0
105018,0.0,0.0,0.0
105019,0.0,0.0,0.0
105020,0.0,0.0,0.0
105021,0.0,0.0,0.0
105022,0.0,0.0,0.0
105023,0.0,0.0,0.0
105024,0.0,0.0,0.0
105025,0.0,0.0,0.0
105026,0.0,0.0,0.0
105027,0.0,0.0,0.0
105028,0.0,0.0,0.0
105029,0.0,0.0,0.0
105030,0.0,0.0,0.0
105031,0.0,0.0,0.0
105032,0.0,0.0,0.0
105033,0.0,0.0,0.0
105034,0.0,0.0,0.0
105035,0.0,0.0,0.0
105036,0.0,0.0,0.0
105037,0.0,0.0,0.0
105038,0.0,0.0,0.0
105039,0.0,0.0,0.0
105040,0.0,0.0,0.0
105041,0.0,0.0,0.0
105042,0.0,0.0,0.0
105043,0.0,0.0,0.0
105044,0.0,0.0,0.0
105045,0.0,0.0,0.0
105046,0.0,0.0,0.0
105047,0.0,0.0,0.0
105048,0.0,0.0,0.0
105049,0.0,0.0,0.0
105050,0.0,0.0,0.0
105051,0.0,0.0,0.0
105052,0.0,0.0,0.0
105053,0.0,0.0,0.0
105054,0.0,0.0,0.0
105055,0.0,0.0,0.0
105056,0.0,0.0,0.0
105057,0.0,0.0,0.0
105058,0.0,0.0,0.0
105059,0.0,0.0,0.0
105060,0.0,0.0,0.0
105061,0.0,0.0,0.0
105062,0.0,0.0,0.0
105063,0.0,0.0,0.0
105064,0.0,0.0,0.0
105065,0.0,0.0,0.0
105066,0.0,0.0,0.0
105067,0.0,0.0,0.0
105068,0.0,0.0,0.0
105069,0.0,0.0,0.0
105070,0.0,0.0,0.0
105071,0.0,0.0,0.0
105072,0.0,0.0,0.0
105073,0.0,0.0,0.0
105074,0.0,0.0,0.0
105075,0.0,0.0,0.0
105076,0.0,0.0,0.0
105077,0.0,0.0,0.0
105078,0.0,0.0,0.0
105079,0.0,0.0,0.0
105080,0.0,0.0,0.0
105081,0.0,0.0,0.0
105082,0.0,0.0,0.0
105083,0.0,0.0,0.0
105084,0.0,0.0,0.0
105085,0.0,0.0,0.0
105086,0.0,0.0,0.0
105087,0.0,0.0,0.0
105088,0.0,0.0,0.0
105089,0.0,0.0,0.0
105090,0.0,0.0,0.0
105091,0.0,0.0,0.0
105092,0.0,0.0,0.0
105093,0.0,0.0,0.0
105094,0.0,0.0,0.0
105095,0.0,0.0,0.0
105096,0.0,0.0,0.0
105097,0.0,0.0,0.0
105098,0.0,0.0,0.0
105099,0.0,0.0,0.0
105100,0.0,0.0,0.0
105101,0.0,0.0,0.0
105102,0.0,0.0,0.0
105103,0.0,0.0,0.0
105104,0.0,0.0,0.0
105105,0.0,0.0,0.0
105106,0.0,0.0,0.0
105107,0.0,0.0,0.0
105108,0.0,0.0,0.0
105109,0.0,0.0,0.0
105110,0.0,0.0,0.0
105111,0.0,0.0,0.0
105112,0.0,0.0,0.0
105113,0.0,0.0,0.0
105114,0.0,0.0,0.0
105115,0.0,0.0,0.0
105116,0.0,0.0,0.0
105117,0.0,0.0,0.0
105118,0.0,0.0,0.0
105119,0.0,0.0,0.0
105120,0.0,0.0,0.0
105121,0.0,0.0,0.0
105122,0.0,0.0,0.0
105123,0.0,0.0,0.0
105124,0.0,0.0,0.0
105125,0.0,0.0,0.0
105126,0.0,0.0,0.0
105127,0.0,0.0,0.0
105128,0.0,0.0,0.0
105129,0.0,0.0,0.0
105130,0.0,0.0,0.0
105131,0.0,0.0,0.0
105132,0.0,0.0,0.0
105133,0.0,0.0,0.0
105134,0.0,0.0,0.0
105135,0.0,0.0,0.0
105136,0.0,0.0,0.0
105137,0.0,0.0,0.0
105138,0.0,0.0,0.0
105139,0.0,0.0,0.0
105140,0.0,0.0,0.0
105141,0.0,0.0,0.0
105142,0.0,0.0,0.0
105143,0.0,0.0,0.0
105144,0.0,0.0,0.0
105145,0.0,0.0,0.0
105146,0.0,0.0,0.0
105147,0.0,0.0,0.0
105148,0.0,0.0,0.0
105149,0.0,0.0,0.0
105150,0.0,0.0,0.0
105151,0.0,0.0,0.0
105152,0.0,0.0,0.0
105153,0.0,0.0,0.0
105154,0.0,0.0,0.0
105155,0.0,0.0,0.0
105156,0.0,0.0,0.0
105157,0.0,0.0,0.0
105158,0.0,0.0,0.0
105159,0.0,0.0,0.0
105160,0.0,0.0,0.0
105161,0.0,0.0,0.0
105162,0.0,0.0,0.0
105163,0.0,0.0,0.0
105164,0.0,0.0,0.0
105165,0.0,0.0,0.0
105166,0.0,0.0,0.0
105167,0.0,0.0,0.0
105168,0.0,0.0,0.0
105169,0.0,0.0,0.0
105170,0.0,0.0,0.0
105171,0.0,0.0,0.0
105172,0.0,0.0,0.0
105173,0.0,0.0,0.0
105174,0.0,0.0,0.0
105175,0.0,0.0,0.0
105176,0.0,0.0,0.0
105177,0.0,0.0,0.0
105178,0.0,0.0,0.0
105179,0.0,0.0,0.0
105180,0.0,0.0,0.0
105181,0.0,0.0,0.0
105182,0.0,0.0,0.0
105183,0.0,0.0,0.0
105184,0.0,0.0,0.0
105185,0.0,0.0,0.0
105186,0.0,0.0,0.0
105187,0.0,0.0,0.0
105188,0.0,0.0,0.0
105189,0.0,0.0,0.0
105190,0.0,0.0,0.0
105191,0.0,0.0,0.0
105192,0.0,0.0,0.0
105193,0.0,0.0,0.0
105194,0.0,0.0,0.0
105195,0.0,0.0,0.0
105196,0.0,0.0,0.0
105197,0.0,0.0,0.0
105198,0.0,0.0,0.0
105199,0.0,0.0,0.0
105200,0.0,0.0,0.0
105201,0.0,0.0,0.0
105202,0.0,0.0,0.0
105203,0.0,0.0,0.0
105204,0.0,0.0,0.0
105205,0.0,0.0,0.0
105206,0.0,0.0,0.0
105207,0.0,0.0,0.0
105208,0.0,0.0,0.0
105209,0.0,0.0,0.0
105210,0.0,0.0,0.0
105211,0.0,0.0,0.0
105212,0.0,0.0,0.0
105213,0.0,0.0,0.0
105214,0.0,0.0,0.0
105215,0.0,0.0,0.0
105216,0.0,0.0,0.0
105217,0.0,0.0,0.0
105218,0.0,0.0,0.0
105219,0.0,0.0,0.0
105220,0.0,0.0,0.0
105221,0.0,0.0,0.0
105222,0.0,0.0,0.0
105223,0.0,0.0,0.0
105224,0.0,0.0,0.0
105225,0.0,0.0,0.0
105226,0.0,0.0,0.0
105227,0.0,0.0,0.0
105228,0.0,0.0,0.0
105229,0.0,0.0,0.0
105230,0.0,0.0,0.0
105231,0.0,0.0,0.0
105232,0.0,0.0,0.0
105233,0.0,0.0,0.0
105234,0.0,0.0,0.0
105235,0.0,0.0,0.0
105236,0.0,0.0,0.0
105237,0.0,0.0,0.0
105238,0.0,0.0,0.0
105239,0.0,0.0,0.0
105240,0.0,0.0,0.0
105241,0.0,0.0,0.0
105242,0.0,0.0,0.0
105243,0.0,0.0,0.0
105244,0.0,0.0,0.0
105245,0.0,0.0,0.0
105246,0.0,0.0,0.0
105247,0.0,0.0,0.0
105248,0.0,0.0,0.0
105249,0.0,0.0,0.0
105250,0.0,0.0,0.0
105251,0.0,0.0,0.0
105252,0.0,0.0,0.0
105253,0.0,0.0,0.0
105254,0.0,0.0,0.0
105255,0.0,0.0,0.0
105256,0.0,0.0,0.0
105257,0.0,0.0,0.0
105258,0.0,0.0,0.0
105259,0.0,0.0,0.0
105260,0.0,0.0,0.0
105261,0.0,0.0,0.0
105262,0.0,0.0,0.0
105263,0.0,0.0,0.0
105264,0.0,0.0,0.0
105265,0.0,0.0,0.0
105266,0.0,0.0,0.0
105267,0.0,0.0,0.0
105268,0.0,0.0,0.0
105269,0.0,0.0,0.0
105270,0.0,0.0,0.0
105271,0.0,0.0,0.0
105272,0.0,0.0,0.0
105273,0.0,0.0,0.0
105274,0.0,0.0,0.0
105275,0.0,0.0,0.0
105276,0.0,0.0,0.0
105277,0.0,0.0,0.0
105278,0.0,0.0,0.0
105279,0.0,0.0,0.0
105280,0.0,0.0,0.0
105281,0.0,0.0,0.0
105282,0.0,0.0,0.0
105283,0.0,0.0,0.0
105284,0.0,0.0,0.0
105285,0.0,0.0,0.0
105286,0.0,0.0,0.0
105287,0.0,0.0,0.0
105288,0.0,0.0,0.0
105289,0.0,0.0,0.0
105290,0.0,0.0,0.0
105291,0.0,0.0,0.0
105292,0.0,0.0,0.0
105293,0.0,0.0,0.0
105294,0.0,0.0,0.0
105295,0.0,0.0,0.0
105296,0.0,0.0,0.0
105297,0.0,0.0,0.0
105298,0.0,0.0,0.0
105299,0.0,0.0,0.0
105300,0.0,0.0,0.0
105301,0.0,0.0,0.0
105302,0.0,0.0,0.0
105303,0.0,0.0,0.0
105304,0.0,0.0,0.0
105305,0.0,0.0,0.0
105306,0.0,0.0,0.0
105307,0.0,0.0,0.0
105308,0.0,0.0,0.0
105309,0.0,0.0,0.0
105310,0.0,0.0,0.0
105311,0.0,0.0,0.0
105312,0.0,0.0,0.0
105313,0.0,0.0,0.0
105314,0.0,0.0,0.0
105315,0.0,0.0,0.0
105316,0.0,0.0,0.0
105317,0.0,0.0,0.0
105318,0.0,0.0,0.0
105319,0.0,0.0,0.0
105320,0.0,0.0,0.0
105321,0.0,0.0,0.0
105322,0.0,0.0,0.0
105323,0.0,0.0,0.0
105324,0.0,0.0,0.0
105325,0.0,0.0,0.0
105326,0.0,0.0,0.0
105327,0.0,0.0,0.0
105328,0.0,0.0,0.0
105329,0.0,0.0,0.0
105330,0.0,0.0,0.0
105331,0.0,0.0,0.0
105332,0.0,0.0,0.0
105333,0.0,0.0,0.0
105334,0.0,0.0,0.0
105335,0.0,0.0,0.0
105336,0.0,0.0,0.0
105337,0.0,0.0,0.0
105338,0.0,0.0,0.0
105339,0.0,0.0,0.0
105340,0.0,0.0,0.0
105341,0.0,0.0,0.0
105342,0.0,0.0,0.0
105343,0.0,0.0,0.0
105344,0.0,0.0,0.0
105345,0.0,0.0,0.0
105346,0.0,0.0,0.0
105347,0.0,0.0,0.0
105348,0.0,0.0,0.0
105349,0.0,0.0,0.0
105350,0.0,0.0,0.0
105351,0.0,0.0,0.0
105352,0.0,0.0,0.0
105353,0.0,0.0,0.0
105354,0.0,0.0,0.0
105355,0.0,0.0,0.0
105356,0.0,0.0,0.0
105357,0.0,0.0,0.0
105358,0.0,0.0,0.0
105359,0.0,0.0,0.0
105360,0.0,0.0,0.0
105361,0.0,0.0,0.0
105362,0.0,0.0,0.0
105363,0.0,0.0,0.0
105364,0.0,0.0,0.0
105365,0.0,0.0,0.0
105366,0.0,0.0,0.0
105367,0.0,0.0,0.0
105368,0.0,0.0,0.0
105369,0.0,0.0,0.0
105370,0.0,0.0,0.0
105371,0.0,0.0,0.0
105372,0.0,0.0,0.0
105373,0.0,0.0,0.0
105374,0.0,0.0,0.0
105375,0.0,0.0,0.0
105376,0.0,0.0,0.0
105377,0.0,0.0,0.0
105378,0.0,0.0,0.0
105379,0.0,0.0,0.0
105380,0.0,0.0,0.0
105381,0.0,0.0,0.0
105382,0.0,0.0,0.0
105383,0.0,0.0,0.0
105384,0.0,0.0,0.0
105385,0.0,0.0,0.0
105386,0.0,0.0,0.0
105387,0.0,0.0,0.0
105388,0.0,0.0,0.0
105389,0.0,0.0,0.0
105390,0.0,0.0,0.0
105391,0.0,0.0,0.0
105392,0.0,0.0,0.0
105393,0.0,0.0,0.0
105394,0.0,0.0,0.0
105395,0.0,0.0,0.0
105396,0.0,0.0,0.0
105397,0.0,0.0,0.0
105398,0.0,0.0,0.0
105399,0.0,0.0,0.0
105400,0.0,0.0,0.0
105401,0.0,0.0,0.0
105402,0.0,0.0,0.0
105403,0.0,0.0,0.0
105404,0.0,0.0,0.0
105405,0.0,0.0,0.0
105406,0.0,0.0,0.0
105407,0.0,0.0,0.0
105408,0.0,0.0,0.0
105409,0.0,0.0,0.0
105410,0.0,0.0,0.0
105411,0.0,0.0,0.0
105412,0.0,0.0,0.0
105413,0.0,0.0,0.0
105414,0.0,0.0,0.0
105415,0.0,0.0,0.0
105416,0.0,0.0,0.0
105417,0.0,0.0,0.0
105418,0.0,0.0,0.0
105419,0.0,0.0,0.0
105420,0.0,0.0,0.0
105421,0.0,0.0,0.0
105422,0.0,0.0,0.0
105423,0.0,0.0,0.0
105424,0.0,0.0,0.0
105425,0.0,0.0,0.0
105426,0.0,0.0,0.0
105427,0.0,0.0,0.0
105428,0.0,0.0,0.0
105429,0.0,0.0,0.0
105430,0.0,0.0,0.0
105431,0.0,0.0,0.0
105432,0.0,0.0,0.0
105433,0.0,0.0,0.0
105434,0.0,0.0,0.0
105435,0.0,0.0,0.0
105436,0.0,0.0,0.0
105437,0.0,0.0,0.0
105438,0.0,0.0,0.0
105439,0.0,0.0,0.0
105440,0.0,0.0,0.0
105441,0.0,0.0,0.0
105442,0.0,0.0,0.0
105443,0.0,0.0,0.0
105444,0.0,0.0,0.0
105445,0.0,0.0,0.0
105446,0.0,0.0,0.0
105447,0.0,0.0,0.0
105448,0.0,0.0,0.0
105449,0.0,0.0,0.0
105450,0.0,0.0,0.0
105451,0.0,0.0,0.0
105452,0.0,0.0,0.0
105453,0.0,0.0,0.0
105454,0.0,0.0,0.0
105455,0.0,0.0,0.0
105456,0.0,0.0,0.0
105457,0.0,0.0,0.0
105458,0.0,0.0,0.0
105459,0.0,0.0,0.0
105460,0.0,0.0,0.0
105461,0.0,0.0,0.0
105462,0.0,0.0,0.0
105463,0.0,0.0,0.0
105464,0.0,0.0,0.0
105465,0.0,0.0,0.0
105466,0.0,0.0,0.0
105467,0.0,0.0,0.0
105468,0.0,0.0,0.0
105469,0.0,0.0,0.0
105470,0.0,0.0,0.0
105471,0.0,0.0,0.0
105472,0.0,0.0,0.0
105473,0.0,0.0,0.0
105474,0.0,0.0,0.0
105475,0.0,0.0,0.0
105476,0.0,0.0,0.0
105477,0.0,0.0,0.0
105478,0.0,0.0,0.0
105479,0.0,0.0,0.0
105480,0.0,0.0,0.0
105481,0.0,0.0,0.0
105482,0.0,0.0,0.0
105483,0.0,0.0,0.0
105484,0.0,0.0,0.0
105485,0.0,0.0,0.0
105486,0.0,0.0,0.0
105487,0.0,0.0,0.0
105488,0.0,0.0,0.0
105489,0.0,0.0,0.0
105490,0.0,0.0,0.0
105491,0.0,0.0,0.0
105492,0.0,0.0,0.0
105493,0.0,0.0,0.0
105494,0.0,0.0,0.0
105495,0.0,0.0,0.0
105496,0.0,0.0,0.0
105497,0.0,0.0,0.0
105498,0.0,0.0,0.0
105499,0.0,0.0,0.0
105500,0.0,0.0,0.0
105501,0.0,0.0,0.0
105502,0.0,0.0,0.0
105503,0.0,0.0,0.0
105504,0.0,0.0,0.0
105505,0.0,0.0,0.0
105506,0.0,0.0,0.0
105507,0.0,0.0,0.0
105508,0.0,0.0,0.0
105509,0.0,0.0,0.0
105510,0.0,0.0,0.0
105511,0.0,0.0,0.0
105512,0.0,0.0,0.0
105513,0.0,0.0,0.0
105514,0.0,0.0,0.0
105515,0.0,0.0,0.0
105516,0.0,0.0,0.0
105517,0.0,0.0,0.0
105518,0.0,0.0,0.0
105519,0.0,0.0,0.0
105520,0.0,0.0,0.0
105521,0.0,0.0,0.0
105522,0.0,0.0,0.0
105523,0.0,0.0,0.0
105524,0.0,0.0,0.0
105525,0.0,0.0,0.0
105526,0.0,0.0,0.0
105527,0.0,0.0,0.0
105528,0.0,0.0,0.0
105529,0.0,0.0,0.0
105530,0.0,0.0,0.0
105531,0.0,0.0,0.0
105532,0.0,0.0,0.0
105533,0.0,0.0,0.0
105534,0.0,0.0,0.0
105535,0.0,0.0,0.0
105536,0.0,0.0,0.0
105537,0.0,0.0,0.0
105538,0.0,0.0,0.0
105539,0.0,0.0,0.0
105540,0.0,0.0,0.0
105541,0.0,0.0,0.0
105542,0.0,0.0,0.0
105543,0.0,0.0,0.0
105544,0.0,0.0,0.0
105545,0.0,0.0,0.0
105546,0.0,0.0,0.0
105547,0.0,0.0,0.0
105548,0.0,0.0,0.0
105549,0.0,0.0,0.0
105550,0.0,0.0,0.0
105551,0.0,0.0,0.0
105552,0.0,0.0,0.0
105553,0.0,0.0,0.0
105554,0.0,0.0,0.0
105555,0.0,0.0,0.0
105556,0.0,0.0,0.0
105557,0.0,0.0,0.0
105558,0.0,0.0,0.0
105559,0.0,0.0,0.0
105560,0.0,0.0,0.0
105561,0.0,0.0,0.0
105562,0.0,0.0,0.0
105563,0.0,0.0,0.0
105564,0.0,0.0,0.0
105565,0.0,0.0,0.0
105566,0.0,0.0,0.0
105567,0.0,0.0,0.0
105568,0.0,0.0,0.0
105569,0.0,0.0,0.0
105570,0.0,0.0,0.0
105571,0.0,0.0,0.0
105572,0.0,0.0,0.0
105573,0.0,0.0,0.0
105574,0.0,0.0,0.0
105575,0.0,0.0,0.0
105576,0.0,0.0,0.0
105577,0.0,0.0,0.0
105578,0.0,0.0,0.0
105579,0.0,0.0,0.0
105580,0.0,0.0,0.0
105581,0.0,0.0,0.0
105582,0.0,0.0,0.0
105583,0.0,0.0,0.0
105584,0.0,0.0,0.0
105585,0.0,0.0,0.0
105586,0.0,0.0,0.0
105587,0.0,0.0,0.0
105588,0.0,0.0,0.0
105589,0.0,0.0,0.0
105590,0.0,0.0,0.0
105591,0.0,0.0,0.0
105592,0.0,0.0,0.0
105593,0.0,0.0,0.0
105594,0.0,0.0,0.0
105595,0.0,0.0,0.0
105596,0.0,0.0,0.0
105597,0.0,0.0,0.0
105598,0.0,0.0,0.0
105599,0.0,0.0,0.0
105600,0.0,0.0,0.0
105601,0.0,0.0,0.0
105602,0.0,0.0,0.0
105603,0.0,0.0,0.0
105604,0.0,0.0,0.0
105605,0.0,0.0,0.0
105606,0.0,0.0,0.0
105607,0.0,0.0,0.0
105608,0.0,0.0,0.0
105609,0.0,0.0,0.0
105610,0.0,0.0,0.0
105611,0.0,0.0,0.0
105612,0.0,0.0,0.0
105613,0.0,0.0,0.0
105614,0.0,0.0,0.0
105615,0.0,0.0,0.0
105616,0.0,0.0,0.0
105617,0.0,0.0,0.0
105618,0.0,0.0,0.0
105619,0.0,0.0,0.0
105620,0.0,0.0,0.0
105621,0.0,0.0,0.0
105622,0.0,0.0,0.0
105623,0.0,0.0,0.0
105624,0.0,0.0,0.0
105625,0.0,0.0,0.0
105626,0.0,0.0,0.0
105627,0.0,0.0,0.0
105628,0.0,0.0,0.0
105629,0.0,0.0,0.0
105630,0.0,0.0,0.0
105631,0.0,0.0,0.0
105632,0.0,0.0,0.0
105633,0.0,0.0,0.0
105634,0.0,0.0,0.0
105635,0.0,0.0,0.0
105636,0.0,0.0,0.0
105637,0.0,0.0,0.0
105638,0.0,0.0,0.0
105639,0.0,0.0,0.0
105640,0.0,0.0,0.0
105641,0.0,0.0,0.0
105642,0.0,0.0,0.0
105643,0.0,0.0,0.0
105644,0.0,0.0,0.0
105645,0.0,0.0,0.0
105646,0.0,0.0,0.0
105647,0.0,0.0,0.0
105648,0.0,0.0,0.0
105649,0.0,0.0,0.0
105650,0.0,0.0,0.0
105651,0.0,0.0,0.0
105652,0.0,0.0,0.0
105653,0.0,0.0,0.0
105654,0.0,0.0,0.0
105655,0.0,0.0,0.0
105656,0.0,0.0,0.0
105657,0.0,0.0,0.0
105658,0.0,0.0,0.0
105659,0.0,0.0,0.0
105660,0.0,0.0,0.0
105661,0.0,0.0,0.0
105662,0.0,0.0,0.0
105663,0.0,0.0,0.0
105664,0.0,0.0,0.0
105665,0.0,0.0,0.0
105666,0.0,0.0,0.0
105667,0.0,0.0,0.0
105668,0.0,0.0,0.0
105669,0.0,0.0,0.0
105670,0.0,0.0,0.0
105671,0.0,0.0,0.0
105672,0.0,0.0,0.0
105673,0.0,0.0,0.0
105674,0.0,0.0,0.0
105675,0.0,0.0,0.0
105676,0.0,0.0,0.0
105677,0.0,0.0,0.0
105678,0.0,0.0,0.0
105679,0.0,0.0,0.0
105680,0.0,0.0,0.0
105681,0.0,0.0,0.0
105682,0.0,0.0,0.0
105683,0.0,0.0,0.0
105684,0.0,0.0,0.0
105685,0.0,0.0,0.0
105686,0.0,0.0,0.0
105687,0.0,0.0,0.0
105688,0.0,0.0,0.0
105689,0.0,0.0,0.0
105690,0.0,0.0,0.0
105691,0.0,0.0,0.0
105692,0.0,0.0,0.0
105693,0.0,0.0,0.0
105694,0.0,0.0,0.0
105695,0.0,0.0,0.0
105696,0.0,0.0,0.0
105697,0.0,0.0,0.0
105698,0.0,0.0,0.0
105699,0.0,0.0,0.0
105700,0.0,0.0,0.0
105701,0.0,0.0,0.0
105702,0.0,0.0,0.0
105703,0.0,0.0,0.0
105704,0.0,0.0,0.0
105705,0.0,0.0,0.0
105706,0.0,0.0,0.0
105707,0.0,0.0,0.0
105708,0.0,0.0,0.0
105709,0.0,0.0,0.0
105710,0.0,0.0,0.0
105711,0.0,0.0,0.0
105712,0.0,0.0,0.0
105713,0.0,0.0,0.0
105714,0.0,0.0,0.0
105715,0.0,0.0,0.0
105716,0.0,0.0,0.0
105717,0.0,0.0,0.0
105718,0.0,0.0,0.0
105719,0.0,0.0,0.0
105720,0.0,0.0,0.0
105721,0.0,0.0,0.0
105722,0.0,0.0,0.0
105723,0.0,0.0,0.0
105724,0.0,0.0,0.0
105725,0.0,0.0,0.0
105726,0.0,0.0,0.0
105727,0.0,0.0,0.0
105728,0.0,0.0,0.0
105729,0.0,0.0,0.0
105730,0.0,0.0,0.0
105731,0.0,0.0,0.0
105732,0.0,0.0,0.0
105733,0.0,0.0,0.0
105734,0.0,0.0,0.0
105735,0.0,0.0,0.0
105736,0.0,0.0,0.0
105737,0.0,0.0,0.0
105738,0.0,0.0,0.0
105739,0.0,0.0,0.0
105740,0.0,0.0,0.0
105741,0.0,0.0,0.0
105742,0.0,0.0,0.0
105743,0.0,0.0,0.0
105744,0.0,0.0,0.0
105745,0.0,0.0,0.0
105746,0.0,0.0,0.0
105747,0.0,0.0,0.0
105748,0.0,0.0,0.0
105749,0.0,0.0,0.0
105750,0.0,0.0,0.0
105751,0.0,0.0,0.0
105752,0.0,0.0,0.0
105753,0.0,0.0,0.0
105754,0.0,0.0,0.0
105755,0.0,0.0,0.0
105756,0.0,0.0,0.0
105757,0.0,0.0,0.0
105758,0.0,0.0,0.0
105759,0.0,0.0,0.0
105760,0.0,0.0,0.0
105761,0.0,0.0,0.0
105762,0.0,0.0,0.0
105763,0.0,0.0,0.0
105764,0.0,0.0,0.0
105765,0.0,0.0,0.0
105766,0.0,0.0,0.0
105767,0.0,0.0,0.0
105768,0.0,0.0,0.0
105769,0.0,0.0,0.0
105770,0.0,0.0,0.0
105771,0.0,0.0,0.0
105772,0.0,0.0,0.0
105773,0.0,0.0,0.0
105774,0.0,0.0,0.0
105775,0.0,0.0,0.0
105776,0.0,0.0,0.0
105777,0.0,0.0,0.0
105778,0.0,0.0,0.0
105779,0.0,0.0,0.0
105780,0.0,0.0,0.0
105781,0.0,0.0,0.0
105782,0.0,0.0,0.0
105783,0.0,0.0,0.0
105784,0.0,0.0,0.0
105785,0.0,0.0,0.0
105786,0.0,0.0,0.0
105787,0.0,0.0,0.0
105788,0.0,0.0,0.0
105789,0.0,0.0,0.0
105790,0.0,0.0,0.0
105791,0.0,0.0,0.0
105792,0.0,0.0,0.0
105793,0.0,0.0,0.0
105794,0.0,0.0,0.0
105795,0.0,0.0,0.0
105796,0.0,0.0,0.0
105797,0.0,0.0,0.0
105798,0.0,0.0,0.0
105799,0.0,0.0,0.0
105800,0.0,0.0,0.0
105801,0.0,0.0,0.0
105802,0.0,0.0,0.0
105803,0.0,0.0,0.0
105804,0.0,0.0,0.0
105805,0.0,0.0,0.0
105806,0.0,0.0,0.0
105807,0.0,0.0,0.0
105808,0.0,0.0,0.0
105809,0.0,0.0,0.0
105810,0.0,0.0,0.0
105811,0.0,0.0,0.0
105812,0.0,0.0,0.0
105813,0.0,0.0,0.0
105814,0.0,0.0,0.0
105815,0.0,0.0,0.0
105816,0.0,0.0,0.0
105817,0.0,0.0,0.0
105818,0.0,0.0,0.0
105819,0.0,0.0,0.0
105820,0.0,0.0,0.0
105821,0.0,0.0,0.0
105822,0.0,0.0,0.0
105823,0.0,0.0,0.0
105824,0.0,0.0,0.0
105825,0.0,0.0,0.0
105826,0.0,0.0,0.0
105827,0.0,0.0,0.0
105828,0.0,0.0,0.0
105829,0.0,0.0,0.0
105830,0.0,0.0,0.0
105831,0.0,0.0,0.0
105832,0.0,0.0,0.0
105833,0.0,0.0,0.0
105834,0.0,0.0,0.0
105835,0.0,0.0,0.0
105836,0.0,0.0,0.0
105837,0.0,0.0,0.0
105838,0.0,0.0,0.0
105839,0.0,0.0,0.0
105840,0.0,0.0,0.0
105841,0.0,0.0,0.0
105842,0.0,0.0,0.0
105843,0.0,0.0,0.0
105844,0.0,0.0,0.0
105845,0.0,0.0,0.0
105846,0.0,0.0,0.0
105847,0.0,0.0,0.0
105848,0.0,0.0,0.0
105849,0.0,0.0,0.0
105850,0.0,0.0,0.0
105851,0.0,0.0,0.0
105852,0.0,0.0,0.0
105853,0.0,0.0,0.0
105854,0.0,0.0,0.0
105855,0.0,0.0,0.0
105856,0.0,0.0,0.0
105857,0.0,0.0,0.0
105858,0.0,0.0,0.0
105859,0.0,0.0,0.0
105860,0.0,0.0,0.0
105861,0.0,0.0,0.0
105862,0.0,0.0,0.0
105863,0.0,0.0,0.0
105864,0.0,0.0,0.0
105865,0.0,0.0,0.0
105866,0.0,0.0,0.0
105867,0.0,0.0,0.0
105868,0.0,0.0,0.0
105869,0.0,0.0,0.0
105870,0.0,0.0,0.0
105871,0.0,0.0,0.0
105872,0.0,0.0,0.0
105873,0.0,0.0,0.0
105874,0.0,0.0,0.0
105875,0.0,0.0,0.0
105876,0.0,0.0,0.0
105877,0.0,0.0,0.0
105878,0.0,0.0,0.0
105879,0.0,0.0,0.0
105880,0.0,0.0,0.0
105881,0.0,0.0,0.0
105882,0.0,0.0,0.0
105883,0.0,0.0,0.0
105884,0.0,0.0,0.0
105885,0.0,0.0,0.0
105886,0.0,0.0,0.0
105887,0.0,0.0,0.0
105888,0.0,0.0,0.0
105889,0.0,0.0,0.0
105890,0.0,0.0,0.0
105891,0.0,0.0,0.0
105892,0.0,0.0,0.0
105893,0.0,0.0,0.0
105894,0.0,0.0,0.0
105895,0.0,0.0,0.0
105896,0.0,0.0,0.0
105897,0.0,0.0,0.0
105898,0.0,0.0,0.0
105899,0.0,0.0,0.0
105900,0.0,0.0,0.0
105901,0.0,0.0,0.0
105902,0.0,0.0,0.0
105903,0.0,0.0,0.0
105904,0.0,0.0,0.0
105905,0.0,0.0,0.0
105906,0.0,0.0,0.0
105907,0.0,0.0,0.0
105908,0.0,0.0,0.0
105909,0.0,0.0,0.0
105910,0.0,0.0,0.0
105911,0.0,0.0,0.0
105912,0.0,0.0,0.0
105913,0.0,0.0,0.0
105914,0.0,0.0,0.0
105915,0.0,0.0,0.0
105916,0.0,0.0,0.0
105917,0.0,0.0,0.0
105918,0.0,0.0,0.0
105919,0.0,0.0,0.0
105920,0.0,0.0,0.0
105921,0.0,0.0,0.0
105922,0.0,0.0,0.0
105923,0.0,0.0,0.0
105924,0.0,0.0,0.0
105925,0.0,0.0,0.0
105926,0.0,0.0,0.0
105927,0.0,0.0,0.0
105928,0.0,0.0,0.0
105929,0.0,0.0,0.0
105930,0.0,0.0,0.0
105931,0.0,0.0,0.0
105932,0.0,0.0,0.0
105933,0.0,0.0,0.0
105934,0.0,0.0,0.0
105935,0.0,0.0,0.0
105936,0.0,0.0,0.0
105937,0.0,0.0,0.0
105938,0.0,0.0,0.0
105939,0.0,0.0,0.0
105940,0.0,0.0,0.0
105941,0.0,0.0,0.0
105942,0.0,0.0,0.0
105943,0.0,0.0,0.0
105944,0.0,0.0,0.0
105945,0.0,0.0,0.0
105946,0.0,0.0,0.0
105947,0.0,0.0,0.0
105948,0.0,0.0,0.0
105949,0.0,0.0,0.0
105950,0.0,0.0,0.0
105951,0.0,0.0,0.0
105952,0.0,0.0,0.0
105953,0.0,0.0,0.0
105954,0.0,0.0,0.0
105955,0.0,0.0,0.0
105956,0.0,0.0,0.0
105957,0.0,0.0,0.0
105958,0.0,0.0,0.0
105959,0.0,0.0,0.0
105960,0.0,0.0,0.0
105961,0.0,0.0,0.0
105962,0.0,0.0,0.0
105963,0.0,0.0,0.0
105964,0.0,0.0,0.0
105965,0.0,0.0,0.0
105966,0.0,0.0,0.0
105967,0.0,0.0,0.0
105968,0.0,0.0,0.0
105969,0.0,0.0,0.0
105970,0.0,0.0,0.0
105971,0.0,0.0,0.0
105972,0.0,0.0,0.0
105973,0.0,0.0,0.0
105974,0.0,0.0,0.0
105975,0.0,0.0,0.0
105976,0.0,0.0,0.0
105977,0.0,0.0,0.0
105978,0.0,0.0,0.0
105979,0.0,0.0,0.0
105980,0.0,0.0,0.0
105981,0.0,0.0,0.0
105982,0.0,0.0,0.0
105983,0.0,0.0,0.0
105984,0.0,0.0,0.0
105985,0.0,0.0,0.0
105986,0.0,0.0,0.0
105987,0.0,0.0,0.0
105988,0.0,0.0,0.0
105989,0.0,0.0,0.0
105990,0.0,0.0,0.0
105991,0.0,0.0,0.0
105992,0.0,0.0,0.0
105993,0.0,0.0,0.0
105994,0.0,0.0,0.0
105995,0.0,0.0,0.0
105996,0.0,0.0,0.0
105997,0.0,0.0,0.0
105998,0.0,0.0,0.0
105999,0.0,0.0,0.0
106000,0.0,0.0,0.0
106001,0.0,0.0,0.0
106002,0.0,0.0,0.0
106003,0.0,0.0,0.0
106004,0.0,0.0,0.0
106005,0.0,0.0,0.0
106006,0.0,0.0,0.0
106007,0.0,0.0,0.0
106008,0.0,0.0,0.0
106009,0.0,0.0,0.0
106010,0.0,0.0,0.0
106011,0.0,0.0,0.0
106012,0.0,0.0,0.0
106013,0.0,0.0,0.0
106014,0.0,0.0,0.0
106015,0.0,0.0,0.0
106016,0.0,0.0,0.0
106017,0.0,0.0,0.0
106018,0.0,0.0,0.0
106019,0.0,0.0,0.0
106020,0.0,0.0,0.0
106021,0.0,0.0,0.0
106022,0.0,0.0,0.0
106023,0.0,0.0,0.0
106024,0.0,0.0,0.0
106025,0.0,0.0,0.0
106026,0.0,0.0,0.0
106027,0.0,0.0,0.0
106028,0.0,0.0,0.0
106029,0.0,0.0,0.0
106030,0.0,0.0,0.0
106031,0.0,0.0,0.0
106032,0.0,0.0,0.0
106033,0.0,0.0,0.0
106034,0.0,0.0,0.0
106035,0.0,0.0,0.0
106036,0.0,0.0,0.0
106037,0.0,0.0,0.0
106038,0.0,0.0,0.0
106039,0.0,0.0,0.0
106040,0.0,0.0,0.0
106041,0.0,0.0,0.0
106042,0.0,0.0,0.0
106043,0.0,0.0,0.0
106044,0.0,0.0,0.0
106045,0.0,0.0,0.0
106046,0.0,0.0,0.0
106047,0.0,0.0,0.0
106048,0.0,0.0,0.0
106049,0.0,0.0,0.0
106050,0.0,0.0,0.0
106051,0.0,0.0,0.0
106052,0.0,0.0,0.0
106053,0.0,0.0,0.0
106054,0.0,0.0,0.0
106055,0.0,0.0,0.0
106056,0.0,0.0,0.0
106057,0.0,0.0,0.0
106058,0.0,0.0,0.0
106059,0.0,0.0,0.0
106060,0.0,0.0,0.0
106061,0.0,0.0,0.0
106062,0.0,0.0,0.0
106063,0.0,0.0,0.0
106064,0.0,0.0,0.0
106065,0.0,0.0,0.0
106066,0.0,0.0,0.0
106067,0.0,0.0,0.0
106068,0.0,0.0,0.0
106069,0.0,0.0,0.0
106070,0.0,0.0,0.0
106071,0.0,0.0,0.0
106072,0.0,0.0,0.0
106073,0.0,0.0,0.0
106074,0.0,0.0,0.0
106075,0.0,0.0,0.0
106076,0.0,0.0,0.0
106077,0.0,0.0,0.0
106078,0.0,0.0,0.0
106079,0.0,0.0,0.0
106080,0.0,0.0,0.0
106081,0.0,0.0,0.0
106082,0.0,0.0,0.0
106083,0.0,0.0,0.0
106084,0.0,0.0,0.0
106085,0.0,0.0,0.0
106086,0.0,0.0,0.0
106087,0.0,0.0,0.0
106088,0.0,0.0,0.0
106089,0.0,0.0,0.0
106090,0.0,0.0,0.0
106091,0.0,0.0,0.0
106092,0.0,0.0,0.0
106093,0.0,0.0,0.0
106094,0.0,0.0,0.0
106095,0.0,0.0,0.0
106096,0.0,0.0,0.0
106097,0.0,0.0,0.0
106098,0.0,0.0,0.0
106099,0.0,0.0,0.0
106100,0.0,0.0,0.0
106101,0.0,0.0,0.0
106102,0.0,0.0,0.0
106103,0.0,0.0,0.0
106104,0.0,0.0,0.0
106105,0.0,0.0,0.0
106106,0.0,0.0,0.0
106107,0.0,0.0,0.0
106108,0.0,0.0,0.0
106109,0.0,0.0,0.0
106110,0.0,0.0,0.0
106111,0.0,0.0,0.0
106112,0.0,0.0,0.0
106113,0.0,0.0,0.0
106114,0.0,0.0,0.0
106115,0.0,0.0,0.0
106116,0.0,0.0,0.0
106117,0.0,0.0,0.0
106118,0.0,0.0,0.0
106119,0.0,0.0,0.0
106120,0.0,0.0,0.0
106121,0.0,0.0,0.0
106122,0.0,0.0,0.0
106123,0.0,0.0,0.0
106124,0.0,0.0,0.0
106125,0.0,0.0,0.0
106126,0.0,0.0,0.0
106127,0.0,0.0,0.0
106128,0.0,0.0,0.0
106129,0.0,0.0,0.0
106130,0.0,0.0,0.0
106131,0.0,0.0,0.0
106132,0.0,0.0,0.0
106133,0.0,0.0,0.0
106134,0.0,0.0,0.0
106135,0.0,0.0,0.0
106136,0.0,0.0,0.0
106137,0.0,0.0,0.0
106138,0.0,0.0,0.0
106139,0.0,0.0,0.0
106140,0.0,0.0,0.0
106141,0.0,0.0,0.0
106142,0.0,0.0,0.0
106143,0.0,0.0,0.0
106144,0.0,0.0,0.0
106145,0.0,0.0,0.0
106146,0.0,0.0,0.0
106147,0.0,0.0,0.0
106148,0.0,0.0,0.0
106149,0.0,0.0,0.0
106150,0.0,0.0,0.0
106151,0.0,0.0,0.0
106152,0.0,0.0,0.0
106153,0.0,0.0,0.0
106154,0.0,0.0,0.0
106155,0.0,0.0,0.0
106156,0.0,0.0,0.0
106157,0.0,0.0,0.0
106158,0.0,0.0,0.0
106159,0.0,0.0,0.0
106160,0.0,0.0,0.0
106161,0.0,0.0,0.0
106162,0.0,0.0,0.0
106163,0.0,0.0,0.0
106164,0.0,0.0,0.0
106165,0.0,0.0,0.0
106166,0.0,0.0,0.0
106167,0.0,0.0,0.0
106168,0.0,0.0,0.0
106169,0.0,0.0,0.0
106170,0.0,0.0,0.0
106171,0.0,0.0,0.0
106172,0.0,0.0,0.0
106173,0.0,0.0,0.0
106174,0.0,0.0,0.0
106175,0.0,0.0,0.0
106176,0.0,0.0,0.0
106177,0.0,0.0,0.0
106178,0.0,0.0,0.0
106179,0.0,0.0,0.0
106180,0.0,0.0,0.0
106181,0.0,0.0,0.0
106182,0.0,0.0,0.0
106183,0.0,0.0,0.0
106184,0.0,0.0,0.0
106185,0.0,0.0,0.0
106186,0.0,0.0,0.0
106187,0.0,0.0,0.0
106188,0.0,0.0,0.0
106189,0.0,0.0,0.0
106190,0.0,0.0,0.0
106191,0.0,0.0,0.0
106192,0.0,0.0,0.0
106193,0.0,0.0,0.0
106194,0.0,0.0,0.0
106195,0.0,0.0,0.0
106196,0.0,0.0,0.0
106197,0.0,0.0,0.0
106198,0.0,0.0,0.0
106199,0.0,0.0,0.0
106200,0.0,0.0,0.0
106201,0.0,0.0,0.0
106202,0.0,0.0,0.0
106203,0.0,0.0,0.0
106204,0.0,0.0,0.0
106205,0.0,0.0,0.0
106206,0.0,0.0,0.0
106207,0.0,0.0,0.0
106208,0.0,0.0,0.0
106209,0.0,0.0,0.0
106210,0.0,0.0,0.0
106211,0.0,0.0,0.0
106212,0.0,0.0,0.0
106213,0.0,0.0,0.0
106214,0.0,0.0,0.0
106215,0.0,0.0,0.0
106216,0.0,0.0,0.0
106217,0.0,0.0,0.0
106218,0.0,0.0,0.0
106219,0.0,0.0,0.0
106220,0.0,0.0,0.0
106221,0.0,0.0,0.0
106222,0.0,0.0,0.0
106223,0.0,0.0,0.0
106224,0.0,0.0,0.0
106225,0.0,0.0,0.0
106226,0.0,0.0,0.0
106227,0.0,0.0,0.0
106228,0.0,0.0,0.0
106229,0.0,0.0,0.0
106230,0.0,0.0,0.0
106231,0.0,0.0,0.0
106232,0.0,0.0,0.0
106233,0.0,0.0,0.0
106234,0.0,0.0,0.0
106235,0.0,0.0,0.0
106236,0.0,0.0,0.0
106237,0.0,0.0,0.0
106238,0.0,0.0,0.0
106239,0.0,0.0,0.0
106240,0.0,0.0,0.0
106241,0.0,0.0,0.0
106242,0.0,0.0,0.0
106243,0.0,0.0,0.0
106244,0.0,0.0,0.0
106245,0.0,0.0,0.0
106246,0.0,0.0,0.0
106247,0.0,0.0,0.0
106248,0.0,0.0,0.0
106249,0.0,0.0,0.0
106250,0.0,0.0,0.0
106251,0.0,0.0,0.0
106252,0.0,0.0,0.0
106253,0.0,0.0,0.0
106254,0.0,0.0,0.0
106255,0.0,0.0,0.0
106256,0.0,0.0,0.0
106257,0.0,0.0,0.0
106258,0.0,0.0,0.0
106259,0.0,0.0,0.0
106260,0.0,0.0,0.0
106261,0.0,0.0,0.0
106262,0.0,0.0,0.0
106263,0.0,0.0,0.0
106264,0.0,0.0,0.0
106265,0.0,0.0,0.0
106266,0.0,0.0,0.0
106267,0.0,0.0,0.0
106268,0.0,0.0,0.0
106269,0.0,0.0,0.0
106270,0.0,0.0,0.0
106271,0.0,0.0,0.0
106272,0.0,0.0,0.0
106273,0.0,0.0,0.0
106274,0.0,0.0,0.0
106275,0.0,0.0,0.0
106276,0.0,0.0,0.0
106277,0.0,0.0,0.0
106278,0.0,0.0,0.0
106279,0.0,0.0,0.0
106280,0.0,0.0,0.0
106281,0.0,0.0,0.0
106282,0.0,0.0,0.0
106283,0.0,0.0,0.0
106284,0.0,0.0,0.0
106285,0.0,0.0,0.0
106286,0.0,0.0,0.0
106287,0.0,0.0,0.0
106288,0.0,0.0,0.0
106289,0.0,0.0,0.0
106290,0.0,0.0,0.0
106291,0.0,0.0,0.0
106292,0.0,0.0,0.0
106293,0.0,0.0,0.0
106294,0.0,0.0,0.0
106295,0.0,0.0,0.0
106296,0.0,0.0,0.0
106297,0.0,0.0,0.0
106298,0.0,0.0,0.0
106299,0.0,0.0,0.0
106300,0.0,0.0,0.0
106301,0.0,0.0,0.0
106302,0.0,0.0,0.0
106303,0.0,0.0,0.0
106304,0.0,0.0,0.0
106305,0.0,0.0,0.0
106306,0.0,0.0,0.0
106307,0.0,0.0,0.0
106308,0.0,0.0,0.0
106309,0.0,0.0,0.0
106310,0.0,0.0,0.0
106311,0.0,0.0,0.0
106312,0.0,0.0,0.0
106313,0.0,0.0,0.0
106314,0.0,0.0,0.0
106315,0.0,0.0,0.0
106316,0.0,0.0,0.0
106317,0.0,0.0,0.0
106318,0.0,0.0,0.0
106319,0.0,0.0,0.0
106320,0.0,0.0,0.0
106321,0.0,0.0,0.0
106322,0.0,0.0,0.0
106323,0.0,0.0,0.0
106324,0.0,0.0,0.0
106325,0.0,0.0,0.0
106326,0.0,0.0,0.0
106327,0.0,0.0,0.0
106328,0.0,0.0,0.0
106329,0.0,0.0,0.0
106330,0.0,0.0,0.0
106331,0.0,0.0,0.0
106332,0.0,0.0,0.0
106333,0.0,0.0,0.0
106334,0.0,0.0,0.0
106335,0.0,0.0,0.0
106336,0.0,0.0,0.0
106337,0.0,0.0,0.0
106338,0.0,0.0,0.0
106339,0.0,0.0,0.0
106340,0.0,0.0,0.0
106341,0.0,0.0,0.0
106342,0.0,0.0,0.0
106343,0.0,0.0,0.0
106344,0.0,0.0,0.0
106345,0.0,0.0,0.0
106346,0.0,0.0,0.0
106347,0.0,0.0,0.0
106348,0.0,0.0,0.0
106349,0.0,0.0,0.0
106350,0.0,0.0,0.0
106351,0.0,0.0,0.0
106352,0.0,0.0,0.0
106353,0.0,0.0,0.0
106354,0.0,0.0,0.0
106355,0.0,0.0,0.0
106356,0.0,0.0,0.0
106357,0.0,0.0,0.0
106358,0.0,0.0,0.0
106359,0.0,0.0,0.0
106360,0.0,0.0,0.0
106361,0.0,0.0,0.0
106362,0.0,0.0,0.0
106363,0.0,0.0,0.0
106364,0.0,0.0,0.0
106365,0.0,0.0,0.0
106366,0.0,0.0,0.0
106367,0.0,0.0,0.0
106368,0.0,0.0,0.0
106369,0.0,0.0,0.0
106370,0.0,0.0,0.0
106371,0.0,0.0,0.0
106372,0.0,0.0,0.0
106373,0.0,0.0,0.0
106374,0.0,0.0,0.0
106375,0.0,0.0,0.0
106376,0.0,0.0,0.0
106377,0.0,0.0,0.0
106378,0.0,0.0,0.0
106379,0.0,0.0,0.0
106380,0.0,0.0,0.0
106381,0.0,0.0,0.0
106382,0.0,0.0,0.0
106383,0.0,0.0,0.0
106384,0.0,0.0,0.0
106385,0.0,0.0,0.0
106386,0.0,0.0,0.0
106387,0.0,0.0,0.0
106388,0.0,0.0,0.0
106389,0.0,0.0,0.0
106390,0.0,0.0,0.0
106391,0.0,0.0,0.0
106392,0.0,0.0,0.0
106393,0.0,0.0,0.0
106394,0.0,0.0,0.0
106395,0.0,0.0,0.0
106396,0.0,0.0,0.0
106397,0.0,0.0,0.0
106398,0.0,0.0,0.0
106399,0.0,0.0,0.0
106400,0.0,0.0,0.0
106401,0.0,0.0,0.0
106402,0.0,0.0,0.0
106403,0.0,0.0,0.0
106404,0.0,0.0,0.0
106405,0.0,0.0,0.0
106406,0.0,0.0,0.0
106407,0.0,0.0,0.0
106408,0.0,0.0,0.0
106409,0.0,0.0,0.0
106410,0.0,0.0,0.0
106411,0.0,0.0,0.0
106412,0.0,0.0,0.0
106413,0.0,0.0,0.0
106414,0.0,0.0,0.0
106415,0.0,0.0,0.0
106416,0.0,0.0,0.0
106417,0.0,0.0,0.0
106418,0.0,0.0,0.0
106419,0.0,0.0,0.0
106420,0.0,0.0,0.0
106421,0.0,0.0,0.0
106422,0.0,0.0,0.0
106423,0.0,0.0,0.0
106424,0.0,0.0,0.0
106425,0.0,0.0,0.0
106426,0.0,0.0,0.0
106427,0.0,0.0,0.0
106428,0.0,0.0,0.0
106429,0.0,0.0,0.0
106430,0.0,0.0,0.0
106431,0.0,0.0,0.0
106432,0.0,0.0,0.0
106433,0.0,0.0,0.0
106434,0.0,0.0,0.0
106435,0.0,0.0,0.0
106436,0.0,0.0,0.0
106437,0.0,0.0,0.0
106438,0.0,0.0,0.0
106439,0.0,0.0,0.0
106440,0.0,0.0,0.0
106441,0.0,0.0,0.0
106442,0.0,0.0,0.0
106443,0.0,0.0,0.0
106444,0.0,0.0,0.0
106445,0.0,0.0,0.0
106446,0.0,0.0,0.0
106447,0.0,0.0,0.0
106448,0.0,0.0,0.0
106449,0.0,0.0,0.0
106450,0.0,0.0,0.0
106451,0.0,0.0,0.0
106452,0.0,0.0,0.0
106453,0.0,0.0,0.0
106454,0.0,0.0,0.0
106455,0.0,0.0,0.0
106456,0.0,0.0,0.0
106457,0.0,0.0,0.0
106458,0.0,0.0,0.0
106459,0.0,0.0,0.0
106460,0.0,0.0,0.0
106461,0.0,0.0,0.0
106462,0.0,0.0,0.0
106463,0.0,0.0,0.0
106464,0.0,0.0,0.0
106465,0.0,0.0,0.0
106466,0.0,0.0,0.0
106467,0.0,0.0,0.0
106468,0.0,0.0,0.0
106469,0.0,0.0,0.0
106470,0.0,0.0,0.0
106471,0.0,0.0,0.0
106472,0.0,0.0,0.0
106473,0.0,0.0,0.0
106474,0.0,0.0,0.0
106475,0.0,0.0,0.0
106476,0.0,0.0,0.0
106477,0.0,0.0,0.0
106478,0.0,0.0,0.0
106479,0.0,0.0,0.0
106480,0.0,0.0,0.0
106481,0.0,0.0,0.0
106482,0.0,0.0,0.0
106483,0.0,0.0,0.0
106484,0.0,0.0,0.0
106485,0.0,0.0,0.0
106486,0.0,0.0,0.0
106487,0.0,0.0,0.0
106488,0.0,0.0,0.0
106489,0.0,0.0,0.0
106490,0.0,0.0,0.0
106491,0.0,0.0,0.0
106492,0.0,0.0,0.0
106493,0.0,0.0,0.0
106494,0.0,0.0,0.0
106495,0.0,0.0,0.0
106496,0.0,0.0,0.0
106497,0.0,0.0,0.0
106498,0.0,0.0,0.0
106499,0.0,0.0,0.0
106500,0.0,0.0,0.0
106501,0.0,0.0,0.0
106502,0.0,0.0,0.0
106503,0.0,0.0,0.0
106504,0.0,0.0,0.0
106505,0.0,0.0,0.0
106506,0.0,0.0,0.0
106507,0.0,0.0,0.0
106508,0.0,0.0,0.0
106509,0.0,0.0,0.0
106510,0.0,0.0,0.0
106511,0.0,0.0,0.0
106512,0.0,0.0,0.0
106513,0.0,0.0,0.0
106514,0.0,0.0,0.0
106515,0.0,0.0,0.0
106516,0.0,0.0,0.0
106517,0.0,0.0,0.0
106518,0.0,0.0,0.0
106519,0.0,0.0,0.0
106520,0.0,0.0,0.0
106521,0.0,0.0,0.0
106522,0.0,0.0,0.0
106523,0.0,0.0,0.0
106524,0.0,0.0,0.0
106525,0.0,0.0,0.0
106526,0.0,0.0,0.0
106527,0.0,0.0,0.0
106528,0.0,0.0,0.0
106529,0.0,0.0,0.0
106530,0.0,0.0,0.0
106531,0.0,0.0,0.0
106532,0.0,0.0,0.0
106533,0.0,0.0,0.0
106534,0.0,0.0,0.0
106535,0.0,0.0,0.0
106536,0.0,0.0,0.0
106537,0.0,0.0,0.0
106538,0.0,0.0,0.0
106539,0.0,0.0,0.0
106540,0.0,0.0,0.0
106541,0.0,0.0,0.0
106542,0.0,0.0,0.0
106543,0.0,0.0,0.0
106544,0.0,0.0,0.0
106545,0.0,0.0,0.0
106546,0.0,0.0,0.0
106547,0.0,0.0,0.0
106548,0.0,0.0,0.0
106549,0.0,0.0,0.0
106550,0.0,0.0,0.0
106551,0.0,0.0,0.0
106552,0.0,0.0,0.0
106553,0.0,0.0,0.0
106554,0.0,0.0,0.0
106555,0.0,0.0,0.0
106556,0.0,0.0,0.0
106557,0.0,0.0,0.0
106558,0.0,0.0,0.0
106559,0.0,0.0,0.0
106560,0.0,0.0,0.0
106561,0.0,0.0,0.0
106562,0.0,0.0,0.0
106563,0.0,0.0,0.0
106564,0.0,0.0,0.0
106565,0.0,0.0,0.0
106566,0.0,0.0,0.0
106567,0.0,0.0,0.0
106568,0.0,0.0,0.0
106569,0.0,0.0,0.0
106570,0.0,0.0,0.0
106571,0.0,0.0,0.0
106572,0.0,0.0,0.0
106573,0.0,0.0,0.0
106574,0.0,0.0,0.0
106575,0.0,0.0,0.0
106576,0.0,0.0,0.0
106577,0.0,0.0,0.0
106578,0.0,0.0,0.0
106579,0.0,0.0,0.0
106580,0.0,0.0,0.0
106581,0.0,0.0,0.0
106582,0.0,0.0,0.0
106583,0.0,0.0,0.0
106584,0.0,0.0,0.0
106585,0.0,0.0,0.0
106586,0.0,0.0,0.0
106587,0.0,0.0,0.0
106588,0.0,0.0,0.0
106589,0.0,0.0,0.0
106590,0.0,0.0,0.0
106591,0.0,0.0,0.0
106592,0.0,0.0,0.0
106593,0.0,0.0,0.0
106594,0.0,0.0,0.0
106595,0.0,0.0,0.0
106596,0.0,0.0,0.0
106597,0.0,0.0,0.0
106598,0.0,0.0,0.0
106599,0.0,0.0,0.0
106600,0.0,0.0,0.0
106601,0.0,0.0,0.0
106602,0.0,0.0,0.0
106603,0.0,0.0,0.0
106604,0.0,0.0,0.0
106605,0.0,0.0,0.0
106606,0.0,0.0,0.0
106607,0.0,0.0,0.0
106608,0.0,0.0,0.0
106609,0.0,0.0,0.0
106610,0.0,0.0,0.0
106611,0.0,0.0,0.0
106612,0.0,0.0,0.0
106613,0.0,0.0,0.0
106614,0.0,0.0,0.0
106615,0.0,0.0,0.0
106616,0.0,0.0,0.0
106617,0.0,0.0,0.0
106618,0.0,0.0,0.0
106619,0.0,0.0,0.0
106620,0.0,0.0,0.0
106621,0.0,0.0,0.0
106622,0.0,0.0,0.0
106623,0.0,0.0,0.0
106624,0.0,0.0,0.0
106625,0.0,0.0,0.0
106626,0.0,0.0,0.0
106627,0.0,0.0,0.0
106628,0.0,0.0,0.0
106629,0.0,0.0,0.0
106630,0.0,0.0,0.0
106631,0.0,0.0,0.0
106632,0.0,0.0,0.0
106633,0.0,0.0,0.0
106634,0.0,0.0,0.0
106635,0.0,0.0,0.0
106636,0.0,0.0,0.0
106637,0.0,0.0,0.0
106638,0.0,0.0,0.0
106639,0.0,0.0,0.0
106640,0.0,0.0,0.0
106641,0.0,0.0,0.0
106642,0.0,0.0,0.0
106643,0.0,0.0,0.0
106644,0.0,0.0,0.0
106645,0.0,0.0,0.0
106646,0.0,0.0,0.0
106647,0.0,0.0,0.0
106648,0.0,0.0,0.0
106649,0.0,0.0,0.0
106650,0.0,0.0,0.0
106651,0.0,0.0,0.0
106652,0.0,0.0,0.0
106653,0.0,0.0,0.0
106654,0.0,0.0,0.0
106655,0.0,0.0,0.0
106656,0.0,0.0,0.0
106657,0.0,0.0,0.0
106658,0.0,0.0,0.0
106659,0.0,0.0,0.0
106660,0.0,0.0,0.0
106661,0.0,0.0,0.0
106662,0.0,0.0,0.0
106663,0.0,0.0,0.0
106664,0.0,0.0,0.0
106665,0.0,0.0,0.0
106666,0.0,0.0,0.0
106667,0.0,0.0,0.0
106668,0.0,0.0,0.0
106669,0.0,0.0,0.0
106670,0.0,0.0,0.0
106671,0.0,0.0,0.0
106672,0.0,0.0,0.0
106673,0.0,0.0,0.0
106674,0.0,0.0,0.0
106675,0.0,0.0,0.0
106676,0.0,0.0,0.0
106677,0.0,0.0,0.0
106678,0.0,0.0,0.0
106679,0.0,0.0,0.0
106680,0.0,0.0,0.0
106681,0.0,0.0,0.0
106682,0.0,0.0,0.0
106683,0.0,0.0,0.0
106684,0.0,0.0,0.0
106685,0.0,0.0,0.0
106686,0.0,0.0,0.0
106687,0.0,0.0,0.0
106688,0.0,0.0,0.0
106689,0.0,0.0,0.0
106690,0.0,0.0,0.0
106691,0.0,0.0,0.0
106692,0.0,0.0,0.0
106693,0.0,0.0,0.0
106694,0.0,0.0,0.0
106695,0.0,0.0,0.0
106696,0.0,0.0,0.0
106697,0.0,0.0,0.0
106698,0.0,0.0,0.0
106699,0.0,0.0,0.0
106700,0.0,0.0,0.0
106701,0.0,0.0,0.0
106702,0.0,0.0,0.0
106703,0.0,0.0,0.0
106704,0.0,0.0,0.0
106705,0.0,0.0,0.0
106706,0.0,0.0,0.0
106707,0.0,0.0,0.0
106708,0.0,0.0,0.0
106709,0.0,0.0,0.0
106710,0.0,0.0,0.0
106711,0.0,0.0,0.0
106712,0.0,0.0,0.0
106713,0.0,0.0,0.0
106714,0.0,0.0,0.0
106715,0.0,0.0,0.0
106716,0.0,0.0,0.0
106717,0.0,0.0,0.0
106718,0.0,0.0,0.0
106719,0.0,0.0,0.0
106720,0.0,0.0,0.0
106721,0.0,0.0,0.0
106722,0.0,0.0,0.0
106723,0.0,0.0,0.0
106724,0.0,0.0,0.0
106725,0.0,0.0,0.0
106726,0.0,0.0,0.0
106727,0.0,0.0,0.0
106728,0.0,0.0,0.0
106729,0.0,0.0,0.0
106730,0.0,0.0,0.0
106731,0.0,0.0,0.0
106732,0.0,0.0,0.0
106733,0.0,0.0,0.0
106734,0.0,0.0,0.0
106735,0.0,0.0,0.0
106736,0.0,0.0,0.0
106737,0.0,0.0,0.0
106738,0.0,0.0,0.0
106739,0.0,0.0,0.0
106740,0.0,0.0,0.0
106741,0.0,0.0,0.0
106742,0.0,0.0,0.0
106743,0.0,0.0,0.0
106744,0.0,0.0,0.0
106745,0.0,0.0,0.0
106746,0.0,0.0,0.0
106747,0.0,0.0,0.0
106748,0.0,0.0,0.0
106749,0.0,0.0,0.0
106750,0.0,0.0,0.0
106751,0.0,0.0,0.0
106752,0.0,0.0,0.0
106753,0.0,0.0,0.0
106754,0.0,0.0,0.0
106755,0.0,0.0,0.0
106756,0.0,0.0,0.0
106757,0.0,0.0,0.0
106758,0.0,0.0,0.0
106759,0.0,0.0,0.0
106760,0.0,0.0,0.0
106761,0.0,0.0,0.0
106762,0.0,0.0,0.0
106763,0.0,0.0,0.0
106764,0.0,0.0,0.0
106765,0.0,0.0,0.0
106766,0.0,0.0,0.0
106767,0.0,0.0,0.0
106768,0.0,0.0,0.0
106769,0.0,0.0,0.0
106770,0.0,0.0,0.0
106771,0.0,0.0,0.0
106772,0.0,0.0,0.0
106773,0.0,0.0,0.0
106774,0.0,0.0,0.0
106775,0.0,0.0,0.0
106776,0.0,0.0,0.0
106777,0.0,0.0,0.0
106778,0.0,0.0,0.0
106779,0.0,0.0,0.0
106780,0.0,0.0,0.0
106781,0.0,0.0,0.0
106782,0.0,0.0,0.0
106783,0.0,0.0,0.0
106784,0.0,0.0,0.0
106785,0.0,0.0,0.0
106786,0.0,0.0,0.0
106787,0.0,0.0,0.0
106788,0.0,0.0,0.0
106789,0.0,0.0,0.0
106790,0.0,0.0,0.0
106791,0.0,0.0,0.0
106792,0.0,0.0,0.0
106793,0.0,0.0,0.0
106794,0.0,0.0,0.0
106795,0.0,0.0,0.0
106796,0.0,0.0,0.0
106797,0.0,0.0,0.0
106798,0.0,0.0,0.0
106799,0.0,0.0,0.0
106800,0.0,0.0,0.0
106801,0.0,0.0,0.0
106802,0.0,0.0,0.0
106803,0.0,0.0,0.0
106804,0.0,0.0,0.0
106805,0.0,0.0,0.0
106806,0.0,0.0,0.0
106807,0.0,0.0,0.0
106808,0.0,0.0,0.0
106809,0.0,0.0,0.0
106810,0.0,0.0,0.0
106811,0.0,0.0,0.0
106812,0.0,0.0,0.0
106813,0.0,0.0,0.0
106814,0.0,0.0,0.0
106815,0.0,0.0,0.0
106816,0.0,0.0,0.0
106817,0.0,0.0,0.0
106818,0.0,0.0,0.0
106819,0.0,0.0,0.0
106820,0.0,0.0,0.0
106821,0.0,0.0,0.0
106822,0.0,0.0,0.0
106823,0.0,0.0,0.0
106824,0.0,0.0,0.0
106825,0.0,0.0,0.0
106826,0.0,0.0,0.0
106827,0.0,0.0,0.0
106828,0.0,0.0,0.0
106829,0.0,0.0,0.0
106830,0.0,0.0,0.0
106831,0.0,0.0,0.0
106832,0.0,0.0,0.0
106833,0.0,0.0,0.0
106834,0.0,0.0,0.0
106835,0.0,0.0,0.0
106836,0.0,0.0,0.0
106837,0.0,0.0,0.0
106838,0.0,0.0,0.0
106839,0.0,0.0,0.0
106840,0.0,0.0,0.0
106841,0.0,0.0,0.0
106842,0.0,0.0,0.0
106843,0.0,0.0,0.0
106844,0.0,0.0,0.0
106845,0.0,0.0,0.0
106846,0.0,0.0,0.0
106847,0.0,0.0,0.0
106848,0.0,0.0,0.0
106849,0.0,0.0,0.0
106850,0.0,0.0,0.0
106851,0.0,0.0,0.0
106852,0.0,0.0,0.0
106853,0.0,0.0,0.0
106854,0.0,0.0,0.0
106855,0.0,0.0,0.0
106856,0.0,0.0,0.0
106857,0.0,0.0,0.0
106858,0.0,0.0,0.0
106859,0.0,0.0,0.0
106860,0.0,0.0,0.0
106861,0.0,0.0,0.0
106862,0.0,0.0,0.0
106863,0.0,0.0,0.0
106864,0.0,0.0,0.0
106865,0.0,0.0,0.0
106866,0.0,0.0,0.0
106867,0.0,0.0,0.0
106868,0.0,0.0,0.0
106869,0.0,0.0,0.0
106870,0.0,0.0,0.0
106871,0.0,0.0,0.0
106872,0.0,0.0,0.0
106873,0.0,0.0,0.0
106874,0.0,0.0,0.0
106875,0.0,0.0,0.0
106876,0.0,0.0,0.0
106877,0.0,0.0,0.0
106878,0.0,0.0,0.0
106879,0.0,0.0,0.0
106880,0.0,0.0,0.0
106881,0.0,0.0,0.0
106882,0.0,0.0,0.0
106883,0.0,0.0,0.0
106884,0.0,0.0,0.0
106885,0.0,0.0,0.0
106886,0.0,0.0,0.0
106887,0.0,0.0,0.0
106888,0.0,0.0,0.0
106889,0.0,0.0,0.0
106890,0.0,0.0,0.0
106891,0.0,0.0,0.0
106892,0.0,0.0,0.0
106893,0.0,0.0,0.0
106894,0.0,0.0,0.0
106895,0.0,0.0,0.0
106896,0.0,0.0,0.0
106897,0.0,0.0,0.0
106898,0.0,0.0,0.0
106899,0.0,0.0,0.0
106900,0.0,0.0,0.0
106901,0.0,0.0,0.0
106902,0.0,0.0,0.0
106903,0.0,0.0,0.0
106904,0.0,0.0,0.0
106905,0.0,0.0,0.0
106906,0.0,0.0,0.0
106907,0.0,0.0,0.0
106908,0.0,0.0,0.0
106909,0.0,0.0,0.0
106910,0.0,0.0,0.0
106911,0.0,0.0,0.0
106912,0.0,0.0,0.0
106913,0.0,0.0,0.0
106914,0.0,0.0,0.0
106915,0.0,0.0,0.0
106916,0.0,0.0,0.0
106917,0.0,0.0,0.0
106918,0.0,0.0,0.0
106919,0.0,0.0,0.0
106920,0.0,0.0,0.0
106921,0.0,0.0,0.0
106922,0.0,0.0,0.0
106923,0.0,0.0,0.0
106924,0.0,0.0,0.0
106925,0.0,0.0,0.0
106926,0.0,0.0,0.0
106927,0.0,0.0,0.0
106928,0.0,0.0,0.0
106929,0.0,0.0,0.0
106930,0.0,0.0,0.0
106931,0.0,0.0,0.0
106932,0.0,0.0,0.0
106933,0.0,0.0,0.0
106934,0.0,0.0,0.0
106935,0.0,0.0,0.0
106936,0.0,0.0,0.0
106937,0.0,0.0,0.0
106938,0.0,0.0,0.0
106939,0.0,0.0,0.0
106940,0.0,0.0,0.0
106941,0.0,0.0,0.0
106942,0.0,0.0,0.0
106943,0.0,0.0,0.0
106944,0.0,0.0,0.0
106945,0.0,0.0,0.0
106946,0.0,0.0,0.0
106947,0.0,0.0,0.0
106948,0.0,0.0,0.0
106949,0.0,0.0,0.0
106950,0.0,0.0,0.0
106951,0.0,0.0,0.0
106952,0.0,0.0,0.0
106953,0.0,0.0,0.0
106954,0.0,0.0,0.0
106955,0.0,0.0,0.0
106956,0.0,0.0,0.0
106957,0.0,0.0,0.0
106958,0.0,0.0,0.0
106959,0.0,0.0,0.0
106960,0.0,0.0,0.0
106961,0.0,0.0,0.0
106962,0.0,0.0,0.0
106963,0.0,0.0,0.0
106964,0.0,0.0,0.0
106965,0.0,0.0,0.0
106966,0.0,0.0,0.0
106967,0.0,0.0,0.0
106968,0.0,0.0,0.0
106969,0.0,0.0,0.0
106970,0.0,0.0,0.0
106971,0.0,0.0,0.0
106972,0.0,0.0,0.0
106973,0.0,0.0,0.0
106974,0.0,0.0,0.0
106975,0.0,0.0,0.0
106976,0.0,0.0,0.0
106977,0.0,0.0,0.0
106978,0.0,0.0,0.0
106979,0.0,0.0,0.0
106980,0.0,0.0,0.0
106981,0.0,0.0,0.0
106982,0.0,0.0,0.0
106983,0.0,0.0,0.0
106984,0.0,0.0,0.0
106985,0.0,0.0,0.0
106986,0.0,0.0,0.0
106987,0.0,0.0,0.0
106988,0.0,0.0,0.0
106989,0.0,0.0,0.0
106990,0.0,0.0,0.0
106991,0.0,0.0,0.0
106992,0.0,0.0,0.0
106993,0.0,0.0,0.0
106994,0.0,0.0,0.0
106995,0.0,0.0,0.0
106996,0.0,0.0,0.0
106997,0.0,0.0,0.0
106998,0.0,0.0,0.0
106999,0.0,0.0,0.0
107000,0.0,0.0,0.0
107001,0.0,0.0,0.0
107002,0.0,0.0,0.0
107003,0.0,0.0,0.0
107004,0.0,0.0,0.0
107005,0.0,0.0,0.0
107006,0.0,0.0,0.0
107007,0.0,0.0,0.0
107008,0.0,0.0,0.0
107009,0.0,0.0,0.0
107010,0.0,0.0,0.0
107011,0.0,0.0,0.0
107012,0.0,0.0,0.0
107013,0.0,0.0,0.0
107014,0.0,0.0,0.0
107015,0.0,0.0,0.0
107016,0.0,0.0,0.0
107017,0.0,0.0,0.0
107018,0.0,0.0,0.0
107019,0.0,0.0,0.0
107020,0.0,0.0,0.0
107021,0.0,0.0,0.0
107022,0.0,0.0,0.0
107023,0.0,0.0,0.0
107024,0.0,0.0,0.0
107025,0.0,0.0,0.0
107026,0.0,0.0,0.0
107027,0.0,0.0,0.0
107028,0.0,0.0,0.0
107029,0.0,0.0,0.0
107030,0.0,0.0,0.0
107031,0.0,0.0,0.0
107032,0.0,0.0,0.0
107033,0.0,0.0,0.0
107034,0.0,0.0,0.0
107035,0.0,0.0,0.0
107036,0.0,0.0,0.0
107037,0.0,0.0,0.0
107038,0.0,0.0,0.0
107039,0.0,0.0,0.0
107040,0.0,0.0,0.0
107041,0.0,0.0,0.0
107042,0.0,0.0,0.0
107043,0.0,0.0,0.0
107044,0.0,0.0,0.0
107045,0.0,0.0,0.0
107046,0.0,0.0,0.0
107047,0.0,0.0,0.0
107048,0.0,0.0,0.0
107049,0.0,0.0,0.0
107050,0.0,0.0,0.0
107051,0.0,0.0,0.0
107052,0.0,0.0,0.0
107053,0.0,0.0,0.0
107054,0.0,0.0,0.0
107055,0.0,0.0,0.0
107056,0.0,0.0,0.0
107057,0.0,0.0,0.0
107058,0.0,0.0,0.0
107059,0.0,0.0,0.0
107060,0.0,0.0,0.0
107061,0.0,0.0,0.0
107062,0.0,0.0,0.0
107063,0.0,0.0,0.0
107064,0.0,0.0,0.0
107065,0.0,0.0,0.0
107066,0.0,0.0,0.0
107067,0.0,0.0,0.0
107068,0.0,0.0,0.0
107069,0.0,0.0,0.0
107070,0.0,0.0,0.0
107071,0.0,0.0,0.0
107072,0.0,0.0,0.0
107073,0.0,0.0,0.0
107074,0.0,0.0,0.0
107075,0.0,0.0,0.0
107076,0.0,0.0,0.0
107077,0.0,0.0,0.0
107078,0.0,0.0,0.0
107079,0.0,0.0,0.0
107080,0.0,0.0,0.0
107081,0.0,0.0,0.0
107082,0.0,0.0,0.0
107083,0.0,0.0,0.0
107084,0.0,0.0,0.0
107085,0.0,0.0,0.0
107086,0.0,0.0,0.0
107087,0.0,0.0,0.0
107088,0.0,0.0,0.0
107089,0.0,0.0,0.0
107090,0.0,0.0,0.0
107091,0.0,0.0,0.0
107092,0.0,0.0,0.0
107093,0.0,0.0,0.0
107094,0.0,0.0,0.0
107095,0.0,0.0,0.0
107096,0.0,0.0,0.0
107097,0.0,0.0,0.0
107098,0.0,0.0,0.0
107099,0.0,0.0,0.0
107100,0.0,0.0,0.0
107101,0.0,0.0,0.0
107102,0.0,0.0,0.0
107103,0.0,0.0,0.0
107104,0.0,0.0,0.0
107105,0.0,0.0,0.0
107106,0.0,0.0,0.0
107107,0.0,0.0,0.0
107108,0.0,0.0,0.0
107109,0.0,0.0,0.0
107110,0.0,0.0,0.0
107111,0.0,0.0,0.0
107112,0.0,0.0,0.0
107113,0.0,0.0,0.0
107114,0.0,0.0,0.0
107115,0.0,0.0,0.0
107116,0.0,0.0,0.0
107117,0.0,0.0,0.0
107118,0.0,0.0,0.0
107119,0.0,0.0,0.0
107120,0.0,0.0,0.0
107121,0.0,0.0,0.0
107122,0.0,0.0,0.0
107123,0.0,0.0,0.0
107124,0.0,0.0,0.0
107125,0.0,0.0,0.0
107126,0.0,0.0,0.0
107127,0.0,0.0,0.0
107128,0.0,0.0,0.0
107129,0.0,0.0,0.0
107130,0.0,0.0,0.0
107131,0.0,0.0,0.0
107132,0.0,0.0,0.0
107133,0.0,0.0,0.0
107134,0.0,0.0,0.0
107135,0.0,0.0,0.0
107136,0.0,0.0,0.0
107137,0.0,0.0,0.0
107138,0.0,0.0,0.0
107139,0.0,0.0,0.0
107140,0.0,0.0,0.0
107141,0.0,0.0,0.0
107142,0.0,0.0,0.0
107143,0.0,0.0,0.0
107144,0.0,0.0,0.0
107145,0.0,0.0,0.0
107146,0.0,0.0,0.0
107147,0.0,0.0,0.0
107148,0.0,0.0,0.0
107149,0.0,0.0,0.0
107150,0.0,0.0,0.0
107151,0.0,0.0,0.0
107152,0.0,0.0,0.0
107153,0.0,0.0,0.0
107154,0.0,0.0,0.0
107155,0.0,0.0,0.0
107156,0.0,0.0,0.0
107157,0.0,0.0,0.0
107158,0.0,0.0,0.0
107159,0.0,0.0,0.0
107160,0.0,0.0,0.0
107161,0.0,0.0,0.0
107162,0.0,0.0,0.0
107163,0.0,0.0,0.0
107164,0.0,0.0,0.0
107165,0.0,0.0,0.0
107166,0.0,0.0,0.0
107167,0.0,0.0,0.0
107168,0.0,0.0,0.0
107169,0.0,0.0,0.0
107170,0.0,0.0,0.0
107171,0.0,0.0,0.0
107172,0.0,0.0,0.0
107173,0.0,0.0,0.0
107174,0.0,0.0,0.0
107175,0.0,0.0,0.0
107176,0.0,0.0,0.0
107177,0.0,0.0,0.0
107178,0.0,0.0,0.0
107179,0.0,0.0,0.0
107180,0.0,0.0,0.0
107181,0.0,0.0,0.0
107182,0.0,0.0,0.0
107183,0.0,0.0,0.0
107184,0.0,0.0,0.0
107185,0.0,0.0,0.0
107186,0.0,0.0,0.0
107187,0.0,0.0,0.0
107188,0.0,0.0,0.0
107189,0.0,0.0,0.0
107190,0.0,0.0,0.0
107191,0.0,0.0,0.0
107192,0.0,0.0,0.0
107193,0.0,0.0,0.0
107194,0.0,0.0,0.0
107195,0.0,0.0,0.0
107196,0.0,0.0,0.0
107197,0.0,0.0,0.0
107198,0.0,0.0,0.0
107199,0.0,0.0,0.0
107200,0.0,0.0,0.0
107201,0.0,0.0,0.0
107202,0.0,0.0,0.0
107203,0.0,0.0,0.0
107204,0.0,0.0,0.0
107205,0.0,0.0,0.0
107206,0.0,0.0,0.0
107207,0.0,0.0,0.0
107208,0.0,0.0,0.0
107209,0.0,0.0,0.0
107210,0.0,0.0,0.0
107211,0.0,0.0,0.0
107212,0.0,0.0,0.0
107213,0.0,0.0,0.0
107214,0.0,0.0,0.0
107215,0.0,0.0,0.0
107216,0.0,0.0,0.0
107217,0.0,0.0,0.0
107218,0.0,0.0,0.0
107219,0.0,0.0,0.0
107220,0.0,0.0,0.0
107221,0.0,0.0,0.0
107222,0.0,0.0,0.0
107223,0.0,0.0,0.0
107224,0.0,0.0,0.0
107225,0.0,0.0,0.0
107226,0.0,0.0,0.0
107227,0.0,0.0,0.0
107228,0.0,0.0,0.0
107229,0.0,0.0,0.0
107230,0.0,0.0,0.0
107231,0.0,0.0,0.0
107232,0.0,0.0,0.0
107233,0.0,0.0,0.0
107234,0.0,0.0,0.0
107235,0.0,0.0,0.0
107236,0.0,0.0,0.0
107237,0.0,0.0,0.0
107238,0.0,0.0,0.0
107239,0.0,0.0,0.0
107240,0.0,0.0,0.0
107241,0.0,0.0,0.0
107242,0.0,0.0,0.0
107243,0.0,0.0,0.0
107244,0.0,0.0,0.0
107245,0.0,0.0,0.0
107246,0.0,0.0,0.0
107247,0.0,0.0,0.0
107248,0.0,0.0,0.0
107249,0.0,0.0,0.0
107250,0.0,0.0,0.0
107251,0.0,0.0,0.0
107252,0.0,0.0,0.0
107253,0.0,0.0,0.0
107254,0.0,0.0,0.0
107255,0.0,0.0,0.0
107256,0.0,0.0,0.0
107257,0.0,0.0,0.0
107258,0.0,0.0,0.0
107259,0.0,0.0,0.0
107260,0.0,0.0,0.0
107261,0.0,0.0,0.0
107262,0.0,0.0,0.0
107263,0.0,0.0,0.0
107264,0.0,0.0,0.0
107265,0.0,0.0,0.0
107266,0.0,0.0,0.0
107267,0.0,0.0,0.0
107268,0.0,0.0,0.0
107269,0.0,0.0,0.0
107270,0.0,0.0,0.0
107271,0.0,0.0,0.0
107272,0.0,0.0,0.0
107273,0.0,0.0,0.0
107274,0.0,0.0,0.0
107275,0.0,0.0,0.0
107276,0.0,0.0,0.0
107277,0.0,0.0,0.0
107278,0.0,0.0,0.0
107279,0.0,0.0,0.0
107280,0.0,0.0,0.0
107281,0.0,0.0,0.0
107282,0.0,0.0,0.0
107283,0.0,0.0,0.0
107284,0.0,0.0,0.0
107285,0.0,0.0,0.0
107286,0.0,0.0,0.0
107287,0.0,0.0,0.0
107288,0.0,0.0,0.0
107289,0.0,0.0,0.0
107290,0.0,0.0,0.0
107291,0.0,0.0,0.0
107292,0.0,0.0,0.0
107293,0.0,0.0,0.0
107294,0.0,0.0,0.0
107295,0.0,0.0,0.0
107296,0.0,0.0,0.0
107297,0.0,0.0,0.0
107298,0.0,0.0,0.0
107299,0.0,0.0,0.0
107300,0.0,0.0,0.0
107301,0.0,0.0,0.0
107302,0.0,0.0,0.0
107303,0.0,0.0,0.0
107304,0.0,0.0,0.0
107305,0.0,0.0,0.0
107306,0.0,0.0,0.0
107307,0.0,0.0,0.0
107308,0.0,0.0,0.0
107309,0.0,0.0,0.0
107310,0.0,0.0,0.0
107311,0.0,0.0,0.0
107312,0.0,0.0,0.0
107313,0.0,0.0,0.0
107314,0.0,0.0,0.0
107315,0.0,0.0,0.0
107316,0.0,0.0,0.0
107317,0.0,0.0,0.0
107318,0.0,0.0,0.0
107319,0.0,0.0,0.0
107320,0.0,0.0,0.0
107321,0.0,0.0,0.0
107322,0.0,0.0,0.0
107323,0.0,0.0,0.0
107324,0.0,0.0,0.0
107325,0.0,0.0,0.0
107326,0.0,0.0,0.0
107327,0.0,0.0,0.0
107328,0.0,0.0,0.0
107329,0.0,0.0,0.0
107330,0.0,0.0,0.0
107331,0.0,0.0,0.0
107332,0.0,0.0,0.0
107333,0.0,0.0,0.0
107334,0.0,0.0,0.0
107335,0.0,0.0,0.0
107336,0.0,0.0,0.0
107337,0.0,0.0,0.0
107338,0.0,0.0,0.0
107339,0.0,0.0,0.0
107340,0.0,0.0,0.0
107341,0.0,0.0,0.0
107342,0.0,0.0,0.0
107343,0.0,0.0,0.0
107344,0.0,0.0,0.0
107345,0.0,0.0,0.0
107346,0.0,0.0,0.0
107347,0.0,0.0,0.0
107348,0.0,0.0,0.0
107349,0.0,0.0,0.0
107350,0.0,0.0,0.0
107351,0.0,0.0,0.0
107352,0.0,0.0,0.0
107353,0.0,0.0,0.0
107354,0.0,0.0,0.0
107355,0.0,0.0,0.0
107356,0.0,0.0,0.0
107357,0.0,0.0,0.0
107358,0.0,0.0,0.0
107359,0.0,0.0,0.0
107360,0.0,0.0,0.0
107361,0.0,0.0,0.0
107362,0.0,0.0,0.0
107363,0.0,0.0,0.0
107364,0.0,0.0,0.0
107365,0.0,0.0,0.0
107366,0.0,0.0,0.0
107367,0.0,0.0,0.0
107368,0.0,0.0,0.0
107369,0.0,0.0,0.0
107370,0.0,0.0,0.0
107371,0.0,0.0,0.0
107372,0.0,0.0,0.0
107373,0.0,0.0,0.0
107374,0.0,0.0,0.0
107375,0.0,0.0,0.0
107376,0.0,0.0,0.0
107377,0.0,0.0,0.0
107378,0.0,0.0,0.0
107379,0.0,0.0,0.0
107380,0.0,0.0,0.0
107381,0.0,0.0,0.0
107382,0.0,0.0,0.0
107383,0.0,0.0,0.0
107384,0.0,0.0,0.0
107385,0.0,0.0,0.0
107386,0.0,0.0,0.0
107387,0.0,0.0,0.0
107388,0.0,0.0,0.0
107389,0.0,0.0,0.0
107390,0.0,0.0,0.0
107391,0.0,0.0,0.0
107392,0.0,0.0,0.0
107393,0.0,0.0,0.0
107394,0.0,0.0,0.0
107395,0.0,0.0,0.0
107396,0.0,0.0,0.0
107397,0.0,0.0,0.0
107398,0.0,0.0,0.0
107399,0.0,0.0,0.0
107400,0.0,0.0,0.0
107401,0.0,0.0,0.0
107402,0.0,0.0,0.0
107403,0.0,0.0,0.0
107404,0.0,0.0,0.0
107405,0.0,0.0,0.0
107406,0.0,0.0,0.0
107407,0.0,0.0,0.0
107408,0.0,0.0,0.0
107409,0.0,0.0,0.0
107410,0.0,0.0,0.0
107411,0.0,0.0,0.0
107412,0.0,0.0,0.0
107413,0.0,0.0,0.0
107414,0.0,0.0,0.0
107415,0.0,0.0,0.0
107416,0.0,0.0,0.0
107417,0.0,0.0,0.0
107418,0.0,0.0,0.0
107419,0.0,0.0,0.0
107420,0.0,0.0,0.0
107421,0.0,0.0,0.0
107422,0.0,0.0,0.0
107423,0.0,0.0,0.0
107424,0.0,0.0,0.0
107425,0.0,0.0,0.0
107426,0.0,0.0,0.0
107427,0.0,0.0,0.0
107428,0.0,0.0,0.0
107429,0.0,0.0,0.0
107430,0.0,0.0,0.0
107431,0.0,0.0,0.0
107432,0.0,0.0,0.0
107433,0.0,0.0,0.0
107434,0.0,0.0,0.0
107435,0.0,0.0,0.0
107436,0.0,0.0,0.0
107437,0.0,0.0,0.0
107438,0.0,0.0,0.0
107439,0.0,0.0,0.0
107440,0.0,0.0,0.0
107441,0.0,0.0,0.0
107442,0.0,0.0,0.0
107443,0.0,0.0,0.0
107444,0.0,0.0,0.0
107445,0.0,0.0,0.0
107446,0.0,0.0,0.0
107447,0.0,0.0,0.0
107448,0.0,0.0,0.0
107449,0.0,0.0,0.0
107450,0.0,0.0,0.0
107451,0.0,0.0,0.0
107452,0.0,0.0,0.0
107453,0.0,0.0,0.0
107454,0.0,0.0,0.0
107455,0.0,0.0,0.0
107456,0.0,0.0,0.0
107457,0.0,0.0,0.0
107458,0.0,0.0,0.0
107459,0.0,0.0,0.0
107460,0.0,0.0,0.0
107461,0.0,0.0,0.0
107462,0.0,0.0,0.0
107463,0.0,0.0,0.0
107464,0.0,0.0,0.0
107465,0.0,0.0,0.0
107466,0.0,0.0,0.0
107467,0.0,0.0,0.0
107468,0.0,0.0,0.0
107469,0.0,0.0,0.0
107470,0.0,0.0,0.0
107471,0.0,0.0,0.0
107472,0.0,0.0,0.0
107473,0.0,0.0,0.0
107474,0.0,0.0,0.0
107475,0.0,0.0,0.0
107476,0.0,0.0,0.0
107477,0.0,0.0,0.0
107478,0.0,0.0,0.0
107479,0.0,0.0,0.0
107480,0.0,0.0,0.0
107481,0.0,0.0,0.0
107482,0.0,0.0,0.0
107483,0.0,0.0,0.0
107484,0.0,0.0,0.0
107485,0.0,0.0,0.0
107486,0.0,0.0,0.0
107487,0.0,0.0,0.0
107488,0.0,0.0,0.0
107489,0.0,0.0,0.0
107490,0.0,0.0,0.0
107491,0.0,0.0,0.0
107492,0.0,0.0,0.0
107493,0.0,0.0,0.0
107494,0.0,0.0,0.0
107495,0.0,0.0,0.0
107496,0.0,0.0,0.0
107497,0.0,0.0,0.0
107498,0.0,0.0,0.0
107499,0.0,0.0,0.0
107500,0.0,0.0,0.0
107501,0.0,0.0,0.0
107502,0.0,0.0,0.0
107503,0.0,0.0,0.0
107504,0.0,0.0,0.0
107505,0.0,0.0,0.0
107506,0.0,0.0,0.0
107507,0.0,0.0,0.0
107508,0.0,0.0,0.0
107509,0.0,0.0,0.0
107510,0.0,0.0,0.0
107511,0.0,0.0,0.0
107512,0.0,0.0,0.0
107513,0.0,0.0,0.0
107514,0.0,0.0,0.0
107515,0.0,0.0,0.0
107516,0.0,0.0,0.0
107517,0.0,0.0,0.0
107518,0.0,0.0,0.0
107519,0.0,0.0,0.0
107520,0.0,0.0,0.0
107521,0.0,0.0,0.0
107522,0.0,0.0,0.0
107523,0.0,0.0,0.0
107524,0.0,0.0,0.0
107525,0.0,0.0,0.0
107526,0.0,0.0,0.0
107527,0.0,0.0,0.0
107528,0.0,0.0,0.0
107529,0.0,0.0,0.0
107530,0.0,0.0,0.0
107531,0.0,0.0,0.0
107532,0.0,0.0,0.0
107533,0.0,0.0,0.0
107534,0.0,0.0,0.0
107535,0.0,0.0,0.0
107536,0.0,0.0,0.0
107537,0.0,0.0,0.0
107538,0.0,0.0,0.0
107539,0.0,0.0,0.0
107540,0.0,0.0,0.0
107541,0.0,0.0,0.0
107542,0.0,0.0,0.0
107543,0.0,0.0,0.0
107544,0.0,0.0,0.0
107545,0.0,0.0,0.0
107546,0.0,0.0,0.0
107547,0.0,0.0,0.0
107548,0.0,0.0,0.0
107549,0.0,0.0,0.0
107550,0.0,0.0,0.0
107551,0.0,0.0,0.0
107552,0.0,0.0,0.0
107553,0.0,0.0,0.0
107554,0.0,0.0,0.0
107555,0.0,0.0,0.0
107556,0.0,0.0,0.0
107557,0.0,0.0,0.0
107558,0.0,0.0,0.0
107559,0.0,0.0,0.0
107560,0.0,0.0,0.0
107561,0.0,0.0,0.0
107562,0.0,0.0,0.0
107563,0.0,0.0,0.0
107564,0.0,0.0,0.0
107565,0.0,0.0,0.0
107566,0.0,0.0,0.0
107567,0.0,0.0,0.0
107568,0.0,0.0,0.0
107569,0.0,0.0,0.0
107570,0.0,0.0,0.0
107571,0.0,0.0,0.0
107572,0.0,0.0,0.0
107573,0.0,0.0,0.0
107574,0.0,0.0,0.0
107575,0.0,0.0,0.0
107576,0.0,0.0,0.0
107577,0.0,0.0,0.0
107578,0.0,0.0,0.0
107579,0.0,0.0,0.0
107580,0.0,0.0,0.0
107581,0.0,0.0,0.0
107582,0.0,0.0,0.0
107583,0.0,0.0,0.0
107584,0.0,0.0,0.0
107585,0.0,0.0,0.0
107586,0.0,0.0,0.0
107587,0.0,0.0,0.0
107588,0.0,0.0,0.0
107589,0.0,0.0,0.0
107590,0.0,0.0,0.0
107591,0.0,0.0,0.0
107592,0.0,0.0,0.0
107593,0.0,0.0,0.0
107594,0.0,0.0,0.0
107595,0.0,0.0,0.0
107596,0.0,0.0,0.0
107597,0.0,0.0,0.0
107598,0.0,0.0,0.0
107599,0.0,0.0,0.0
107600,0.0,0.0,0.0
107601,0.0,0.0,0.0
107602,0.0,0.0,0.0
107603,0.0,0.0,0.0
107604,0.0,0.0,0.0
107605,0.0,0.0,0.0
107606,0.0,0.0,0.0
107607,0.0,0.0,0.0
107608,0.0,0.0,0.0
107609,0.0,0.0,0.0
107610,0.0,0.0,0.0
107611,0.0,0.0,0.0
107612,0.0,0.0,0.0
107613,0.0,0.0,0.0
107614,0.0,0.0,0.0
107615,0.0,0.0,0.0
107616,0.0,0.0,0.0
107617,0.0,0.0,0.0
107618,0.0,0.0,0.0
107619,0.0,0.0,0.0
107620,0.0,0.0,0.0
107621,0.0,0.0,0.0
107622,0.0,0.0,0.0
107623,0.0,0.0,0.0
107624,0.0,0.0,0.0
107625,0.0,0.0,0.0
107626,0.0,0.0,0.0
107627,0.0,0.0,0.0
107628,0.0,0.0,0.0
107629,0.0,0.0,0.0
107630,0.0,0.0,0.0
107631,0.0,0.0,0.0
107632,0.0,0.0,0.0
107633,0.0,0.0,0.0
107634,0.0,0.0,0.0
107635,0.0,0.0,0.0
107636,0.0,0.0,0.0
107637,0.0,0.0,0.0
107638,0.0,0.0,0.0
107639,0.0,0.0,0.0
107640,0.0,0.0,0.0
107641,0.0,0.0,0.0
107642,0.0,0.0,0.0
107643,0.0,0.0,0.0
107644,0.0,0.0,0.0
107645,0.0,0.0,0.0
107646,0.0,0.0,0.0
107647,0.0,0.0,0.0
107648,0.0,0.0,0.0
107649,0.0,0.0,0.0
107650,0.0,0.0,0.0
107651,0.0,0.0,0.0
107652,0.0,0.0,0.0
107653,0.0,0.0,0.0
107654,0.0,0.0,0.0
107655,0.0,0.0,0.0
107656,0.0,0.0,0.0
107657,0.0,0.0,0.0
107658,0.0,0.0,0.0
107659,0.0,0.0,0.0
107660,0.0,0.0,0.0
107661,0.0,0.0,0.0
107662,0.0,0.0,0.0
107663,0.0,0.0,0.0
107664,0.0,0.0,0.0
107665,0.0,0.0,0.0
107666,0.0,0.0,0.0
107667,0.0,0.0,0.0
107668,0.0,0.0,0.0
107669,0.0,0.0,0.0
107670,0.0,0.0,0.0
107671,0.0,0.0,0.0
107672,0.0,0.0,0.0
107673,0.0,0.0,0.0
107674,0.0,0.0,0.0
107675,0.0,0.0,0.0
107676,0.0,0.0,0.0
107677,0.0,0.0,0.0
107678,0.0,0.0,0.0
107679,0.0,0.0,0.0
107680,0.0,0.0,0.0
107681,0.0,0.0,0.0
107682,0.0,0.0,0.0
107683,0.0,0.0,0.0
107684,0.0,0.0,0.0
107685,0.0,0.0,0.0
107686,0.0,0.0,0.0
107687,0.0,0.0,0.0
107688,0.0,0.0,0.0
107689,0.0,0.0,0.0
107690,0.0,0.0,0.0
107691,0.0,0.0,0.0
107692,0.0,0.0,0.0
107693,0.0,0.0,0.0
107694,0.0,0.0,0.0
107695,0.0,0.0,0.0
107696,0.0,0.0,0.0
107697,0.0,0.0,0.0
107698,0.0,0.0,0.0
107699,0.0,0.0,0.0
107700,0.0,0.0,0.0
107701,0.0,0.0,0.0
107702,0.0,0.0,0.0
107703,0.0,0.0,0.0
107704,0.0,0.0,0.0
107705,0.0,0.0,0.0
107706,0.0,0.0,0.0
107707,0.0,0.0,0.0
107708,0.0,0.0,0.0
107709,0.0,0.0,0.0
107710,0.0,0.0,0.0
107711,0.0,0.0,0.0
107712,0.0,0.0,0.0
107713,0.0,0.0,0.0
107714,0.0,0.0,0.0
107715,0.0,0.0,0.0
107716,0.0,0.0,0.0
107717,0.0,0.0,0.0
107718,0.0,0.0,0.0
107719,0.0,0.0,0.0
107720,0.0,0.0,0.0
107721,0.0,0.0,0.0
107722,0.0,0.0,0.0
107723,0.0,0.0,0.0
107724,0.0,0.0,0.0
107725,0.0,0.0,0.0
107726,0.0,0.0,0.0
107727,0.0,0.0,0.0
107728,0.0,0.0,0.0
107729,0.0,0.0,0.0
107730,0.0,0.0,0.0
107731,0.0,0.0,0.0
107732,0.0,0.0,0.0
107733,0.0,0.0,0.0
107734,0.0,0.0,0.0
107735,0.0,0.0,0.0
107736,0.0,0.0,0.0
107737,0.0,0.0,0.0
107738,0.0,0.0,0.0
107739,0.0,0.0,0.0
107740,0.0,0.0,0.0
107741,0.0,0.0,0.0
107742,0.0,0.0,0.0
107743,0.0,0.0,0.0
107744,0.0,0.0,0.0
107745,0.0,0.0,0.0
107746,0.0,0.0,0.0
107747,0.0,0.0,0.0
107748,0.0,0.0,0.0
107749,0.0,0.0,0.0
107750,0.0,0.0,0.0
107751,0.0,0.0,0.0
107752,0.0,0.0,0.0
107753,0.0,0.0,0.0
107754,0.0,0.0,0.0
107755,0.0,0.0,0.0
107756,0.0,0.0,0.0
107757,0.0,0.0,0.0
107758,0.0,0.0,0.0
107759,0.0,0.0,0.0
107760,0.0,0.0,0.0
107761,0.0,0.0,0.0
107762,0.0,0.0,0.0
107763,0.0,0.0,0.0
107764,0.0,0.0,0.0
107765,0.0,0.0,0.0
107766,0.0,0.0,0.0
107767,0.0,0.0,0.0
107768,0.0,0.0,0.0
107769,0.0,0.0,0.0
107770,0.0,0.0,0.0
107771,0.0,0.0,0.0
107772,0.0,0.0,0.0
107773,0.0,0.0,0.0
107774,0.0,0.0,0.0
107775,0.0,0.0,0.0
107776,0.0,0.0,0.0
107777,0.0,0.0,0.0
107778,0.0,0.0,0.0
107779,0.0,0.0,0.0
107780,0.0,0.0,0.0
107781,0.0,0.0,0.0
107782,0.0,0.0,0.0
107783,0.0,0.0,0.0
107784,0.0,0.0,0.0
107785,0.0,0.0,0.0
107786,0.0,0.0,0.0
107787,0.0,0.0,0.0
107788,0.0,0.0,0.0
107789,0.0,0.0,0.0
107790,0.0,0.0,0.0
107791,0.0,0.0,0.0
107792,0.0,0.0,0.0
107793,0.0,0.0,0.0
107794,0.0,0.0,0.0
107795,0.0,0.0,0.0
107796,0.0,0.0,0.0
107797,0.0,0.0,0.0
107798,0.0,0.0,0.0
107799,0.0,0.0,0.0
107800,0.0,0.0,0.0
107801,0.0,0.0,0.0
107802,0.0,0.0,0.0
107803,0.0,0.0,0.0
107804,0.0,0.0,0.0
107805,0.0,0.0,0.0
107806,0.0,0.0,0.0
107807,0.0,0.0,0.0
107808,0.0,0.0,0.0
107809,0.0,0.0,0.0
107810,0.0,0.0,0.0
107811,0.0,0.0,0.0
107812,0.0,0.0,0.0
107813,0.0,0.0,0.0
107814,0.0,0.0,0.0
107815,0.0,0.0,0.0
107816,0.0,0.0,0.0
107817,0.0,0.0,0.0
107818,0.0,0.0,0.0
107819,0.0,0.0,0.0
107820,0.0,0.0,0.0
107821,0.0,0.0,0.0
107822,0.0,0.0,0.0
107823,0.0,0.0,0.0
107824,0.0,0.0,0.0
107825,0.0,0.0,0.0
107826,0.0,0.0,0.0
107827,0.0,0.0,0.0
107828,0.0,0.0,0.0
107829,0.0,0.0,0.0
107830,0.0,0.0,0.0
107831,0.0,0.0,0.0
107832,0.0,0.0,0.0
107833,0.0,0.0,0.0
107834,0.0,0.0,0.0
107835,0.0,0.0,0.0
107836,0.0,0.0,0.0
107837,0.0,0.0,0.0
107838,0.0,0.0,0.0
107839,0.0,0.0,0.0
107840,0.0,0.0,0.0
107841,0.0,0.0,0.0
107842,0.0,0.0,0.0
107843,0.0,0.0,0.0
107844,0.0,0.0,0.0
107845,0.0,0.0,0.0
107846,0.0,0.0,0.0
107847,0.0,0.0,0.0
107848,0.0,0.0,0.0
107849,0.0,0.0,0.0
107850,0.0,0.0,0.0
107851,0.0,0.0,0.0
107852,0.0,0.0,0.0
107853,0.0,0.0,0.0
107854,0.0,0.0,0.0
107855,0.0,0.0,0.0
107856,0.0,0.0,0.0
107857,0.0,0.0,0.0
107858,0.0,0.0,0.0
107859,0.0,0.0,0.0
107860,0.0,0.0,0.0
107861,0.0,0.0,0.0
107862,0.0,0.0,0.0
107863,0.0,0.0,0.0
107864,0.0,0.0,0.0
107865,0.0,0.0,0.0
107866,0.0,0.0,0.0
107867,0.0,0.0,0.0
107868,0.0,0.0,0.0
107869,0.0,0.0,0.0
107870,0.0,0.0,0.0
107871,0.0,0.0,0.0
107872,0.0,0.0,0.0
107873,0.0,0.0,0.0
107874,0.0,0.0,0.0
107875,0.0,0.0,0.0
107876,0.0,0.0,0.0
107877,0.0,0.0,0.0
107878,0.0,0.0,0.0
107879,0.0,0.0,0.0
107880,0.0,0.0,0.0
107881,0.0,0.0,0.0
107882,0.0,0.0,0.0
107883,0.0,0.0,0.0
107884,0.0,0.0,0.0
107885,0.0,0.0,0.0
107886,0.0,0.0,0.0
107887,0.0,0.0,0.0
107888,0.0,0.0,0.0
107889,0.0,0.0,0.0
107890,0.0,0.0,0.0
107891,0.0,0.0,0.0
107892,0.0,0.0,0.0
107893,0.0,0.0,0.0
107894,0.0,0.0,0.0
107895,0.0,0.0,0.0
107896,0.0,0.0,0.0
107897,0.0,0.0,0.0
107898,0.0,0.0,0.0
107899,0.0,0.0,0.0
107900,0.0,0.0,0.0
107901,0.0,0.0,0.0
107902,0.0,0.0,0.0
107903,0.0,0.0,0.0
107904,0.0,0.0,0.0
107905,0.0,0.0,0.0
107906,0.0,0.0,0.0
107907,0.0,0.0,0.0
107908,0.0,0.0,0.0
107909,0.0,0.0,0.0
107910,0.0,0.0,0.0
107911,0.0,0.0,0.0
107912,0.0,0.0,0.0
107913,0.0,0.0,0.0
107914,0.0,0.0,0.0
107915,0.0,0.0,0.0
107916,0.0,0.0,0.0
107917,0.0,0.0,0.0
107918,0.0,0.0,0.0
107919,0.0,0.0,0.0
107920,0.0,0.0,0.0
107921,0.0,0.0,0.0
107922,0.0,0.0,0.0
107923,0.0,0.0,0.0
107924,0.0,0.0,0.0
107925,0.0,0.0,0.0
107926,0.0,0.0,0.0
107927,0.0,0.0,0.0
107928,0.0,0.0,0.0
107929,0.0,0.0,0.0
107930,0.0,0.0,0.0
107931,0.0,0.0,0.0
107932,0.0,0.0,0.0
107933,0.0,0.0,0.0
107934,0.0,0.0,0.0
107935,0.0,0.0,0.0
107936,0.0,0.0,0.0
107937,0.0,0.0,0.0
107938,0.0,0.0,0.0
107939,0.0,0.0,0.0
107940,0.0,0.0,0.0
107941,0.0,0.0,0.0
107942,0.0,0.0,0.0
107943,0.0,0.0,0.0
107944,0.0,0.0,0.0
107945,0.0,0.0,0.0
107946,0.0,0.0,0.0
107947,0.0,0.0,0.0
107948,0.0,0.0,0.0
107949,0.0,0.0,0.0
107950,0.0,0.0,0.0
107951,0.0,0.0,0.0
107952,0.0,0.0,0.0
107953,0.0,0.0,0.0
107954,0.0,0.0,0.0
107955,0.0,0.0,0.0
107956,0.0,0.0,0.0
107957,0.0,0.0,0.0
107958,0.0,0.0,0.0
107959,0.0,0.0,0.0
107960,0.0,0.0,0.0
107961,0.0,0.0,0.0
107962,0.0,0.0,0.0
107963,0.0,0.0,0.0
107964,0.0,0.0,0.0
107965,0.0,0.0,0.0
107966,0.0,0.0,0.0
107967,0.0,0.0,0.0
107968,0.0,0.0,0.0
107969,0.0,0.0,0.0
107970,0.0,0.0,0.0
107971,0.0,0.0,0.0
107972,0.0,0.0,0.0
107973,0.0,0.0,0.0
107974,0.0,0.0,0.0
107975,0.0,0.0,0.0
107976,0.0,0.0,0.0
107977,0.0,0.0,0.0
107978,0.0,0.0,0.0
107979,0.0,0.0,0.0
107980,0.0,0.0,0.0
107981,0.0,0.0,0.0
107982,0.0,0.0,0.0
107983,0.0,0.0,0.0
107984,0.0,0.0,0.0
107985,0.0,0.0,0.0
107986,0.0,0.0,0.0
107987,0.0,0.0,0.0
107988,0.0,0.0,0.0
107989,0.0,0.0,0.0
107990,0.0,0.0,0.0
107991,0.0,0.0,0.0
107992,0.0,0.0,0.0
107993,0.0,0.0,0.0
107994,0.0,0.0,0.0
107995,0.0,0.0,0.0
107996,0.0,0.0,0.0
107997,0.0,0.0,0.0
107998,0.0,0.0,0.0
107999,0.0,0.0,0.0
108000,0.0,0.0,0.0
108001,0.0,0.0,0.0
108002,0.0,0.0,0.0
108003,0.0,0.0,0.0
108004,0.0,0.0,0.0
108005,0.0,0.0,0.0
108006,0.0,0.0,0.0
108007,0.0,0.0,0.0
108008,0.0,0.0,0.0
108009,0.0,0.0,0.0
108010,0.0,0.0,0.0
108011,0.0,0.0,0.0
108012,0.0,0.0,0.0
108013,0.0,0.0,0.0
108014,0.0,0.0,0.0
108015,0.0,0.0,0.0
108016,0.0,0.0,0.0
108017,0.0,0.0,0.0
108018,0.0,0.0,0.0
108019,0.0,0.0,0.0
108020,0.0,0.0,0.0
108021,0.0,0.0,0.0
108022,0.0,0.0,0.0
108023,0.0,0.0,0.0
108024,0.0,0.0,0.0
108025,0.0,0.0,0.0
108026,0.0,0.0,0.0
108027,0.0,0.0,0.0
108028,0.0,0.0,0.0
108029,0.0,0.0,0.0
108030,0.0,0.0,0.0
108031,0.0,0.0,0.0
108032,0.0,0.0,0.0
108033,0.0,0.0,0.0
108034,0.0,0.0,0.0
108035,0.0,0.0,0.0
108036,0.0,0.0,0.0
108037,0.0,0.0,0.0
108038,0.0,0.0,0.0
108039,0.0,0.0,0.0
108040,0.0,0.0,0.0
108041,0.0,0.0,0.0
108042,0.0,0.0,0.0
108043,0.0,0.0,0.0
108044,0.0,0.0,0.0
108045,0.0,0.0,0.0
108046,0.0,0.0,0.0
108047,0.0,0.0,0.0
108048,0.0,0.0,0.0
108049,0.0,0.0,0.0
108050,0.0,0.0,0.0
108051,0.0,0.0,0.0
108052,0.0,0.0,0.0
108053,0.0,0.0,0.0
108054,0.0,0.0,0.0
108055,0.0,0.0,0.0
108056,0.0,0.0,0.0
108057,0.0,0.0,0.0
108058,0.0,0.0,0.0
108059,0.0,0.0,0.0
108060,0.0,0.0,0.0
108061,0.0,0.0,0.0
108062,0.0,0.0,0.0
108063,0.0,0.0,0.0
108064,0.0,0.0,0.0
108065,0.0,0.0,0.0
108066,0.0,0.0,0.0
108067,0.0,0.0,0.0
108068,0.0,0.0,0.0
108069,0.0,0.0,0.0
108070,0.0,0.0,0.0
108071,0.0,0.0,0.0
108072,0.0,0.0,0.0
108073,0.0,0.0,0.0
108074,0.0,0.0,0.0
108075,0.0,0.0,0.0
108076,0.0,0.0,0.0
108077,0.0,0.0,0.0
108078,0.0,0.0,0.0
108079,0.0,0.0,0.0
108080,0.0,0.0,0.0
108081,0.0,0.0,0.0
108082,0.0,0.0,0.0
108083,0.0,0.0,0.0
108084,0.0,0.0,0.0
108085,0.0,0.0,0.0
108086,0.0,0.0,0.0
108087,0.0,0.0,0.0
108088,0.0,0.0,0.0
108089,0.0,0.0,0.0
108090,0.0,0.0,0.0
108091,0.0,0.0,0.0
108092,0.0,0.0,0.0
108093,0.0,0.0,0.0
108094,0.0,0.0,0.0
108095,0.0,0.0,0.0
108096,0.0,0.0,0.0
108097,0.0,0.0,0.0
108098,0.0,0.0,0.0
108099,0.0,0.0,0.0
108100,0.0,0.0,0.0
108101,0.0,0.0,0.0
108102,0.0,0.0,0.0
108103,0.0,0.0,0.0
108104,0.0,0.0,0.0
108105,0.0,0.0,0.0
108106,0.0,0.0,0.0
108107,0.0,0.0,0.0
108108,0.0,0.0,0.0
108109,0.0,0.0,0.0
108110,0.0,0.0,0.0
108111,0.0,0.0,0.0
108112,0.0,0.0,0.0
108113,0.0,0.0,0.0
108114,0.0,0.0,0.0
108115,0.0,0.0,0.0
108116,0.0,0.0,0.0
108117,0.0,0.0,0.0
108118,0.0,0.0,0.0
108119,0.0,0.0,0.0
108120,0.0,0.0,0.0
108121,0.0,0.0,0.0
108122,0.0,0.0,0.0
108123,0.0,0.0,0.0
108124,0.0,0.0,0.0
108125,0.0,0.0,0.0
108126,0.0,0.0,0.0
108127,0.0,0.0,0.0
108128,0.0,0.0,0.0
108129,0.0,0.0,0.0
108130,0.0,0.0,0.0
108131,0.0,0.0,0.0
108132,0.0,0.0,0.0
108133,0.0,0.0,0.0
108134,0.0,0.0,0.0
108135,0.0,0.0,0.0
108136,0.0,0.0,0.0
108137,0.0,0.0,0.0
108138,0.0,0.0,0.0
108139,0.0,0.0,0.0
108140,0.0,0.0,0.0
108141,0.0,0.0,0.0
108142,0.0,0.0,0.0
108143,0.0,0.0,0.0
108144,0.0,0.0,0.0
108145,0.0,0.0,0.0
108146,0.0,0.0,0.0
108147,0.0,0.0,0.0
108148,0.0,0.0,0.0
108149,0.0,0.0,0.0
108150,0.0,0.0,0.0
108151,0.0,0.0,0.0
108152,0.0,0.0,0.0
108153,0.0,0.0,0.0
108154,0.0,0.0,0.0
108155,0.0,0.0,0.0
108156,0.0,0.0,0.0
108157,0.0,0.0,0.0
108158,0.0,0.0,0.0
108159,0.0,0.0,0.0
108160,0.0,0.0,0.0
108161,0.0,0.0,0.0
108162,0.0,0.0,0.0
108163,0.0,0.0,0.0
108164,0.0,0.0,0.0
108165,0.0,0.0,0.0
108166,0.0,0.0,0.0
108167,0.0,0.0,0.0
108168,0.0,0.0,0.0
108169,0.0,0.0,0.0
108170,0.0,0.0,0.0
108171,0.0,0.0,0.0
108172,0.0,0.0,0.0
108173,0.0,0.0,0.0
108174,0.0,0.0,0.0
108175,0.0,0.0,0.0
108176,0.0,0.0,0.0
108177,0.0,0.0,0.0
108178,0.0,0.0,0.0
108179,0.0,0.0,0.0
108180,0.0,0.0,0.0
108181,0.0,0.0,0.0
108182,0.0,0.0,0.0
108183,0.0,0.0,0.0
108184,0.0,0.0,0.0
108185,0.0,0.0,0.0
108186,0.0,0.0,0.0
108187,0.0,0.0,0.0
108188,0.0,0.0,0.0
108189,0.0,0.0,0.0
108190,0.0,0.0,0.0
108191,0.0,0.0,0.0
108192,0.0,0.0,0.0
108193,0.0,0.0,0.0
108194,0.0,0.0,0.0
108195,0.0,0.0,0.0
108196,0.0,0.0,0.0
108197,0.0,0.0,0.0
108198,0.0,0.0,0.0
108199,0.0,0.0,0.0
108200,0.0,0.0,0.0
108201,0.0,0.0,0.0
108202,0.0,0.0,0.0
108203,0.0,0.0,0.0
108204,0.0,0.0,0.0
108205,0.0,0.0,0.0
108206,0.0,0.0,0.0
108207,0.0,0.0,0.0
108208,0.0,0.0,0.0
108209,0.0,0.0,0.0
108210,0.0,0.0,0.0
108211,0.0,0.0,0.0
108212,0.0,0.0,0.0
108213,0.0,0.0,0.0
108214,0.0,0.0,0.0
108215,0.0,0.0,0.0
108216,0.0,0.0,0.0
108217,0.0,0.0,0.0
108218,0.0,0.0,0.0
108219,0.0,0.0,0.0
108220,0.0,0.0,0.0
108221,0.0,0.0,0.0
108222,0.0,0.0,0.0
108223,0.0,0.0,0.0
108224,0.0,0.0,0.0
108225,0.0,0.0,0.0
108226,0.0,0.0,0.0
108227,0.0,0.0,0.0
108228,0.0,0.0,0.0
108229,0.0,0.0,0.0
108230,0.0,0.0,0.0
108231,0.0,0.0,0.0
108232,0.0,0.0,0.0
108233,0.0,0.0,0.0
108234,0.0,0.0,0.0
108235,0.0,0.0,0.0
108236,0.0,0.0,0.0
108237,0.0,0.0,0.0
108238,0.0,0.0,0.0
108239,0.0,0.0,0.0
108240,0.0,0.0,0.0
108241,0.0,0.0,0.0
108242,0.0,0.0,0.0
108243,0.0,0.0,0.0
108244,0.0,0.0,0.0
108245,0.0,0.0,0.0
108246,0.0,0.0,0.0
108247,0.0,0.0,0.0
108248,0.0,0.0,0.0
108249,0.0,0.0,0.0
108250,0.0,0.0,0.0
108251,0.0,0.0,0.0
108252,0.0,0.0,0.0
108253,0.0,0.0,0.0
108254,0.0,0.0,0.0
108255,0.0,0.0,0.0
108256,0.0,0.0,0.0
108257,0.0,0.0,0.0
108258,0.0,0.0,0.0
108259,0.0,0.0,0.0
108260,0.0,0.0,0.0
108261,0.0,0.0,0.0
108262,0.0,0.0,0.0
108263,0.0,0.0,0.0
108264,0.0,0.0,0.0
108265,0.0,0.0,0.0
108266,0.0,0.0,0.0
108267,0.0,0.0,0.0
108268,0.0,0.0,0.0
108269,0.0,0.0,0.0
108270,0.0,0.0,0.0
108271,0.0,0.0,0.0
108272,0.0,0.0,0.0
108273,0.0,0.0,0.0
108274,0.0,0.0,0.0
108275,0.0,0.0,0.0
108276,0.0,0.0,0.0
108277,0.0,0.0,0.0
108278,0.0,0.0,0.0
108279,0.0,0.0,0.0
108280,0.0,0.0,0.0
108281,0.0,0.0,0.0
108282,0.0,0.0,0.0
108283,0.0,0.0,0.0
108284,0.0,0.0,0.0
108285,0.0,0.0,0.0
108286,0.0,0.0,0.0
108287,0.0,0.0,0.0
108288,0.0,0.0,0.0
108289,0.0,0.0,0.0
108290,0.0,0.0,0.0
108291,0.0,0.0,0.0
108292,0.0,0.0,0.0
108293,0.0,0.0,0.0
108294,0.0,0.0,0.0
108295,0.0,0.0,0.0
108296,0.0,0.0,0.0
108297,0.0,0.0,0.0
108298,0.0,0.0,0.0
108299,0.0,0.0,0.0
108300,0.0,0.0,0.0
108301,0.0,0.0,0.0
108302,0.0,0.0,0.0
108303,0.0,0.0,0.0
108304,0.0,0.0,0.0
108305,0.0,0.0,0.0
108306,0.0,0.0,0.0
108307,0.0,0.0,0.0
108308,0.0,0.0,0.0
108309,0.0,0.0,0.0
108310,0.0,0.0,0.0
108311,0.0,0.0,0.0
108312,0.0,0.0,0.0
108313,0.0,0.0,0.0
108314,0.0,0.0,0.0
108315,0.0,0.0,0.0
108316,0.0,0.0,0.0
108317,0.0,0.0,0.0
108318,0.0,0.0,0.0
108319,0.0,0.0,0.0
108320,0.0,0.0,0.0
108321,0.0,0.0,0.0
108322,0.0,0.0,0.0
108323,0.0,0.0,0.0
108324,0.0,0.0,0.0
108325,0.0,0.0,0.0
108326,0.0,0.0,0.0
108327,0.0,0.0,0.0
108328,0.0,0.0,0.0
108329,0.0,0.0,0.0
108330,0.0,0.0,0.0
108331,0.0,0.0,0.0
108332,0.0,0.0,0.0
108333,0.0,0.0,0.0
108334,0.0,0.0,0.0
108335,0.0,0.0,0.0
108336,0.0,0.0,0.0
108337,0.0,0.0,0.0
108338,0.0,0.0,0.0
108339,0.0,0.0,0.0
108340,0.0,0.0,0.0
108341,0.0,0.0,0.0
108342,0.0,0.0,0.0
108343,0.0,0.0,0.0
108344,0.0,0.0,0.0
108345,0.0,0.0,0.0
108346,0.0,0.0,0.0
108347,0.0,0.0,0.0
108348,0.0,0.0,0.0
108349,0.0,0.0,0.0
108350,0.0,0.0,0.0
108351,0.0,0.0,0.0
108352,0.0,0.0,0.0
108353,0.0,0.0,0.0
108354,0.0,0.0,0.0
108355,0.0,0.0,0.0
108356,0.0,0.0,0.0
108357,0.0,0.0,0.0
108358,0.0,0.0,0.0
108359,0.0,0.0,0.0
108360,0.0,0.0,0.0
108361,0.0,0.0,0.0
108362,0.0,0.0,0.0
108363,0.0,0.0,0.0
108364,0.0,0.0,0.0
108365,0.0,0.0,0.0
108366,0.0,0.0,0.0
108367,0.0,0.0,0.0
108368,0.0,0.0,0.0
108369,0.0,0.0,0.0
108370,0.0,0.0,0.0
108371,0.0,0.0,0.0
108372,0.0,0.0,0.0
108373,0.0,0.0,0.0
108374,0.0,0.0,0.0
108375,0.0,0.0,0.0
129592,0.0,0.0,0.0
129593,0.0,0.0,0.0
129594,0.0,0.0,0.0
129595,0.0,0.0,0.0
129596,0.0,0.0,0.0
129597,0.0,0.0,0.0
129598,0.0,0.0,0.0
129599,0.0,0.0,0.0
129600,0.0,0.0,0.0
129601,0.0,0.0,0.0
129602,0.0,0.0,0.0
129603,0.0,0.0,0.0
129604,0.0,0.0,0.0
129605,0.0,0.0,0.0
129606,0.0,0.0,0.0
129607,0.0,0.0,0.0
129608,0.0,0.0,0.0
129609,0.0,0.0,0.0
129610,0.0,0.0,0.0
129611,0.0,0.0,0.0
129612,0.0,0.0,0.0
129613,0.0,0.0,0.0
129614,0.0,0.0,0.0
129615,0.0,0.0,0.0
129616,0.0,0.0,0.0
129617,0.0,0.0,0.0
129618,0.0,0.0,0.0
129619,0.0,0.0,0.0
129620,0.0,0.0,0.0
129621,0.0,0.0,0.0
129622,0.0,0.0,0.0
129623,0.0,0.0,0.0
129624,0.0,0.0,0.0
129625,0.0,0.0,0.0
129626,0.0,0.0,0.0
129627,0.0,0.0,0.0
129628,0.0,0.0,0.0
129629,0.0,0.0,0.0
129630,0.0,0.0,0.0
129631,0.0,0.0,0.0
129632,0.0,0.0,0.0
129633,0.0,0.0,0.0
129634,0.0,0.0,0.0
129635,0.0,0.0,0.0
129636,0.0,0.0,0.0
129637,0.0,0.0,0.0
129638,0.0,0.0,0.0
129639,0.0,0.0,0.0
129640,0.0,0.0,0.0
129641,0.0,0.0,0.0
129642,0.0,0.0,0.0
129643,0.0,0.0,0.0
129644,0.0,0.0,0.0
129645,0.0,0.0,0.0
129646,0.0,0.0,0.0
129647,0.0,0.0,0.0
129648,0.0,0.0,0.0
129649,0.0,0.0,0.0
129650,0.0,0.0,0.0
129651,0.0,0.0,0.0
129652,0.0,0.0,0.0
129653,0.0,0.0,0.0
129654,0.0,0.0,0.0
129655,0.0,0.0,0.0
129656,0.0,0.0,0.0
129657,0.0,0.0,0.0
129658,0.0,0.0,0.0
129659,0.0,0.0,0.0
129660,0.0,0.0,0.0
129661,0.0,0.0,0.0
129662,0.0,0.0,0.0
129663,0.0,0.0,0.0
129664,0.0,0.0,0.0
129665,0.0,0.0,0.0
129666,0.0,0.0,0.0
129667,0.0,0.0,0.0
129668,0.0,0.0,0.0
129669,0.0,0.0,0.0
129670,0.0,0.0,0.0
129671,0.0,0.0,0.0
129672,0.0,0.0,0.0
129673,0.0,0.0,0.0
129674,0.0,0.0,0.0
129675,0.0,0.0,0.0
129676,0.0,0.0,0.0
129677,0.0,0.0,0.0
129678,0.0,0.0,0.0
129679,0.0,0.0,0.0
129680,0.0,0.0,0.0
129681,0.0,0.0,0.0
129682,0.0,0.0,0.0
129683,0.0,0.0,0.0
129684,0.0,0.0,0.0
129685,0.0,0.0,0.0
129686,0.0,0.0,0.0
129687,0.0,0.0,0.0
129688,0.0,0.0,0.0
129689,0.0,0.0,0.0
129690,0.0,0.0,0.0
129691,0.0,0.0,0.0
129692,0.0,0.0,0.0
129693,0.0,0.0,0.0
129694,0.0,0.0,0.0
129695,0.0,0.0,0.0
129696,0.0,0.0,0.0
129697,0.0,0.0,0.0
129698,0.0,0.0,0.0
129699,0.0,0.0,0.0
129700,0.0,0.0,0.0
129701,0.0,0.0,0.0
129702,0.0,0.0,0.0
129703,0.0,0.0,0.0
129704,0.0,0.0,0.0
129705,0.0,0.0,0.0
129706,0.0,0.0,0.0
129707,0.0,0.0,0.0
129708,0.0,0.0,0.0
129709,0.0,0.0,0.0
129710,0.0,0.0,0.0
129711,0.0,0.0,0.0
129712,0.0,0.0,0.0
129713,0.0,0.0,0.0
129714,0.0,0.0,0.0
129715,0.0,0.0,0.0
129716,0.0,0.0,0.0
129717,0.0,0.0,0.0
129718,0.0,0.0,0.0
129719,0.0,0.0,0.0
129720,0.0,0.0,0.0
129721,0.0,0.0,0.0
129722,0.0,0.0,0.0
129723,0.0,0.0,0.0
129724,0.0,0.0,0.0
129725,0.0,0.0,0.0
129726,0.0,0.0,0.0
129727,0.0,0.0,0.0
129728,0.0,0.0,0.0
129729,0.0,0.0,0.0
129730,0.0,0.0,0.0
129731,0.0,0.0,0.0
129732,0.0,0.0,0.0
129733,0.0,0.0,0.0
129734,0.0,0.0,0.0
129735,0.0,0.0,0.0
129736,0.0,0.0,0.0
129737,0.0,0.0,0.0
129738,0.0,0.0,0.0
129739,0.0,0.0,0.0
129740,0.0,0.0,0.0
129741,0.0,0.0,0.0
129742,0.0,0.0,0.0
129743,0.0,0.0,0.0
129744,0.0,0.0,0.0
129745,0.0,0.0,0.0
129746,0.0,0.0,0.0
129747,0.0,0.0,0.0
129748,0.0,0.0,0.0
129749,0.0,0.0,0.0
129750,0.0,0.0,0.0
129751,0.0,0.0,0.0
129752,0.0,0.0,0.0
129753,0.0,0.0,0.0
129754,0.0,0.0,0.0
129755,0.0,0.0,0.0
129756,0.0,0.0,0.0
129757,0.0,0.0,0.0
129758,0.0,0.0,0.0
129759,0.0,0.0,0.0
129760,0.0,0.0,0.0
129761,0.0,0.0,0.0
129762,0.0,0.0,0.0
129763,0.0,0.0,0.0
129764,0.0,0.0,0.0
129765,0.0,0.0,0.0
129766,0.0,0.0,0.0
129767,0.0,0.0,0.0
129768,0.0,0.0,0.0
129769,0.0,0.0,0.0
129770,0.0,0.0,0.0
129771,0.0,0.0,0.0
129772,0.0,0.0,0.0
129773,0.0,0.0,0.0
129774,0.0,0.0,0.0
129775,0.0,0.0,0.0
129776,0.0,0.0,0.0
129777,0.0,0.0,0.0
129778,0.0,0.0,0.0
129779,0.0,0.0,0.0
129780,0.0,0.0,0.0
129781,0.0,0.0,0.0
129782,0.0,0.0,0.0
129783,0.0,0.0,0.0
129784,0.0,0.0,0.0
129785,0.0,0.0,0.0
129786,0.0,0.0,0.0
129787,0.0,0.0,0.0
129788,0.0,0.0,0.0
129789,0.0,0.0,0.0
129790,0.0,0.0,0.0
129791,0.0,0.0,0.0
129792,0.0,0.0,0.0
129793,0.0,0.0,0.0
129794,0.0,0.0,0.0
129795,0.0,0.0,0.0
129796,0.0,0.0,0.0
129797,0.0,0.0,0.0
129798,0.0,0.0,0.0
129799,0.0,0.0,0.0
129800,0.0,0.0,0.0
129801,0.0,0.0,0.0
129802,0.0,0.0,0.0
129803,0.0,0.0,0.0
129804,0.0,0.0,0.0
129805,0.0,0.0,0.0
129806,0.0,0.0,0.0
129807,0.0,0.0,0.0
129808,0.0,0.0,0.0
129809,0.0,0.0,0.0
129810,0.0,0.0,0.0
129811,0.0,0.0,0.0
129812,0.0,0.0,0.0
129813,0.0,0.0,0.0
129814,0.0,0.0,0.0
129815,0.0,0.0,0.0
129816,0.0,0.0,0.0
129817,0.0,0.0,0.0
129818,0.0,0.0,0.0
129819,0.0,0.0,0.0
129820,0.0,0.0,0.0
129821,0.0,0.0,0.0
129822,0.0,0.0,0.0
129823,0.0,0.0,0.0
129824,0.0,0.0,0.0
129825,0.0,0.0,0.0
129826,0.0,0.0,0.0
129827,0.0,0.0,0.0
129828,0.0,0.0,0.0
129829,0.0,0.0,0.0
129830,0.0,0.0,0.0
129831,0.0,0.0,0.0
129832,0.0,0.0,0.0
129833,0.0,0.0,0.0
129834,0.0,0.0,0.0
129835,0.0,0.0,0.0
129836,0.0,0.0,0.0
129837,0.0,0.0,0.0
129838,0.0,0.0,0.0
129839,0.0,0.0,0.0
129840,0.0,0.0,0.0
129841,0.0,0.0,0.0
129842,0.0,0.0,0.0
129843,0.0,0.0,0.0
129844,0.0,0.0,0.0
129845,0.0,0.0,0.0
129846,0.0,0.0,0.0
129847,0.0,0.0,0.0
129848,0.0,0.0,0.0
129849,0.0,0.0,0.0
129850,0.0,0.0,0.0
129851,0.0,0.0,0.0
129852,0.0,0.0,0.0
129853,0.0,0.0,0.0
129854,0.0,0.0,0.0
129855,0.0,0.0,0.0
129856,0.0,0.0,0.0
129857,0.0,0.0,0.0
129858,0.0,0.0,0.0
129859,0.0,0.0,0.0
129860,0.0,0.0,0.0
129861,0.0,0.0,0.0
129862,0.0,0.0,0.0
129863,0.0,0.0,0.0
129864,0.0,0.0,0.0
129865,0.0,0.0,0.0
129866,0.0,0.0,0.0
129867,0.0,0.0,0.0
129868,0.0,0.0,0.0
129869,0.0,0.0,0.0
129870,0.0,0.0,0.0
129871,0.0,0.0,0.0
129872,0.0,0.0,0.0
129873,0.0,0.0,0.0
129874,0.0,0.0,0.0
129875,0.0,0.0,0.0
129876,0.0,0.0,0.0
129877,0.0,0.0,0.0
129878,0.0,0.0,0.0
129879,0.0,0.0,0.0
129880,0.0,0.0,0.0
129881,0.0,0.0,0.0
129882,0.0,0.0,0.0
129883,0.0,0.0,0.0
129884,0.0,0.0,0.0
129885,0.0,0.0,0.0
129886,0.0,0.0,0.0
129887,0.0,0.0,0.0
129888,0.0,0.0,0.0
129889,0.0,0.0,0.0
129890,0.0,0.0,0.0
129891,0.0,0.0,0.0
129892,0.0,0.0,0.0
129893,0.0,0.0,0.0
129894,0.0,0.0,0.0
129895,0.0,0.0,0.0
129896,0.0,0.0,0.0
129897,0.0,0.0,0.0
129898,0.0,0.0,0.0
129899,0.0,0.0,0.0
129900,0.0,0.0,0.0
129901,0.0,0.0,0.0
129902,0.0,0.0,0.0
129903,0.0,0.0,0.0
129904,0.0,0.0,0.0
129905,0.0,0.0,0.0
129906,0.0,0.0,0.0
129907,0.0,0.0,0.0
129908,0.0,0.0,0.0
129909,0.0,0.0,0.0
129910,0.0,0.0,0.0
129911,0.0,0.0,0.0
129912,0.0,0.0,0.0
129913,0.0,0.0,0.0
129914,0.0,0.0,0.0
129915,0.0,0.0,0.0
129916,0.0,0.0,0.0
129917,0.0,0.0,0.0
129918,0.0,0.0,0.0
129919,0.0,0.0,0.0
129920,0.0,0.0,0.0
129921,0.0,0.0,0.0
129922,0.0,0.0,0.0
129923,0.0,0.0,0.0
129924,0.0,0.0,0.0
129925,0.0,0.0,0.0
129926,0.0,0.0,0.0
129927,0.0,0.0,0.0
129928,0.0,0.0,0.0
129929,0.0,0.0,0.0
129930,0.0,0.0,0.0
129931,0.0,0.0,0.0
129932,0.0,0.0,0.0
129933,0.0,0.0,0.0
129934,0.0,0.0,0.0
129935,0.0,0.0,0.0
129936,0.0,0.0,0.0
129937,0.0,0.0,0.0
129938,0.0,0.0,0.0
129939,0.0,0.0,0.0
129940,0.0,0.0,0.0
129941,0.0,0.0,0.0
129942,0.0,0.0,0.0
129943,0.0,0.0,0.0
129944,0.0,0.0,0.0
129945,0.0,0.0,0.0
129946,0.0,0.0,0.0
129947,0.0,0.0,0.0
129948,0.0,0.0,0.0
129949,0.0,0.0,0.0
129950,0.0,0.0,0.0
129951,0.0,0.0,0.0
129952,0.0,0.0,0.0
129953,0.0,0.0,0.0
129954,0.0,0.0,0.0
129955,0.0,0.0,0.0
129956,0.0,0.0,0.0
129957,0.0,0.0,0.0
129958,0.0,0.0,0.0
129959,0.0,0.0,0.0
129960,0.0,0.0,0.0
129961,0.0,0.0,0.0
129962,0.0,0.0,0.0
129963,0.0,0.0,0.0
129964,0.0,0.0,0.0
129965,0.0,0.0,0.0
129966,0.0,0.0,0.0
129967,0.0,0.0,0.0
129968,0.0,0.0,0.0
129969,0.0,0.0,0.0
129970,0.0,0.0,0.0
129971,0.0,0.0,0.0
129972,0.0,0.0,0.0
129973,0.0,0.0,0.0
129974,0.0,0.0,0.0
129975,0.0,0.0,0.0
129976,0.0,0.0,0.0
129977,0.0,0.0,0.0
129978,0.0,0.0,0.0
129979,0.0,0.0,0.0
129980,0.0,0.0,0.0
129981,0.0,0.0,0.0
129982,0.0,0.0,0.0
129983,0.0,0.0,0.0
129984,0.0,0.0,0.0
129985,0.0,0.0,0.0
129986,0.0,0.0,0.0
129987,0.0,0.0,0.0
129988,0.0,0.0,0.0
129989,0.0,0.0,0.0
129990,0.0,0.0,0.0
129991,0.0,0.0,0.0
129992,0.0,0.0,0.0
129993,0.0,0.0,0.0
129994,0.0,0.0,0.0
129995,0.0,0.0,0.0
129996,0.0,0.0,0.0
129997,0.0,0.0,0.0
129998,0.0,0.0,0.0
129999,0.0,0.0,0.0
130000,0.0,0.0,0.0
130001,0.0,0.0,0.0
130002,0.0,0.0,0.0
130003,0.0,0.0,0.0
130004,0.0,0.0,0.0
130005,0.0,0.0,0.0
130006,0.0,0.0,0.0
130007,0.0,0.0,0.0
130008,0.0,0.0,0.0
130009,0.0,0.0,0.0
130010,0.0,0.0,0.0
130011,0.0,0.0,0.0
130012,0.0,0.0,0.0
130013,0.0,0.0,0.0
130014,0.0,0.0,0.0
130015,0.0,0.0,0.0
130016,0.0,0.0,0.0
130017,0.0,0.0,0.0
130018,0.0,0.0,0.0
130019,0.0,0.0,0.0
130020,0.0,0.0,0.0
130021,0.0,0.0,0.0
130022,0.0,0.0,0.0
130023,0.0,0.0,0.0
130024,0.0,0.0,0.0
130025,0.0,0.0,0.0
130026,0.0,0.0,0.0
130027,0.0,0.0,0.0
130028,0.0,0.0,0.0
130029,0.0,0.0,0.0
130030,0.0,0.0,0.0
130031,0.0,0.0,0.0
130032,0.0,0.0,0.0
130033,0.0,0.0,0.0
130034,0.0,0.0,0.0
130035,0.0,0.0,0.0
130036,0.0,0.0,0.0
130037,0.0,0.0,0.0
130038,0.0,0.0,0.0
130039,0.0,0.0,0.0
130040,0.0,0.0,0.0
130041,0.0,0.0,0.0
130042,0.0,0.0,0.0
130043,0.0,0.0,0.0
130044,0.0,0.0,0.0
130045,0.0,0.0,0.0
130046,0.0,0.0,0.0
130047,0.0,0.0,0.0
130048,0.0,0.0,0.0
130049,0.0,0.0,0.0
130050,0.0,0.0,0.0
130051,0.0,0.0,0.0
130052,0.0,0.0,0.0
130053,0.0,0.0,0.0
130054,0.0,0.0,0.0
130055,0.0,0.0,0.0
130056,0.0,0.0,0.0
130057,0.0,0.0,0.0
130058,0.0,0.0,0.0
130059,0.0,0.0,0.0
130060,0.0,0.0,0.0
130061,0.0,0.0,0.0
130062,0.0,0.0,0.0
130063,0.0,0.0,0.0
130064,0.0,0.0,0.0
130065,0.0,0.0,0.0
130066,0.0,0.0,0.0
130067,0.0,0.0,0.0
130068,0.0,0.0,0.0
130069,0.0,0.0,0.0
130070,0.0,0.0,0.0
130071,0.0,0.0,0.0
130072,0.0,0.0,0.0
130073,0.0,0.0,0.0
130074,0.0,0.0,0.0
130075,0.0,0.0,0.0
130076,0.0,0.0,0.0
130077,0.0,0.0,0.0
130078,0.0,0.0,0.0
130079,0.0,0.0,0.0
130080,0.0,0.0,0.0
130081,0.0,0.0,0.0
130082,0.0,0.0,0.0
130083,0.0,0.0,0.0
130084,0.0,0.0,0.0
130085,0.0,0.0,0.0
130086,0.0,0.0,0.0
130087,0.0,0.0,0.0
130088,0.0,0.0,0.0
130089,0.0,0.0,0.0
130090,0.0,0.0,0.0
130091,0.0,0.0,0.0
130092,0.0,0.0,0.0
130093,0.0,0.0,0.0
130094,0.0,0.0,0.0
130095,0.0,0.0,0.0
130096,0.0,0.0,0.0
130097,0.0,0.0,0.0
130098,0.0,0.0,0.0
130099,0.0,0.0,0.0
130100,0.0,0.0,0.0
130101,0.0,0.0,0.0
130102,0.0,0.0,0.0
130103,0.0,0.0,0.0
130104,0.0,0.0,0.0
130105,0.0,0.0,0.0
130106,0.0,0.0,0.0
130107,0.0,0.0,0.0
130108,0.0,0.0,0.0
130109,0.0,0.0,0.0
130110,0.0,0.0,0.0
130111,0.0,0.0,0.0
130112,0.0,0.0,0.0
130113,0.0,0.0,0.0
130114,0.0,0.0,0.0
130115,0.0,0.0,0.0
130116,0.0,0.0,0.0
130117,0.0,0.0,0.0
130118,0.0,0.0,0.0
130119,0.0,0.0,0.0
130120,0.0,0.0,0.0
130121,0.0,0.0,0.0
130122,0.0,0.0,0.0
130123,0.0,0.0,0.0
130124,0.0,0.0,0.0
130125,0.0,0.0,0.0
130126,0.0,0.0,0.0
130127,0.0,0.0,0.0
130128,0.0,0.0,0.0
130129,0.0,0.0,0.0
130130,0.0,0.0,0.0
130131,0.0,0.0,0.0
130132,0.0,0.0,0.0
130133,0.0,0.0,0.0
130134,0.0,0.0,0.0
130135,0.0,0.0,0.0
130136,0.0,0.0,0.0
130137,0.0,0.0,0.0
130138,0.0,0.0,0.0
130139,0.0,0.0,0.0
130140,0.0,0.0,0.0
130141,0.0,0.0,0.0
130142,0.0,0.0,0.0
130143,0.0,0.0,0.0
130144,0.0,0.0,0.0
130145,0.0,0.0,0.0
130146,0.0,0.0,0.0
130147,0.0,0.0,0.0
130148,0.0,0.0,0.0
130149,0.0,0.0,0.0
130150,0.0,0.0,0.0
130151,0.0,0.0,0.0
130152,0.0,0.0,0.0
130153,0.0,0.0,0.0
130154,0.0,0.0,0.0
130155,0.0,0.0,0.0
130156,0.0,0.0,0.0
130157,0.0,0.0,0.0
130158,0.0,0.0,0.0
130159,0.0,0.0,0.0
130160,0.0,0.0,0.0
130161,0.0,0.0,0.0
130162,0.0,0.0,0.0
130163,0.0,0.0,0.0
130164,0.0,0.0,0.0
130165,0.0,0.0,0.0
130166,0.0,0.0,0.0
130167,0.0,0.0,0.0
130168,0.0,0.0,0.0
130169,0.0,0.0,0.0
130170,0.0,0.0,0.0
130171,0.0,0.0,0.0
130172,0.0,0.0,0.0
130173,0.0,0.0,0.0
130174,0.0,0.0,0.0
130175,0.0,0.0,0.0
130176,0.0,0.0,0.0
130177,0.0,0.0,0.0
130178,0.0,0.0,0.0
130179,0.0,0.0,0.0
130180,0.0,0.0,0.0
130181,0.0,0.0,0.0
130182,0.0,0.0,0.0
130183,0.0,0.0,0.0
130184,0.0,0.0,0.0
130185,0.0,0.0,0.0
130186,0.0,0.0,0.0
130187,0.0,0.0,0.0
130188,0.0,0.0,0.0
130189,0.0,0.0,0.0
130190,0.0,0.0,0.0
130191,0.0,0.0,0.0
130192,0.0,0.0,0.0
130193,0.0,0.0,0.0
130194,0.0,0.0,0.0
130195,0.0,0.0,0.0
130196,0.0,0.0,0.0
130197,0.0,0.0,0.0
130198,0.0,0.0,0.0
130199,0.0,0.0,0.0
130200,0.0,0.0,0.0
130201,0.0,0.0,0.0
130202,0.0,0.0,0.0
130203,0.0,0.0,0.0
130204,0.0,0.0,0.0
130205,0.0,0.0,0.0
130206,0.0,0.0,0.0
130207,0.0,0.0,0.0
130208,0.0,0.0,0.0
130209,0.0,0.0,0.0
130210,0.0,0.0,0.0
130211,0.0,0.0,0.0
130212,0.0,0.0,0.0
130213,0.0,0.0,0.0
130214,0.0,0.0,0.0
130215,0.0,0.0,0.0
130216,0.0,0.0,0.0
130217,0.0,0.0,0.0
130218,0.0,0.0,0.0
130219,0.0,0.0,0.0
130220,0.0,0.0,0.0
130221,0.0,0.0,0.0
130222,0.0,0.0,0.0
130223,0.0,0.0,0.0
130224,0.0,0.0,0.0
130225,0.0,0.0,0.0
130226,0.0,0.0,0.0
130227,0.0,0.0,0.0
130228,0.0,0.0,0.0
130229,0.0,0.0,0.0
130230,0.0,0.0,0.0
130231,0.0,0.0,0.0
130232,0.0,0.0,0.0
130233,0.0,0.0,0.0
130234,0.0,0.0,0.0
130235,0.0,0.0,0.0
130236,0.0,0.0,0.0
130237,0.0,0.0,0.0
130238,0.0,0.0,0.0
130239,0.0,0.0,0.0
130240,0.0,0.0,0.0
130241,0.0,0.0,0.0
130242,0.0,0.0,0.0
130243,0.0,0.0,0.0
130244,0.0,0.0,0.0
130245,0.0,0.0,0.0
130246,0.0,0.0,0.0
130247,0.0,0.0,0.0
130248,0.0,0.0,0.0
130249,0.0,0.0,0.0
130250,0.0,0.0,0.0
130251,0.0,0.0,0.0
130252,0.0,0.0,0.0
130253,0.0,0.0,0.0
130254,0.0,0.0,0.0
130255,0.0,0.0,0.0
130256,0.0,0.0,0.0
130257,0.0,0.0,0.0
130258,0.0,0.0,0.0
130259,0.0,0.0,0.0
130260,0.0,0.0,0.0
130261,0.0,0.0,0.0
130262,0.0,0.0,0.0
130263,0.0,0.0,0.0
130264,0.0,0.0,0.0
130265,0.0,0.0,0.0
130266,0.0,0.0,0.0
130267,0.0,0.0,0.0
130268,0.0,0.0,0.0
130269,0.0,0.0,0.0
130270,0.0,0.0,0.0
130271,0.0,0.0,0.0
130272,0.0,0.0,0.0
130273,0.0,0.0,0.0
130274,0.0,0.0,0.0
130275,0.0,0.0,0.0
130276,0.0,0.0,0.0
130277,0.0,0.0,0.0
130278,0.0,0.0,0.0
130279,0.0,0.0,0.0
130280,0.0,0.0,0.0
130281,0.0,0.0,0.0
130282,0.0,0.0,0.0
130283,0.0,0.0,0.0
130284,0.0,0.0,0.0
130285,0.0,0.0,0.0
130286,0.0,0.0,0.0
130287,0.0,0.0,0.0
130288,0.0,0.0,0.0
130289,0.0,0.0,0.0
130290,0.0,0.0,0.0
130291,0.0,0.0,0.0
130292,0.0,0.0,0.0
130293,0.0,0.0,0.0
130294,0.0,0.0,0.0
130295,0.0,0.0,0.0
130296,0.0,0.0,0.0
130297,0.0,0.0,0.0
130298,0.0,0.0,0.0
130299,0.0,0.0,0.0
130300,0.0,0.0,0.0
130301,0.0,0.0,0.0
130302,0.0,0.0,0.0
130303,0.0,0.0,0.0
130304,0.0,0.0,0.0
130305,0.0,0.0,0.0
130306,0.0,0.0,0.0
130307,0.0,0.0,0.0
130308,0.0,0.0,0.0
130309,0.0,0.0,0.0
130310,0.0,0.0,0.0
130311,0.0,0.0,0.0
130312,0.0,0.0,0.0
130313,0.0,0.0,0.0
130314,0.0,0.0,0.0
130315,0.0,0.0,0.0
130316,0.0,0.0,0.0
130317,0.0,0.0,0.0
130318,0.0,0.0,0.0
130319,0.0,0.0,0.0
130320,0.0,0.0,0.0
130321,0.0,0.0,0.0
130322,0.0,0.0,0.0
130323,0.0,0.0,0.0
130324,0.0,0.0,0.0
130325,0.0,0.0,0.0
130326,0.0,0.0,0.0
130327,0.0,0.0,0.0
130328,0.0,0.0,0.0
130329,0.0,0.0,0.0
130330,0.0,0.0,0.0
130331,0.0,0.0,0.0
130332,0.0,0.0,0.0
130333,0.0,0.0,0.0
130334,0.0,0.0,0.0
130335,0.0,0.0,0.0
130336,0.0,0.0,0.0
130337,0.0,0.0,0.0
130338,0.0,0.0,0.0
130339,0.0,0.0,0.0
130340,0.0,0.0,0.0
130341,0.0,0.0,0.0
130342,0.0,0.0,0.0
130343,0.0,0.0,0.0
130344,0.0,0.0,0.0
130345,0.0,0.0,0.0
130346,0.0,0.0,0.0
130347,0.0,0.0,0.0
130348,0.0,0.0,0.0
130349,0.0,0.0,0.0
130350,0.0,0.0,0.0
130351,0.0,0.0,0.0
130352,0.0,0.0,0.0
130353,0.0,0.0,0.0
130354,0.0,0.0,0.0
130355,0.0,0.0,0.0
130356,0.0,0.0,0.0
130357,0.0,0.0,0.0
130358,0.0,0.0,0.0
130359,0.0,0.0,0.0
130360,0.0,0.0,0.0
130361,0.0,0.0,0.0
130362,0.0,0.0,0.0
130363,0.0,0.0,0.0
130364,0.0,0.0,0.0
130365,0.0,0.0,0.0
130366,0.0,0.0,0.0
130367,0.0,0.0,0.0
130368,0.0,0.0,0.0
130369,0.0,0.0,0.0
130370,0.0,0.0,0.0
130371,0.0,0.0,0.0
130372,0.0,0.0,0.0
130373,0.0,0.0,0.0
130374,0.0,0.0,0.0
130375,0.0,0.0,0.0
130376,0.0,0.0,0.0
130377,0.0,0.0,0.0
130378,0.0,0.0,0.0
130379,0.0,0.0,0.0
130380,0.0,0.0,0.0
130381,0.0,0.0,0.0
130382,0.0,0.0,0.0
130383,0.0,0.0,0.0
130384,0.0,0.0,0.0
130385,0.0,0.0,0.0
130386,0.0,0.0,0.0
130387,0.0,0.0,0.0
130388,0.0,0.0,0.0
130389,0.0,0.0,0.0
130390,0.0,0.0,0.0
130391,0.0,0.0,0.0
130392,0.0,0.0,0.0
130393,0.0,0.0,0.0
130394,0.0,0.0,0.0
130395,0.0,0.0,0.0
130396,0.0,0.0,0.0
130397,0.0,0.0,0.0
130398,0.0,0.0,0.0
130399,0.0,0.0,0.0
130400,0.0,0.0,0.0
130401,0.0,0.0,0.0
130402,0.0,0.0,0.0
130403,0.0,0.0,0.0
130404,0.0,0.0,0.0
130405,0.0,0.0,0.0
130406,0.0,0.0,0.0
130407,0.0,0.0,0.0
130408,0.0,0.0,0.0
130409,0.0,0.0,0.0
130410,0.0,0.0,0.0
130411,0.0,0.0,0.0
130412,0.0,0.0,0.0
130413,0.0,0.0,0.0
130414,0.0,0.0,0.0
130415,0.0,0.0,0.0
130416,0.0,0.0,0.0
130417,0.0,0.0,0.0
130418,0.0,0.0,0.0
130419,0.0,0.0,0.0
130420,0.0,0.0,0.0
130421,0.0,0.0,0.0
130422,0.0,0.0,0.0
130423,0.0,0.0,0.0
130424,0.0,0.0,0.0
130425,0.0,0.0,0.0
130426,0.0,0.0,0.0
130427,0.0,0.0,0.0
130428,0.0,0.0,0.0
130429,0.0,0.0,0.0
130430,0.0,0.0,0.0
130431,0.0,0.0,0.0
130432,0.0,0.0,0.0
130433,0.0,0.0,0.0
130434,0.0,0.0,0.0
130435,0.0,0.0,0.0
130436,0.0,0.0,0.0
130437,0.0,0.0,0.0
130438,0.0,0.0,0.0
130439,0.0,0.0,0.0
130440,0.0,0.0,0.0
130441,0.0,0.0,0.0
130442,0.0,0.0,0.0
130443,0.0,0.0,0.0
130444,0.0,0.0,0.0
130445,0.0,0.0,0.0
130446,0.0,0.0,0.0
130447,0.0,0.0,0.0
130448,0.0,0.0,0.0
130449,0.0,0.0,0.0
130450,0.0,0.0,0.0
130451,0.0,0.0,0.0
130452,0.0,0.0,0.0
130453,0.0,0.0,0.0
130454,0.0,0.0,0.0
130455,0.0,0.0,0.0
130456,0.0,0.0,0.0
130457,0.0,0.0,0.0
130458,0.0,0.0,0.0
130459,0.0,0.0,0.0
130460,0.0,0.0,0.0
130461,0.0,0.0,0.0
130462,0.0,0.0,0.0
130463,0.0,0.0,0.0
130464,0.0,0.0,0.0
130465,0.0,0.0,0.0
130466,0.0,0.0,0.0
130467,0.0,0.0,0.0
130468,0.0,0.0,0.0
130469,0.0,0.0,0.0
130470,0.0,0.0,0.0
130471,0.0,0.0,0.0
130472,0.0,0.0,0.0
130473,0.0,0.0,0.0
130474,0.0,0.0,0.0
130475,0.0,0.0,0.0
130476,0.0,0.0,0.0
130477,0.0,0.0,0.0
130478,0.0,0.0,0.0
130479,0.0,0.0,0.0
130480,0.0,0.0,0.0
130481,0.0,0.0,0.0
130482,0.0,0.0,0.0
130483,0.0,0.0,0.0
130484,0.0,0.0,0.0
130485,0.0,0.0,0.0
130486,0.0,0.0,0.0
130487,0.0,0.0,0.0
130488,0.0,0.0,0.0
130489,0.0,0.0,0.0
130490,0.0,0.0,0.0
130491,0.0,0.0,0.0
130492,0.0,0.0,0.0
130493,0.0,0.0,0.0
130494,0.0,0.0,0.0
130495,0.0,0.0,0.0
130496,0.0,0.0,0.0
130497,0.0,0.0,0.0
130498,0.0,0.0,0.0
130499,0.0,0.0,0.0
130500,0.0,0.0,0.0
130501,0.0,0.0,0.0
130502,0.0,0.0,0.0
130503,0.0,0.0,0.0
130504,0.0,0.0,0.0
130505,0.0,0.0,0.0
130506,0.0,0.0,0.0
130507,0.0,0.0,0.0
130508,0.0,0.0,0.0
130509,0.0,0.0,0.0
130510,0.0,0.0,0.0
130511,0.0,0.0,0.0
130512,0.0,0.0,0.0
130513,0.0,0.0,0.0
130514,0.0,0.0,0.0
130515,0.0,0.0,0.0
130516,0.0,0.0,0.0
130517,0.0,0.0,0.0
130518,0.0,0.0,0.0
130519,0.0,0.0,0.0
130520,0.0,0.0,0.0
130521,0.0,0.0,0.0
130522,0.0,0.0,0.0
130523,0.0,0.0,0.0
130524,0.0,0.0,0.0
130525,0.0,0.0,0.0
130526,0.0,0.0,0.0
130527,0.0,0.0,0.0
130528,0.0,0.0,0.0
130529,0.0,0.0,0.0
130530,0.0,0.0,0.0
130531,0.0,0.0,0.0
130532,0.0,0.0,0.0
130533,0.0,0.0,0.0
130534,0.0,0.0,0.0
130535,0.0,0.0,0.0
130536,0.0,0.0,0.0
130537,0.0,0.0,0.0
130538,0.0,0.0,0.0
130539,0.0,0.0,0.0
130540,0.0,0.0,0.0
130541,0.0,0.0,0.0
130542,0.0,0.0,0.0
130543,0.0,0.0,0.0
130544,0.0,0.0,0.0
130545,0.0,0.0,0.0
130546,0.0,0.0,0.0
130547,0.0,0.0,0.0
130548,0.0,0.0,0.0
130549,0.0,0.0,0.0
130550,0.0,0.0,0.0
130551,0.0,0.0,0.0
130552,0.0,0.0,0.0
130553,0.0,0.0,0.0
130554,0.0,0.0,0.0
130555,0.0,0.0,0.0
130556,0.0,0.0,0.0
130557,0.0,0.0,0.0
130558,0.0,0.0,0.0
130559,0.0,0.0,0.0
130560,0.0,0.0,0.0
130561,0.0,0.0,0.0
130562,0.0,0.0,0.0
130563,0.0,0.0,0.0
130564,0.0,0.0,0.0
130565,0.0,0.0,0.0
130566,0.0,0.0,0.0
130567,0.0,0.0,0.0
130568,0.0,0.0,0.0
130569,0.0,0.0,0.0
130570,0.0,0.0,0.0
130571,0.0,0.0,0.0
130572,0.0,0.0,0.0
130573,0.0,0.0,0.0
130574,0.0,0.0,0.0
130575,0.0,0.0,0.0
130576,0.0,0.0,0.0
130577,0.0,0.0,0.0
130578,0.0,0.0,0.0
130579,0.0,0.0,0.0
130580,0.0,0.0,0.0
130581,0.0,0.0,0.0
130582,0.0,0.0,0.0
130583,0.0,0.0,0.0
130584,0.0,0.0,0.0
130585,0.0,0.0,0.0
130586,0.0,0.0,0.0
130587,0.0,0.0,0.0
130588,0.0,0.0,0.0
130589,0.0,0.0,0.0
130590,0.0,0.0,0.0
130591,0.0,0.0,0.0
130592,0.0,0.0,0.0
130593,0.0,0.0,0.0
130594,0.0,0.0,0.0
130595,0.0,0.0,0.0
130596,0.0,0.0,0.0
130597,0.0,0.0,0.0
130598,0.0,0.0,0.0
130599,0.0,0.0,0.0
130600,0.0,0.0,0.0
130601,0.0,0.0,0.0
130602,0.0,0.0,0.0
130603,0.0,0.0,0.0
130604,0.0,0.0,0.0
130605,0.0,0.0,0.0
130606,0.0,0.0,0.0
130607,0.0,0.0,0.0
130608,0.0,0.0,0.0
130609,0.0,0.0,0.0
130610,0.0,0.0,0.0
130611,0.0,0.0,0.0
130612,0.0,0.0,0.0
130613,0.0,0.0,0.0
130614,0.0,0.0,0.0
130615,0.0,0.0,0.0
130616,0.0,0.0,0.0
130617,0.0,0.0,0.0
130618,0.0,0.0,0.0
130619,0.0,0.0,0.0
130620,0.0,0.0,0.0
130621,0.0,0.0,0.0
130622,0.0,0.0,0.0
130623,0.0,0.0,0.0
130624,0.0,0.0,0.0
130625,0.0,0.0,0.0
130626,0.0,0.0,0.0
130627,0.0,0.0,0.0
130628,0.0,0.0,0.0
130629,0.0,0.0,0.0
130630,0.0,0.0,0.0
130631,0.0,0.0,0.0
130632,0.0,0.0,0.0
130633,0.0,0.0,0.0
130634,0.0,0.0,0.0
130635,0.0,0.0,0.0
130636,0.0,0.0,0.0
130637,0.0,0.0,0.0
130638,0.0,0.0,0.0
130639,0.0,0.0,0.0
130640,0.0,0.0,0.0
130641,0.0,0.0,0.0
130642,0.0,0.0,0.0
130643,0.0,0.0,0.0
130644,0.0,0.0,0.0
130645,0.0,0.0,0.0
130646,0.0,0.0,0.0
130647,0.0,0.0,0.0
130648,0.0,0.0,0.0
130649,0.0,0.0,0.0
130650,0.0,0.0,0.0
130651,0.0,0.0,0.0
130652,0.0,0.0,0.0
130653,0.0,0.0,0.0
130654,0.0,0.0,0.0
130655,0.0,0.0,0.0
130656,0.0,0.0,0.0
130657,0.0,0.0,0.0
130658,0.0,0.0,0.0
130659,0.0,0.0,0.0
130660,0.0,0.0,0.0
130661,0.0,0.0,0.0
130662,0.0,0.0,0.0
130663,0.0,0.0,0.0
130664,0.0,0.0,0.0
130665,0.0,0.0,0.0
130666,0.0,0.0,0.0
130667,0.0,0.0,0.0
130668,0.0,0.0,0.0
130669,0.0,0.0,0.0
130670,0.0,0.0,0.0
130671,0.0,0.0,0.0
130672,0.0,0.0,0.0
130673,0.0,0.0,0.0
130674,0.0,0.0,0.0
130675,0.0,0.0,0.0
130676,0.0,0.0,0.0
130677,0.0,0.0,0.0
130678,0.0,0.0,0.0
130679,0.0,0.0,0.0
130680,0.0,0.0,0.0
130681,0.0,0.0,0.0
130682,0.0,0.0,0.0
130683,0.0,0.0,0.0
130684,0.0,0.0,0.0
130685,0.0,0.0,0.0
130686,0.0,0.0,0.0
130687,0.0,0.0,0.0
130688,0.0,0.0,0.0
130689,0.0,0.0,0.0
130690,0.0,0.0,0.0
130691,0.0,0.0,0.0
130692,0.0,0.0,0.0
130693,0.0,0.0,0.0
130694,0.0,0.0,0.0
130695,0.0,0.0,0.0
130696,0.0,0.0,0.0
130697,0.0,0.0,0.0
130698,0.0,0.0,0.0
130699,0.0,0.0,0.0
130700,0.0,0.0,0.0
130701,0.0,0.0,0.0
130702,0.0,0.0,0.0
130703,0.0,0.0,0.0
130704,0.0,0.0,0.0
130705,0.0,0.0,0.0
130706,0.0,0.0,0.0
130707,0.0,0.0,0.0
130708,0.0,0.0,0.0
130709,0.0,0.0,0.0
130710,0.0,0.0,0.0
130711,0.0,0.0,0.0
130712,0.0,0.0,0.0
130713,0.0,0.0,0.0
130714,0.0,0.0,0.0
130715,0.0,0.0,0.0
130716,0.0,0.0,0.0
130717,0.0,0.0,0.0
130718,0.0,0.0,0.0
130719,0.0,0.0,0.0
130720,0.0,0.0,0.0
130721,0.0,0.0,0.0
130722,0.0,0.0,0.0
130723,0.0,0.0,0.0
130724,0.0,0.0,0.0
130725,0.0,0.0,0.0
130726,0.0,0.0,0.0
130727,0.0,0.0,0.0
130728,0.0,0.0,0.0
130729,0.0,0.0,0.0
130730,0.0,0.0,0.0
130731,0.0,0.0,0.0
130732,0.0,0.0,0.0
130733,0.0,0.0,0.0
130734,0.0,0.0,0.0
130735,0.0,0.0,0.0
130736,0.0,0.0,0.0
130737,0.0,0.0,0.0
130738,0.0,0.0,0.0
130739,0.0,0.0,0.0
130740,0.0,0.0,0.0
130741,0.0,0.0,0.0
130742,0.0,0.0,0.0
130743,0.0,0.0,0.0
130744,0.0,0.0,0.0
130745,0.0,0.0,0.0
130746,0.0,0.0,0.0
130747,0.0,0.0,0.0
130748,0.0,0.0,0.0
130749,0.0,0.0,0.0
130750,0.0,0.0,0.0
130751,0.0,0.0,0.0
130752,0.0,0.0,0.0
130753,0.0,0.0,0.0
130754,0.0,0.0,0.0
130755,0.0,0.0,0.0
130756,0.0,0.0,0.0
130757,0.0,0.0,0.0
130758,0.0,0.0,0.0
130759,0.0,0.0,0.0
130760,0.0,0.0,0.0
130761,0.0,0.0,0.0
130762,0.0,0.0,0.0
130763,0.0,0.0,0.0
130764,0.0,0.0,0.0
130765,0.0,0.0,0.0
130766,0.0,0.0,0.0
130767,0.0,0.0,0.0
130768,0.0,0.0,0.0
130769,0.0,0.0,0.0
130770,0.0,0.0,0.0
130771,0.0,0.0,0.0
130772,0.0,0.0,0.0
130773,0.0,0.0,0.0
130774,0.0,0.0,0.0
130775,0.0,0.0,0.0
130776,0.0,0.0,0.0
130777,0.0,0.0,0.0
130778,0.0,0.0,0.0
130779,0.0,0.0,0.0
130780,0.0,0.0,0.0
130781,0.0,0.0,0.0
130782,0.0,0.0,0.0
130783,0.0,0.0,0.0
130784,0.0,0.0,0.0
130785,0.0,0.0,0.0
130786,0.0,0.0,0.0
130787,0.0,0.0,0.0
130788,0.0,0.0,0.0
130789,0.0,0.0,0.0
130790,0.0,0.0,0.0
130791,0.0,0.0,0.0
130792,0.0,0.0,0.0
130793,0.0,0.0,0.0
130794,0.0,0.0,0.0
130795,0.0,0.0,0.0
130796,0.0,0.0,0.0
130797,0.0,0.0,0.0
130798,0.0,0.0,0.0
130799,0.0,0.0,0.0
130800,0.0,0.0,0.0
130801,0.0,0.0,0.0
130802,0.0,0.0,0.0
130803,0.0,0.0,0.0
130804,0.0,0.0,0.0
130805,0.0,0.0,0.0
130806,0.0,0.0,0.0
130807,0.0,0.0,0.0
130808,0.0,0.0,0.0
130809,0.0,0.0,0.0
130810,0.0,0.0,0.0
130811,0.0,0.0,0.0
130812,0.0,0.0,0.0
130813,0.0,0.0,0.0
130814,0.0,0.0,0.0
130815,0.0,0.0,0.0
130816,0.0,0.0,0.0
130817,0.0,0.0,0.0
130818,0.0,0.0,0.0
130819,0.0,0.0,0.0
130820,0.0,0.0,0.0
130821,0.0,0.0,0.0
130822,0.0,0.0,0.0
130823,0.0,0.0,0.0
130824,0.0,0.0,0.0
130825,0.0,0.0,0.0
130826,0.0,0.0,0.0
130827,0.0,0.0,0.0
130828,0.0,0.0,0.0
130829,0.0,0.0,0.0
130830,0.0,0.0,0.0
130831,0.0,0.0,0.0
130832,0.0,0.0,0.0
130833,0.0,0.0,0.0
130834,0.0,0.0,0.0
130835,0.0,0.0,0.0
130836,0.0,0.0,0.0
130837,0.0,0.0,0.0
130838,0.0,0.0,0.0
130839,0.0,0.0,0.0
130840,0.0,0.0,0.0
130841,0.0,0.0,0.0
130842,0.0,0.0,0.0
130843,0.0,0.0,0.0
130844,0.0,0.0,0.0
130845,0.0,0.0,0.0
130846,0.0,0.0,0.0
130847,0.0,0.0,0.0
130848,0.0,0.0,0.0
130849,0.0,0.0,0.0
130850,0.0,0.0,0.0
130851,0.0,0.0,0.0
130852,0.0,0.0,0.0
130853,0.0,0.0,0.0
130854,0.0,0.0,0.0
130855,0.0,0.0,0.0
130856,0.0,0.0,0.0
130857,0.0,0.0,0.0
130858,0.0,0.0,0.0
130859,0.0,0.0,0.0
130860,0.0,0.0,0.0
130861,0.0,0.0,0.0
130862,0.0,0.0,0.0
130863,0.0,0.0,0.0
130864,0.0,0.0,0.0
130865,0.0,0.0,0.0
130866,0.0,0.0,0.0
130867,0.0,0.0,0.0
130868,0.0,0.0,0.0
130869,0.0,0.0,0.0
130870,0.0,0.0,0.0
130871,0.0,0.0,0.0
130872,0.0,0.0,0.0
130873,0.0,0.0,0.0
130874,0.0,0.0,0.0
130875,0.0,0.0,0.0
130876,0.0,0.0,0.0
130877,0.0,0.0,0.0
130878,0.0,0.0,0.0
130879,0.0,0.0,0.0
130880,0.0,0.0,0.0
130881,0.0,0.0,0.0
130882,0.0,0.0,0.0
130883,0.0,0.0,0.0
130884,0.0,0.0,0.0
130885,0.0,0.0,0.0
130886,0.0,0.0,0.0
130887,0.0,0.0,0.0
130888,0.0,0.0,0.0
130889,0.0,0.0,0.0
130890,0.0,0.0,0.0
130891,0.0,0.0,0.0
130892,0.0,0.0,0.0
130893,0.0,0.0,0.0
130894,0.0,0.0,0.0
130895,0.0,0.0,0.0
130896,0.0,0.0,0.0
130897,0.0,0.0,0.0
130898,0.0,0.0,0.0
130899,0.0,0.0,0.0
130900,0.0,0.0,0.0
130901,0.0,0.0,0.0
130902,0.0,0.0,0.0
130903,0.0,0.0,0.0
130904,0.0,0.0,0.0
130905,0.0,0.0,0.0
130906,0.0,0.0,0.0
130907,0.0,0.0,0.0
130908,0.0,0.0,0.0
130909,0.0,0.0,0.0
130910,0.0,0.0,0.0
130911,0.0,0.0,0.0
130912,0.0,0.0,0.0
130913,0.0,0.0,0.0
130914,0.0,0.0,0.0
130915,0.0,0.0,0.0
130916,0.0,0.0,0.0
130917,0.0,0.0,0.0
130918,0.0,0.0,0.0
130919,0.0,0.0,0.0
130920,0.0,0.0,0.0
130921,0.0,0.0,0.0
130922,0.0,0.0,0.0
130923,0.0,0.0,0.0
130924,0.0,0.0,0.0
130925,0.0,0.0,0.0
130926,0.0,0.0,0.0
130927,0.0,0.0,0.0
130928,0.0,0.0,0.0
130929,0.0,0.0,0.0
130930,0.0,0.0,0.0
130931,0.0,0.0,0.0
130932,0.0,0.0,0.0
130933,0.0,0.0,0.0
130934,0.0,0.0,0.0
130935,0.0,0.0,0.0
130936,0.0,0.0,0.0
130937,0.0,0.0,0.0
130938,0.0,0.0,0.0
130939,0.0,0.0,0.0
130940,0.0,0.0,0.0
130941,0.0,0.0,0.0
130942,0.0,0.0,0.0
130943,0.0,0.0,0.0
130944,0.0,0.0,0.0
130945,0.0,0.0,0.0
130946,0.0,0.0,0.0
130947,0.0,0.0,0.0
130948,0.0,0.0,0.0
130949,0.0,0.0,0.0
130950,0.0,0.0,0.0
130951,0.0,0.0,0.0
130952,0.0,0.0,0.0
130953,0.0,0.0,0.0
130954,0.0,0.0,0.0
130955,0.0,0.0,0.0
130956,0.0,0.0,0.0
130957,0.0,0.0,0.0
130958,0.0,0.0,0.0
130959,0.0,0.0,0.0
130960,0.0,0.0,0.0
130961,0.0,0.0,0.0
130962,0.0,0.0,0.0
130963,0.0,0.0,0.0
130964,0.0,0.0,0.0
130965,0.0,0.0,0.0
130966,0.0,0.0,0.0
130967,0.0,0.0,0.0
130968,0.0,0.0,0.0
130969,0.0,0.0,0.0
130970,0.0,0.0,0.0
130971,0.0,0.0,0.0
130972,0.0,0.0,0.0
130973,0.0,0.0,0.0
130974,0.0,0.0,0.0
130975,0.0,0.0,0.0
130976,0.0,0.0,0.0
130977,0.0,0.0,0.0
130978,0.0,0.0,0.0
130979,0.0,0.0,0.0
130980,0.0,0.0,0.0
130981,0.0,0.0,0.0
130982,0.0,0.0,0.0
130983,0.0,0.0,0.0
130984,0.0,0.0,0.0
130985,0.0,0.0,0.0
130986,0.0,0.0,0.0
130987,0.0,0.0,0.0
130988,0.0,0.0,0.0
130989,0.0,0.0,0.0
130990,0.0,0.0,0.0
130991,0.0,0.0,0.0
130992,0.0,0.0,0.0
130993,0.0,0.0,0.0
130994,0.0,0.0,0.0
130995,0.0,0.0,0.0
130996,0.0,0.0,0.0
130997,0.0,0.0,0.0
130998,0.0,0.0,0.0
130999,0.0,0.0,0.0
131000,0.0,0.0,0.0
131001,0.0,0.0,0.0
131002,0.0,0.0,0.0
131003,0.0,0.0,0.0
131004,0.0,0.0,0.0
131005,0.0,0.0,0.0
131006,0.0,0.0,0.0
131007,0.0,0.0,0.0
131008,0.0,0.0,0.0
131009,0.0,0.0,0.0
131010,0.0,0.0,0.0
131011,0.0,0.0,0.0
131012,0.0,0.0,0.0
131013,0.0,0.0,0.0
131014,0.0,0.0,0.0
131015,0.0,0.0,0.0
131016,0.0,0.0,0.0
131017,0.0,0.0,0.0
131018,0.0,0.0,0.0
131019,0.0,0.0,0.0
131020,0.0,0.0,0.0
131021,0.0,0.0,0.0
131022,0.0,0.0,0.0
131023,0.0,0.0,0.0
131024,0.0,0.0,0.0
131025,0.0,0.0,0.0
131026,0.0,0.0,0.0
131027,0.0,0.0,0.0
131028,0.0,0.0,0.0
131029,0.0,0.0,0.0
131030,0.0,0.0,0.0
131031,0.0,0.0,0.0
131032,0.0,0.0,0.0
131033,0.0,0.0,0.0
131034,0.0,0.0,0.0
131035,0.0,0.0,0.0
131036,0.0,0.0,0.0
131037,0.0,0.0,0.0
131038,0.0,0.0,0.0
131039,0.0,0.0,0.0
131040,0.0,0.0,0.0
131041,0.0,0.0,0.0
131042,0.0,0.0,0.0
131043,0.0,0.0,0.0
131044,0.0,0.0,0.0
131045,0.0,0.0,0.0
131046,0.0,0.0,0.0
131047,0.0,0.0,0.0
131048,0.0,0.0,0.0
131049,0.0,0.0,0.0
131050,0.0,0.0,0.0
131051,0.0,0.0,0.0
131052,0.0,0.0,0.0
131053,0.0,0.0,0.0
131054,0.0,0.0,0.0
131055,0.0,0.0,0.0
131056,0.0,0.0,0.0
131057,0.0,0.0,0.0
131058,0.0,0.0,0.0
131059,0.0,0.0,0.0
131060,0.0,0.0,0.0
131061,0.0,0.0,0.0
131062,0.0,0.0,0.0
131063,0.0,0.0,0.0
131064,0.0,0.0,0.0
131065,0.0,0.0,0.0
131066,0.0,0.0,0.0
131067,0.0,0.0,0.0
131068,0.0,0.0,0.0
131069,0.0,0.0,0.0
131070,0.0,0.0,0.0
131071,0.0,0.0,0.0
131072,0.0,0.0,0.0
131073,0.0,0.0,0.0
131074,0.0,0.0,0.0
131075,0.0,0.0,0.0
131076,0.0,0.0,0.0
131077,0.0,0.0,0.0
131078,0.0,0.0,0.0
131079,0.0,0.0,0.0
131080,0.0,0.0,0.0
131081,0.0,0.0,0.0
131082,0.0,0.0,0.0
131083,0.0,0.0,0.0
131084,0.0,0.0,0.0
131085,0.0,0.0,0.0
131086,0.0,0.0,0.0
131087,0.0,0.0,0.0
131088,0.0,0.0,0.0
131089,0.0,0.0,0.0
131090,0.0,0.0,0.0
131091,0.0,0.0,0.0
131092,0.0,0.0,0.0
131093,0.0,0.0,0.0
131094,0.0,0.0,0.0
131095,0.0,0.0,0.0
131096,0.0,0.0,0.0
131097,0.0,0.0,0.0
131098,0.0,0.0,0.0
131099,0.0,0.0,0.0
131100,0.0,0.0,0.0
131101,0.0,0.0,0.0
131102,0.0,0.0,0.0
131103,0.0,0.0,0.0
131104,0.0,0.0,0.0
131105,0.0,0.0,0.0
131106,0.0,0.0,0.0
131107,0.0,0.0,0.0
131108,0.0,0.0,0.0
131109,0.0,0.0,0.0
131110,0.0,0.0,0.0
131111,0.0,0.0,0.0
131112,0.0,0.0,0.0
131113,0.0,0.0,0.0
131114,0.0,0.0,0.0
131115,0.0,0.0,0.0
131116,0.0,0.0,0.0
131117,0.0,0.0,0.0
131118,0.0,0.0,0.0
131119,0.0,0.0,0.0
131120,0.0,0.0,0.0
131121,0.0,0.0,0.0
131122,0.0,0.0,0.0
131123,0.0,0.0,0.0
131124,0.0,0.0,0.0
131125,0.0,0.0,0.0
131126,0.0,0.0,0.0
131127,0.0,0.0,0.0
131128,0.0,0.0,0.0
131129,0.0,0.0,0.0
131130,0.0,0.0,0.0
131131,0.0,0.0,0.0
131132,0.0,0.0,0.0
131133,0.0,0.0,0.0
131134,0.0,0.0,0.0
131135,0.0,0.0,0.0
131136,0.0,0.0,0.0
131137,0.0,0.0,0.0
131138,0.0,0.0,0.0
131139,0.0,0.0,0.0
131140,0.0,0.0,0.0
131141,0.0,0.0,0.0
131142,0.0,0.0,0.0
131143,0.0,0.0,0.0
131144,0.0,0.0,0.0
131145,0.0,0.0,0.0
131146,0.0,0.0,0.0
131147,0.0,0.0,0.0
131148,0.0,0.0,0.0
131149,0.0,0.0,0.0
131150,0.0,0.0,0.0
131151,0.0,0.0,0.0
131152,0.0,0.0,0.0
131153,0.0,0.0,0.0
131154,0.0,0.0,0.0
131155,0.0,0.0,0.0
131156,0.0,0.0,0.0
131157,0.0,0.0,0.0
131158,0.0,0.0,0.0
131159,0.0,0.0,0.0
131160,0.0,0.0,0.0
131161,0.0,0.0,0.0
131162,0.0,0.0,0.0
131163,0.0,0.0,0.0
131164,0.0,0.0,0.0
131165,0.0,0.0,0.0
131166,0.0,0.0,0.0
131167,0.0,0.0,0.0
131168,0.0,0.0,0.0
131169,0.0,0.0,0.0
131170,0.0,0.0,0.0
131171,0.0,0.0,0.0
131172,0.0,0.0,0.0
131173,0.0,0.0,0.0
131174,0.0,0.0,0.0
131175,0.0,0.0,0.0
131176,0.0,0.0,0.0
131177,0.0,0.0,0.0
131178,0.0,0.0,0.0
131179,0.0,0.0,0.0
131180,0.0,0.0,0.0
131181,0.0,0.0,0.0
131182,0.0,0.0,0.0
131183,0.0,0.0,0.0
131184,0.0,0.0,0.0
131185,0.0,0.0,0.0
131186,0.0,0.0,0.0
131187,0.0,0.0,0.0
131188,0.0,0.0,0.0
131189,0.0,0.0,0.0
131190,0.0,0.0,0.0
131191,0.0,0.0,0.0
131192,0.0,0.0,0.0
131193,0.0,0.0,0.0
131194,0.0,0.0,0.0
131195,0.0,0.0,0.0
131196,0.0,0.0,0.0
131197,0.0,0.0,0.0
131198,0.0,0.0,0.0
131199,0.0,0.0,0.0
131200,0.0,0.0,0.0
131201,0.0,0.0,0.0
131202,0.0,0.0,0.0
131203,0.0,0.0,0.0
131204,0.0,0.0,0.0
131205,0.0,0.0,0.0
131206,0.0,0.0,0.0
131207,0.0,0.0,0.0
131208,0.0,0.0,0.0
131209,0.0,0.0,0.0
131210,0.0,0.0,0.0
131211,0.0,0.0,0.0
131212,0.0,0.0,0.0
131213,0.0,0.0,0.0
131214,0.0,0.0,0.0
131215,0.0,0.0,0.0
131216,0.0,0.0,0.0
131217,0.0,0.0,0.0
131218,0.0,0.0,0.0
131219,0.0,0.0,0.0
131220,0.0,0.0,0.0
131221,0.0,0.0,0.0
131222,0.0,0.0,0.0
131223,0.0,0.0,0.0
131224,0.0,0.0,0.0
131225,0.0,0.0,0.0
131226,0.0,0.0,0.0
131227,0.0,0.0,0.0
131228,0.0,0.0,0.0
131229,0.0,0.0,0.0
131230,0.0,0.0,0.0
131231,0.0,0.0,0.0
131232,0.0,0.0,0.0
131233,0.0,0.0,0.0
131234,0.0,0.0,0.0
131235,0.0,0.0,0.0
131236,0.0,0.0,0.0
131237,0.0,0.0,0.0
131238,0.0,0.0,0.0
131239,0.0,0.0,0.0
131240,0.0,0.0,0.0
131241,0.0,0.0,0.0
131242,0.0,0.0,0.0
131243,0.0,0.0,0.0
131244,0.0,0.0,0.0
131245,0.0,0.0,0.0
131246,0.0,0.0,0.0
131247,0.0,0.0,0.0
131248,0.0,0.0,0.0
131249,0.0,0.0,0.0
131250,0.0,0.0,0.0
131251,0.0,0.0,0.0
131252,0.0,0.0,0.0
131253,0.0,0.0,0.0
131254,0.0,0.0,0.0
131255,0.0,0.0,0.0
131256,0.0,0.0,0.0
131257,0.0,0.0,0.0
131258,0.0,0.0,0.0
131259,0.0,0.0,0.0
131260,0.0,0.0,0.0
131261,0.0,0.0,0.0
131262,0.0,0.0,0.0
131263,0.0,0.0,0.0
131264,0.0,0.0,0.0
131265,0.0,0.0,0.0
131266,0.0,0.0,0.0
131267,0.0,0.0,0.0
131268,0.0,0.0,0.0
131269,0.0,0.0,0.0
131270,0.0,0.0,0.0
131271,0.0,0.0,0.0
131272,0.0,0.0,0.0
131273,0.0,0.0,0.0
131274,0.0,0.0,0.0
131275,0.0,0.0,0.0
131276,0.0,0.0,0.0
131277,0.0,0.0,0.0
131278,0.0,0.0,0.0
131279,0.0,0.0,0.0
131280,0.0,0.0,0.0
131281,0.0,0.0,0.0
131282,0.0,0.0,0.0
131283,0.0,0.0,0.0
131284,0.0,0.0,0.0
131285,0.0,0.0,0.0
131286,0.0,0.0,0.0
131287,0.0,0.0,0.0
131288,0.0,0.0,0.0
131289,0.0,0.0,0.0
131290,0.0,0.0,0.0
131291,0.0,0.0,0.0
131292,0.0,0.0,0.0
131293,0.0,0.0,0.0
131294,0.0,0.0,0.0
131295,0.0,0.0,0.0
131296,0.0,0.0,0.0
131297,0.0,0.0,0.0
131298,0.0,0.0,0.0
131299,0.0,0.0,0.0
131300,0.0,0.0,0.0
131301,0.0,0.0,0.0
131302,0.0,0.0,0.0
131303,0.0,0.0,0.0
131304,0.0,0.0,0.0
131305,0.0,0.0,0.0
131306,0.0,0.0,0.0
131307,0.0,0.0,0.0
131308,0.0,0.0,0.0
131309,0.0,0.0,0.0
131310,0.0,0.0,0.0
131311,0.0,0.0,0.0
131312,0.0,0.0,0.0
131313,0.0,0.0,0.0
131314,0.0,0.0,0.0
131315,0.0,0.0,0.0
131316,0.0,0.0,0.0
131317,0.0,0.0,0.0
131318,0.0,0.0,0.0
131319,0.0,0.0,0.0
131320,0.0,0.0,0.0
131321,0.0,0.0,0.0
131322,0.0,0.0,0.0
131323,0.0,0.0,0.0
131324,0.0,0.0,0.0
131325,0.0,0.0,0.0
131326,0.0,0.0,0.0
131327,0.0,0.0,0.0
131328,0.0,0.0,0.0
131329,0.0,0.0,0.0
131330,0.0,0.0,0.0
131331,0.0,0.0,0.0
131332,0.0,0.0,0.0
131333,0.0,0.0,0.0
131334,0.0,0.0,0.0
131335,0.0,0.0,0.0
131336,0.0,0.0,0.0
131337,0.0,0.0,0.0
131338,0.0,0.0,0.0
131339,0.0,0.0,0.0
131340,0.0,0.0,0.0
131341,0.0,0.0,0.0
131342,0.0,0.0,0.0
131343,0.0,0.0,0.0
131344,0.0,0.0,0.0
131345,0.0,0.0,0.0
131346,0.0,0.0,0.0
131347,0.0,0.0,0.0
131348,0.0,0.0,0.0
131349,0.0,0.0,0.0
131350,0.0,0.0,0.0
131351,0.0,0.0,0.0
131352,0.0,0.0,0.0
131353,0.0,0.0,0.0
131354,0.0,0.0,0.0
131355,0.0,0.0,0.0
131356,0.0,0.0,0.0
131357,0.0,0.0,0.0
131358,0.0,0.0,0.0
131359,0.0,0.0,0.0
131360,0.0,0.0,0.0
131361,0.0,0.0,0.0
131362,0.0,0.0,0.0
131363,0.0,0.0,0.0
131364,0.0,0.0,0.0
131365,0.0,0.0,0.0
131366,0.0,0.0,0.0
131367,0.0,0.0,0.0
131368,0.0,0.0,0.0
131369,0.0,0.0,0.0
131370,0.0,0.0,0.0
131371,0.0,0.0,0.0
131372,0.0,0.0,0.0
131373,0.0,0.0,0.0
131374,0.0,0.0,0.0
131375,0.0,0.0,0.0
131376,0.0,0.0,0.0
131377,0.0,0.0,0.0
131378,0.0,0.0,0.0
131379,0.0,0.0,0.0
131380,0.0,0.0,0.0
131381,0.0,0.0,0.0
131382,0.0,0.0,0.0
131383,0.0,0.0,0.0
131384,0.0,0.0,0.0
131385,0.0,0.0,0.0
131386,0.0,0.0,0.0
131387,0.0,0.0,0.0
131388,0.0,0.0,0.0
131389,0.0,0.0,0.0
131390,0.0,0.0,0.0
131391,0.0,0.0,0.0
131392,0.0,0.0,0.0
131393,0.0,0.0,0.0
131394,0.0,0.0,0.0
131395,0.0,0.0,0.0
131396,0.0,0.0,0.0
131397,0.0,0.0,0.0
131398,0.0,0.0,0.0
131399,0.0,0.0,0.0
131400,0.0,0.0,0.0
131401,0.0,0.0,0.0
131402,0.0,0.0,0.0
131403,0.0,0.0,0.0
131404,0.0,0.0,0.0
131405,0.0,0.0,0.0
131406,0.0,0.0,0.0
131407,0.0,0.0,0.0
131408,0.0,0.0,0.0
131409,0.0,0.0,0.0
131410,0.0,0.0,0.0
131411,0.0,0.0,0.0
131412,0.0,0.0,0.0
131413,0.0,0.0,0.0
131414,0.0,0.0,0.0
131415,0.0,0.0,0.0
131416,0.0,0.0,0.0
131417,0.0,0.0,0.0
131418,0.0,0.0,0.0
131419,0.0,0.0,0.0
131420,0.0,0.0,0.0
131421,0.0,0.0,0.0
131422,0.0,0.0,0.0
131423,0.0,0.0,0.0
131424,0.0,0.0,0.0
131425,0.0,0.0,0.0
131426,0.0,0.0,0.0
131427,0.0,0.0,0.0
131428,0.0,0.0,0.0
131429,0.0,0.0,0.0
131430,0.0,0.0,0.0
131431,0.0,0.0,0.0
131432,0.0,0.0,0.0
131433,0.0,0.0,0.0
131434,0.0,0.0,0.0
131435,0.0,0.0,0.0
131436,0.0,0.0,0.0
131437,0.0,0.0,0.0
131438,0.0,0.0,0.0
131439,0.0,0.0,0.0
131440,0.0,0.0,0.0
131441,0.0,0.0,0.0
131442,0.0,0.0,0.0
131443,0.0,0.0,0.0
131444,0.0,0.0,0.0
131445,0.0,0.0,0.0
131446,0.0,0.0,0.0
131447,0.0,0.0,0.0
131448,0.0,0.0,0.0
131449,0.0,0.0,0.0
131450,0.0,0.0,0.0
131451,0.0,0.0,0.0
131452,0.0,0.0,0.0
131453,0.0,0.0,0.0
131454,0.0,0.0,0.0
131455,0.0,0.0,0.0
131456,0.0,0.0,0.0
131457,0.0,0.0,0.0
131458,0.0,0.0,0.0
131459,0.0,0.0,0.0
131460,0.0,0.0,0.0
131461,0.0,0.0,0.0
131462,0.0,0.0,0.0
131463,0.0,0.0,0.0
131464,0.0,0.0,0.0
131465,0.0,0.0,0.0
131466,0.0,0.0,0.0
131467,0.0,0.0,0.0
131468,0.0,0.0,0.0
131469,0.0,0.0,0.0
131470,0.0,0.0,0.0
131471,0.0,0.0,0.0
131472,0.0,0.0,0.0
131473,0.0,0.0,0.0
131474,0.0,0.0,0.0
131475,0.0,0.0,0.0
131476,0.0,0.0,0.0
131477,0.0,0.0,0.0
131478,0.0,0.0,0.0
131479,0.0,0.0,0.0
131480,0.0,0.0,0.0
131481,0.0,0.0,0.0
131482,0.0,0.0,0.0
131483,0.0,0.0,0.0
131484,0.0,0.0,0.0
131485,0.0,0.0,0.0
131486,0.0,0.0,0.0
131487,0.0,0.0,0.0
131488,0.0,0.0,0.0
131489,0.0,0.0,0.0
131490,0.0,0.0,0.0
131491,0.0,0.0,0.0
131492,0.0,0.0,0.0
131493,0.0,0.0,0.0
131494,0.0,0.0,0.0
131495,0.0,0.0,0.0
131496,0.0,0.0,0.0
131497,0.0,0.0,0.0
131498,0.0,0.0,0.0
131499,0.0,0.0,0.0
131500,0.0,0.0,0.0
131501,0.0,0.0,0.0
131502,0.0,0.0,0.0
131503,0.0,0.0,0.0
131504,0.0,0.0,0.0
131505,0.0,0.0,0.0
131506,0.0,0.0,0.0
131507,0.0,0.0,0.0
131508,0.0,0.0,0.0
131509,0.0,0.0,0.0
131510,0.0,0.0,0.0
131511,0.0,0.0,0.0
131512,0.0,0.0,0.0
131513,0.0,0.0,0.0
131514,0.0,0.0,0.0
131515,0.0,0.0,0.0
131516,0.0,0.0,0.0
131517,0.0,0.0,0.0
131518,0.0,0.0,0.0
131519,0.0,0.0,0.0
131520,0.0,0.0,0.0
131521,0.0,0.0,0.0
131522,0.0,0.0,0.0
131523,0.0,0.0,0.0
131524,0.0,0.0,0.0
131525,0.0,0.0,0.0
131526,0.0,0.0,0.0
131527,0.0,0.0,0.0
131528,0.0,0.0,0.0
131529,0.0,0.0,0.0
131530,0.0,0.0,0.0
131531,0.0,0.0,0.0
131532,0.0,0.0,0.0
131533,0.0,0.0,0.0
131534,0.0,0.0,0.0
131535,0.0,0.0,0.0
131536,0.0,0.0,0.0
131537,0.0,0.0,0.0
131538,0.0,0.0,0.0
131539,0.0,0.0,0.0
131540,0.0,0.0,0.0
131541,0.0,0.0,0.0
131542,0.0,0.0,0.0
131543,0.0,0.0,0.0
131544,0.0,0.0,0.0
131545,0.0,0.0,0.0
131546,0.0,0.0,0.0
131547,0.0,0.0,0.0
131548,0.0,0.0,0.0
131549,0.0,0.0,0.0
131550,0.0,0.0,0.0
131551,0.0,0.0,0.0
131552,0.0,0.0,0.0
131553,0.0,0.0,0.0
131554,0.0,0.0,0.0
131555,0.0,0.0,0.0
131556,0.0,0.0,0.0
131557,0.0,0.0,0.0
131558,0.0,0.0,0.0
131559,0.0,0.0,0.0
131560,0.0,0.0,0.0
131561,0.0,0.0,0.0
131562,0.0,0.0,0.0
131563,0.0,0.0,0.0
131564,0.0,0.0,0.0
131565,0.0,0.0,0.0
131566,0.0,0.0,0.0
131567,0.0,0.0,0.0
131568,0.0,0.0,0.0
131569,0.0,0.0,0.0
131570,0.0,0.0,0.0
131571,0.0,0.0,0.0
131572,0.0,0.0,0.0
131573,0.0,0.0,0.0
131574,0.0,0.0,0.0
131575,0.0,0.0,0.0
131576,0.0,0.0,0.0
131577,0.0,0.0,0.0
131578,0.0,0.0,0.0
131579,0.0,0.0,0.0
131580,0.0,0.0,0.0
131581,0.0,0.0,0.0
131582,0.0,0.0,0.0
131583,0.0,0.0,0.0
131584,0.0,0.0,0.0
131585,0.0,0.0,0.0
131586,0.0,0.0,0.0
131587,0.0,0.0,0.0
131588,0.0,0.0,0.0
131589,0.0,0.0,0.0
131590,0.0,0.0,0.0
131591,0.0,0.0,0.0
131592,0.0,0.0,0.0
131593,0.0,0.0,0.0
131594,0.0,0.0,0.0
131595,0.0,0.0,0.0
131596,0.0,0.0,0.0
131597,0.0,0.0,0.0
131598,0.0,0.0,0.0
131599,0.0,0.0,0.0
131600,0.0,0.0,0.0
131601,0.0,0.0,0.0
131602,0.0,0.0,0.0
131603,0.0,0.0,0.0
131604,0.0,0.0,0.0
131605,0.0,0.0,0.0
131606,0.0,0.0,0.0
131607,0.0,0.0,0.0
131608,0.0,0.0,0.0
131609,0.0,0.0,0.0
131610,0.0,0.0,0.0
131611,0.0,0.0,0.0
131612,0.0,0.0,0.0
131613,0.0,0.0,0.0
131614,0.0,0.0,0.0
131615,0.0,0.0,0.0
131616,0.0,0.0,0.0
131617,0.0,0.0,0.0
131618,0.0,0.0,0.0
131619,0.0,0.0,0.0
131620,0.0,0.0,0.0
131621,0.0,0.0,0.0
131622,0.0,0.0,0.0
131623,0.0,0.0,0.0
131624,0.0,0.0,0.0
131625,0.0,0.0,0.0
131626,0.0,0.0,0.0
131627,0.0,0.0,0.0
131628,0.0,0.0,0.0
131629,0.0,0.0,0.0
131630,0.0,0.0,0.0
131631,0.0,0.0,0.0
131632,0.0,0.0,0.0
131633,0.0,0.0,0.0
131634,0.0,0.0,0.0
131635,0.0,0.0,0.0
131636,0.0,0.0,0.0
131637,0.0,0.0,0.0
131638,0.0,0.0,0.0
131639,0.0,0.0,0.0
131640,0.0,0.0,0.0
131641,0.0,0.0,0.0
131642,0.0,0.0,0.0
131643,0.0,0.0,0.0
131644,0.0,0.0,0.0
131645,0.0,0.0,0.0
131646,0.0,0.0,0.0
131647,0.0,0.0,0.0
131648,0.0,0.0,0.0
131649,0.0,0.0,0.0
131650,0.0,0.0,0.0
131651,0.0,0.0,0.0
131652,0.0,0.0,0.0
131653,0.0,0.0,0.0
131654,0.0,0.0,0.0
131655,0.0,0.0,0.0
131656,0.0,0.0,0.0
131657,0.0,0.0,0.0
131658,0.0,0.0,0.0
131659,0.0,0.0,0.0
131660,0.0,0.0,0.0
131661,0.0,0.0,0.0
131662,0.0,0.0,0.0
131663,0.0,0.0,0.0
131664,0.0,0.0,0.0
131665,0.0,0.0,0.0
131666,0.0,0.0,0.0
131667,0.0,0.0,0.0
131668,0.0,0.0,0.0
131669,0.0,0.0,0.0
131670,0.0,0.0,0.0
131671,0.0,0.0,0.0
131672,0.0,0.0,0.0
131673,0.0,0.0,0.0
131674,0.0,0.0,0.0
131675,0.0,0.0,0.0
131676,0.0,0.0,0.0
131677,0.0,0.0,0.0
131678,0.0,0.0,0.0
131679,0.0,0.0,0.0
131680,0.0,0.0,0.0
131681,0.0,0.0,0.0
131682,0.0,0.0,0.0
131683,0.0,0.0,0.0
131684,0.0,0.0,0.0
131685,0.0,0.0,0.0
131686,0.0,0.0,0.0
131687,0.0,0.0,0.0
131688,0.0,0.0,0.0
131689,0.0,0.0,0.0
131690,0.0,0.0,0.0
131691,0.0,0.0,0.0
131692,0.0,0.0,0.0
131693,0.0,0.0,0.0
131694,0.0,0.0,0.0
131695,0.0,0.0,0.0
131696,0.0,0.0,0.0
131697,0.0,0.0,0.0
131698,0.0,0.0,0.0
131699,0.0,0.0,0.0
131700,0.0,0.0,0.0
131701,0.0,0.0,0.0
131702,0.0,0.0,0.0
131703,0.0,0.0,0.0
131704,0.0,0.0,0.0
131705,0.0,0.0,0.0
131706,0.0,0.0,0.0
131707,0.0,0.0,0.0
131708,0.0,0.0,0.0
131709,0.0,0.0,0.0
131710,0.0,0.0,0.0
131711,0.0,0.0,0.0
131712,0.0,0.0,0.0
131713,0.0,0.0,0.0
131714,0.0,0.0,0.0
131715,0.0,0.0,0.0
131716,0.0,0.0,0.0
131717,0.0,0.0,0.0
131718,0.0,0.0,0.0
131719,0.0,0.0,0.0
131720,0.0,0.0,0.0
131721,0.0,0.0,0.0
131722,0.0,0.0,0.0
131723,0.0,0.0,0.0
131724,0.0,0.0,0.0
131725,0.0,0.0,0.0
131726,0.0,0.0,0.0
131727,0.0,0.0,0.0
131728,0.0,0.0,0.0
131729,0.0,0.0,0.0
131730,0.0,0.0,0.0
131731,0.0,0.0,0.0
131732,0.0,0.0,0.0
131733,0.0,0.0,0.0
131734,0.0,0.0,0.0
131735,0.0,0.0,0.0
131736,0.0,0.0,0.0
131737,0.0,0.0,0.0
131738,0.0,0.0,0.0
131739,0.0,0.0,0.0
131740,0.0,0.0,0.0
131741,0.0,0.0,0.0
131742,0.0,0.0,0.0
131743,0.0,0.0,0.0
131744,0.0,0.0,0.0
131745,0.0,0.0,0.0
131746,0.0,0.0,0.0
131747,0.0,0.0,0.0
131748,0.0,0.0,0.0
131749,0.0,0.0,0.0
131750,0.0,0.0,0.0
131751,0.0,0.0,0.0
131752,0.0,0.0,0.0
131753,0.0,0.0,0.0
131754,0.0,0.0,0.0
131755,0.0,0.0,0.0
131756,0.0,0.0,0.0
131757,0.0,0.0,0.0
131758,0.0,0.0,0.0
131759,0.0,0.0,0.0
131760,0.0,0.0,0.0
131761,0.0,0.0,0.0
131762,0.0,0.0,0.0
131763,0.0,0.0,0.0
131764,0.0,0.0,0.0
131765,0.0,0.0,0.0
131766,0.0,0.0,0.0
131767,0.0,0.0,0.0
131768,0.0,0.0,0.0
131769,0.0,0.0,0.0
131770,0.0,0.0,0.0
131771,0.0,0.0,0.0
131772,0.0,0.0,0.0
131773,0.0,0.0,0.0
131774,0.0,0.0,0.0
131775,0.0,0.0,0.0
131776,0.0,0.0,0.0
131777,0.0,0.0,0.0
131778,0.0,0.0,0.0
131779,0.0,0.0,0.0
131780,0.0,0.0,0.0
131781,0.0,0.0,0.0
131782,0.0,0.0,0.0
131783,0.0,0.0,0.0
131784,0.0,0.0,0.0
131785,0.0,0.0,0.0
131786,0.0,0.0,0.0
131787,0.0,0.0,0.0
131788,0.0,0.0,0.0
131789,0.0,0.0,0.0
131790,0.0,0.0,0.0
131791,0.0,0.0,0.0
131792,0.0,0.0,0.0
131793,0.0,0.0,0.0
131794,0.0,0.0,0.0
131795,0.0,0.0,0.0
131796,0.0,0.0,0.0
131797,0.0,0.0,0.0
131798,0.0,0.0,0.0
131799,0.0,0.0,0.0
131800,0.0,0.0,0.0
131801,0.0,0.0,0.0
131802,0.0,0.0,0.0
131803,0.0,0.0,0.0
131804,0.0,0.0,0.0
131805,0.0,0.0,0.0
131806,0.0,0.0,0.0
131807,0.0,0.0,0.0
131808,0.0,0.0,0.0
131809,0.0,0.0,0.0
131810,0.0,0.0,0.0
131811,0.0,0.0,0.0
131812,0.0,0.0,0.0
131813,0.0,0.0,0.0
131814,0.0,0.0,0.0
131815,0.0,0.0,0.0
131816,0.0,0.0,0.0
131817,0.0,0.0,0.0
131818,0.0,0.0,0.0
131819,0.0,0.0,0.0
131820,0.0,0.0,0.0
131821,0.0,0.0,0.0
131822,0.0,0.0,0.0
131823,0.0,0.0,0.0
131824,0.0,0.0,0.0
131825,0.0,0.0,0.0
131826,0.0,0.0,0.0
131827,0.0,0.0,0.0
131828,0.0,0.0,0.0
131829,0.0,0.0,0.0
131830,0.0,0.0,0.0
131831,0.0,0.0,0.0
131832,0.0,0.0,0.0
131833,0.0,0.0,0.0
131834,0.0,0.0,0.0
131835,0.0,0.0,0.0
131836,0.0,0.0,0.0
131837,0.0,0.0,0.0
131838,0.0,0.0,0.0
131839,0.0,0.0,0.0
131840,0.0,0.0,0.0
131841,0.0,0.0,0.0
131842,0.0,0.0,0.0
131843,0.0,0.0,0.0
131844,0.0,0.0,0.0
131845,0.0,0.0,0.0
131846,0.0,0.0,0.0
131847,0.0,0.0,0.0
131848,0.0,0.0,0.0
131849,0.0,0.0,0.0
131850,0.0,0.0,0.0
131851,0.0,0.0,0.0
131852,0.0,0.0,0.0
131853,0.0,0.0,0.0
131854,0.0,0.0,0.0
131855,0.0,0.0,0.0
131856,0.0,0.0,0.0
131857,0.0,0.0,0.0
131858,0.0,0.0,0.0
131859,0.0,0.0,0.0
131860,0.0,0.0,0.0
131861,0.0,0.0,0.0
131862,0.0,0.0,0.0
131863,0.0,0.0,0.0
131864,0.0,0.0,0.0
131865,0.0,0.0,0.0
131866,0.0,0.0,0.0
131867,0.0,0.0,0.0
131868,0.0,0.0,0.0
131869,0.0,0.0,0.0
131870,0.0,0.0,0.0
131871,0.0,0.0,0.0
131872,0.0,0.0,0.0
131873,0.0,0.0,0.0
131874,0.0,0.0,0.0
131875,0.0,0.0,0.0
131876,0.0,0.0,0.0
131877,0.0,0.0,0.0
131878,0.0,0.0,0.0
131879,0.0,0.0,0.0
131880,0.0,0.0,0.0
131881,0.0,0.0,0.0
131882,0.0,0.0,0.0
131883,0.0,0.0,0.0
131884,0.0,0.0,0.0
131885,0.0,0.0,0.0
131886,0.0,0.0,0.0
131887,0.0,0.0,0.0
131888,0.0,0.0,0.0
131889,0.0,0.0,0.0
131890,0.0,0.0,0.0
131891,0.0,0.0,0.0
131892,0.0,0.0,0.0
131893,0.0,0.0,0.0
131894,0.0,0.0,0.0
131895,0.0,0.0,0.0
131896,0.0,0.0,0.0
131897,0.0,0.0,0.0
131898,0.0,0.0,0.0
131899,0.0,0.0,0.0
131900,0.0,0.0,0.0
131901,0.0,0.0,0.0
131902,0.0,0.0,0.0
131903,0.0,0.0,0.0
131904,0.0,0.0,0.0
131905,0.0,0.0,0.0
131906,0.0,0.0,0.0
131907,0.0,0.0,0.0
131908,0.0,0.0,0.0
131909,0.0,0.0,0.0
131910,0.0,0.0,0.0
131911,0.0,0.0,0.0
131912,0.0,0.0,0.0
131913,0.0,0.0,0.0
131914,0.0,0.0,0.0
131915,0.0,0.0,0.0
131916,0.0,0.0,0.0
131917,0.0,0.0,0.0
131918,0.0,0.0,0.0
131919,0.0,0.0,0.0
131920,0.0,0.0,0.0
131921,0.0,0.0,0.0
131922,0.0,0.0,0.0
131923,0.0,0.0,0.0
131924,0.0,0.0,0.0
131925,0.0,0.0,0.0
131926,0.0,0.0,0.0
131927,0.0,0.0,0.0
131928,0.0,0.0,0.0
131929,0.0,0.0,0.0
131930,0.0,0.0,0.0
131931,0.0,0.0,0.0
131932,0.0,0.0,0.0
131933,0.0,0.0,0.0
131934,0.0,0.0,0.0
131935,0.0,0.0,0.0
131936,0.0,0.0,0.0
131937,0.0,0.0,0.0
131938,0.0,0.0,0.0
131939,0.0,0.0,0.0
131940,0.0,0.0,0.0
131941,0.0,0.0,0.0
131942,0.0,0.0,0.0
131943,0.0,0.0,0.0
131944,0.0,0.0,0.0
131945,0.0,0.0,0.0
131946,0.0,0.0,0.0
131947,0.0,0.0,0.0
131948,0.0,0.0,0.0
131949,0.0,0.0,0.0
131950,0.0,0.0,0.0
131951,0.0,0.0,0.0
131952,0.0,0.0,0.0
131953,0.0,0.0,0.0
131954,0.0,0.0,0.0
131955,0.0,0.0,0.0
131956,0.0,0.0,0.0
131957,0.0,0.0,0.0
131958,0.0,0.0,0.0
131959,0.0,0.0,0.0
131960,0.0,0.0,0.0
131961,0.0,0.0,0.0
131962,0.0,0.0,0.0
131963,0.0,0.0,0.0
131964,0.0,0.0,0.0
131965,0.0,0.0,0.0
131966,0.0,0.0,0.0
131967,0.0,0.0,0.0
131968,0.0,0.0,0.0
131969,0.0,0.0,0.0
131970,0.0,0.0,0.0
131971,0.0,0.0,0.0
131972,0.0,0.0,0.0
131973,0.0,0.0,0.0
131974,0.0,0.0,0.0
131975,0.0,0.0,0.0
131976,0.0,0.0,0.0
131977,0.0,0.0,0.0
131978,0.0,0.0,0.0
131979,0.0,0.0,0.0
131980,0.0,0.0,0.0
131981,0.0,0.0,0.0
131982,0.0,0.0,0.0
131983,0.0,0.0,0.0
131984,0.0,0.0,0.0
131985,0.0,0.0,0.0
131986,0.0,0.0,0.0
131987,0.0,0.0,0.0
131988,0.0,0.0,0.0
131989,0.0,0.0,0.0
131990,0.0,0.0,0.0
131991,0.0,0.0,0.0
131992,0.0,0.0,0.0
131993,0.0,0.0,0.0
131994,0.0,0.0,0.0
131995,0.0,0.0,0.0
131996,0.0,0.0,0.0
131997,0.0,0.0,0.0
131998,0.0,0.0,0.0
131999,0.0,0.0,0.0
132000,0.0,0.0,0.0
132001,0.0,0.0,0.0
132002,0.0,0.0,0.0
132003,0.0,0.0,0.0
132004,0.0,0.0,0.0
132005,0.0,0.0,0.0
132006,0.0,0.0,0.0
132007,0.0,0.0,0.0
132008,0.0,0.0,0.0
132009,0.0,0.0,0.0
132010,0.0,0.0,0.0
132011,0.0,0.0,0.0
132012,0.0,0.0,0.0
132013,0.0,0.0,0.0
132014,0.0,0.0,0.0
132015,0.0,0.0,0.0
132016,0.0,0.0,0.0
132017,0.0,0.0,0.0
132018,0.0,0.0,0.0
132019,0.0,0.0,0.0
132020,0.0,0.0,0.0
132021,0.0,0.0,0.0
132022,0.0,0.0,0.0
132023,0.0,0.0,0.0
132024,0.0,0.0,0.0
132025,0.0,0.0,0.0
132026,0.0,0.0,0.0
132027,0.0,0.0,0.0
132028,0.0,0.0,0.0
132029,0.0,0.0,0.0
132030,0.0,0.0,0.0
132031,0.0,0.0,0.0
132032,0.0,0.0,0.0
132033,0.0,0.0,0.0
132034,0.0,0.0,0.0
132035,0.0,0.0,0.0
132036,0.0,0.0,0.0
132037,0.0,0.0,0.0
132038,0.0,0.0,0.0
132039,0.0,0.0,0.0
132040,0.0,0.0,0.0
132041,0.0,0.0,0.0
132042,0.0,0.0,0.0
132043,0.0,0.0,0.0
132044,0.0,0.0,0.0
132045,0.0,0.0,0.0
132046,0.0,0.0,0.0
132047,0.0,0.0,0.0
132048,0.0,0.0,0.0
132049,0.0,0.0,0.0
132050,0.0,0.0,0.0
132051,0.0,0.0,0.0
132052,0.0,0.0,0.0
132053,0.0,0.0,0.0
132054,0.0,0.0,0.0
132055,0.0,0.0,0.0
132056,0.0,0.0,0.0
132057,0.0,0.0,0.0
132058,0.0,0.0,0.0
132059,0.0,0.0,0.0
132060,0.0,0.0,0.0
132061,0.0,0.0,0.0
132062,0.0,0.0,0.0
132063,0.0,0.0,0.0
132064,0.0,0.0,0.0
132065,0.0,0.0,0.0
132066,0.0,0.0,0.0
132067,0.0,0.0,0.0
132068,0.0,0.0,0.0
132069,0.0,0.0,0.0
132070,0.0,0.0,0.0
132071,0.0,0.0,0.0
132072,0.0,0.0,0.0
132073,0.0,0.0,0.0
132074,0.0,0.0,0.0
132075,0.0,0.0,0.0
132076,0.0,0.0,0.0
132077,0.0,0.0,0.0
132078,0.0,0.0,0.0
132079,0.0,0.0,0.0
132080,0.0,0.0,0.0
132081,0.0,0.0,0.0
132082,0.0,0.0,0.0
132083,0.0,0.0,0.0
132084,0.0,0.0,0.0
132085,0.0,0.0,0.0
132086,0.0,0.0,0.0
132087,0.0,0.0,0.0
132088,0.0,0.0,0.0
132089,0.0,0.0,0.0
132090,0.0,0.0,0.0
132091,0.0,0.0,0.0
132092,0.0,0.0,0.0
132093,0.0,0.0,0.0
132094,0.0,0.0,0.0
132095,0.0,0.0,0.0
132096,0.0,0.0,0.0
132097,0.0,0.0,0.0
132098,0.0,0.0,0.0
132099,0.0,0.0,0.0
132100,0.0,0.0,0.0
132101,0.0,0.0,0.0
132102,0.0,0.0,0.0
132103,0.0,0.0,0.0
132104,0.0,0.0,0.0
132105,0.0,0.0,0.0
132106,0.0,0.0,0.0
132107,0.0,0.0,0.0
132108,0.0,0.0,0.0
132109,0.0,0.0,0.0
132110,0.0,0.0,0.0
132111,0.0,0.0,0.0
132112,0.0,0.0,0.0
132113,0.0,0.0,0.0
132114,0.0,0.0,0.0
132115,0.0,0.0,0.0
132116,0.0,0.0,0.0
132117,0.0,0.0,0.0
132118,0.0,0.0,0.0
132119,0.0,0.0,0.0
132120,0.0,0.0,0.0
132121,0.0,0.0,0.0
132122,0.0,0.0,0.0
132123,0.0,0.0,0.0
132124,0.0,0.0,0.0
132125,0.0,0.0,0.0
132126,0.0,0.0,0.0
132127,0.0,0.0,0.0
132128,0.0,0.0,0.0
132129,0.0,0.0,0.0
132130,0.0,0.0,0.0
132131,0.0,0.0,0.0
132132,0.0,0.0,0.0
132133,0.0,0.0,0.0
132134,0.0,0.0,0.0
132135,0.0,0.0,0.0
132136,0.0,0.0,0.0
132137,0.0,0.0,0.0
132138,0.0,0.0,0.0
132139,0.0,0.0,0.0
132140,0.0,0.0,0.0
132141,0.0,0.0,0.0
132142,0.0,0.0,0.0
132143,0.0,0.0,0.0
132144,0.0,0.0,0.0
132145,0.0,0.0,0.0
132146,0.0,0.0,0.0
132147,0.0,0.0,0.0
132148,0.0,0.0,0.0
132149,0.0,0.0,0.0
132150,0.0,0.0,0.0
132151,0.0,0.0,0.0
132152,0.0,0.0,0.0
132153,0.0,0.0,0.0
132154,0.0,0.0,0.0
132155,0.0,0.0,0.0
132156,0.0,0.0,0.0
132157,0.0,0.0,0.0
132158,0.0,0.0,0.0
132159,0.0,0.0,0.0
132160,0.0,0.0,0.0
132161,0.0,0.0,0.0
132162,0.0,0.0,0.0
132163,0.0,0.0,0.0
132164,0.0,0.0,0.0
132165,0.0,0.0,0.0
132166,0.0,0.0,0.0
132167,0.0,0.0,0.0
132168,0.0,0.0,0.0
132169,0.0,0.0,0.0
132170,0.0,0.0,0.0
132171,0.0,0.0,0.0
132172,0.0,0.0,0.0
132173,0.0,0.0,0.0
132174,0.0,0.0,0.0
132175,0.0,0.0,0.0
132176,0.0,0.0,0.0
132177,0.0,0.0,0.0
132178,0.0,0.0,0.0
132179,0.0,0.0,0.0
132180,0.0,0.0,0.0
132181,0.0,0.0,0.0
132182,0.0,0.0,0.0
132183,0.0,0.0,0.0
132184,0.0,0.0,0.0
132185,0.0,0.0,0.0
132186,0.0,0.0,0.0
132187,0.0,0.0,0.0
132188,0.0,0.0,0.0
132189,0.0,0.0,0.0
132190,0.0,0.0,0.0
132191,0.0,0.0,0.0
132192,0.0,0.0,0.0
132193,0.0,0.0,0.0
132194,0.0,0.0,0.0
132195,0.0,0.0,0.0
132196,0.0,0.0,0.0
132197,0.0,0.0,0.0
132198,0.0,0.0,0.0
132199,0.0,0.0,0.0
132200,0.0,0.0,0.0
132201,0.0,0.0,0.0
132202,0.0,0.0,0.0
132203,0.0,0.0,0.0
132204,0.0,0.0,0.0
132205,0.0,0.0,0.0
132206,0.0,0.0,0.0
132207,0.0,0.0,0.0
132208,0.0,0.0,0.0
132209,0.0,0.0,0.0
132210,0.0,0.0,0.0
132211,0.0,0.0,0.0
132212,0.0,0.0,0.0
132213,0.0,0.0,0.0
132214,0.0,0.0,0.0
132215,0.0,0.0,0.0
132216,0.0,0.0,0.0
132217,0.0,0.0,0.0
132218,0.0,0.0,0.0
132219,0.0,0.0,0.0
132220,0.0,0.0,0.0
132221,0.0,0.0,0.0
132222,0.0,0.0,0.0
132223,0.0,0.0,0.0
132224,0.0,0.0,0.0
132225,0.0,0.0,0.0
132226,0.0,0.0,0.0
132227,0.0,0.0,0.0
132228,0.0,0.0,0.0
132229,0.0,0.0,0.0
132230,0.0,0.0,0.0
132231,0.0,0.0,0.0
132232,0.0,0.0,0.0
132233,0.0,0.0,0.0
132234,0.0,0.0,0.0
132235,0.0,0.0,0.0
132236,0.0,0.0,0.0
132237,0.0,0.0,0.0
132238,0.0,0.0,0.0
132239,0.0,0.0,0.0
132240,0.0,0.0,0.0
132241,0.0,0.0,0.0
132242,0.0,0.0,0.0
132243,0.0,0.0,0.0
132244,0.0,0.0,0.0
132245,0.0,0.0,0.0
132246,0.0,0.0,0.0
132247,0.0,0.0,0.0
132248,0.0,0.0,0.0
132249,0.0,0.0,0.0
132250,0.0,0.0,0.0
132251,0.0,0.0,0.0
132252,0.0,0.0,0.0
132253,0.0,0.0,0.0
132254,0.0,0.0,0.0
132255,0.0,0.0,0.0
132256,0.0,0.0,0.0
132257,0.0,0.0,0.0
132258,0.0,0.0,0.0
132259,0.0,0.0,0.0
132260,0.0,0.0,0.0
132261,0.0,0.0,0.0
132262,0.0,0.0,0.0
132263,0.0,0.0,0.0
132264,0.0,0.0,0.0
132265,0.0,0.0,0.0
132266,0.0,0.0,0.0
132267,0.0,0.0,0.0
132268,0.0,0.0,0.0
132269,0.0,0.0,0.0
132270,0.0,0.0,0.0
132271,0.0,0.0,0.0
132272,0.0,0.0,0.0
132273,0.0,0.0,0.0
132274,0.0,0.0,0.0
132275,0.0,0.0,0.0
132276,0.0,0.0,0.0
132277,0.0,0.0,0.0
132278,0.0,0.0,0.0
132279,0.0,0.0,0.0
132280,0.0,0.0,0.0
132281,0.0,0.0,0.0
132282,0.0,0.0,0.0
132283,0.0,0.0,0.0
132284,0.0,0.0,0.0
132285,0.0,0.0,0.0
132286,0.0,0.0,0.0
132287,0.0,0.0,0.0
132288,0.0,0.0,0.0
132289,0.0,0.0,0.0
132290,0.0,0.0,0.0
132291,0.0,0.0,0.0
132292,0.0,0.0,0.0
132293,0.0,0.0,0.0
132294,0.0,0.0,0.0
132295,0.0,0.0,0.0
132296,0.0,0.0,0.0
132297,0.0,0.0,0.0
132298,0.0,0.0,0.0
132299,0.0,0.0,0.0
132300,0.0,0.0,0.0
132301,0.0,0.0,0.0
132302,0.0,0.0,0.0
132303,0.0,0.0,0.0
132304,0.0,0.0,0.0
132305,0.0,0.0,0.0
132306,0.0,0.0,0.0
132307,0.0,0.0,0.0
132308,0.0,0.0,0.0
132309,0.0,0.0,0.0
132310,0.0,0.0,0.0
132311,0.0,0.0,0.0
132312,0.0,0.0,0.0
132313,0.0,0.0,0.0
132314,0.0,0.0,0.0
132315,0.0,0.0,0.0
132316,0.0,0.0,0.0
132317,0.0,0.0,0.0
132318,0.0,0.0,0.0
132319,0.0,0.0,0.0
132320,0.0,0.0,0.0
132321,0.0,0.0,0.0
132322,0.0,0.0,0.0
132323,0.0,0.0,0.0
132324,0.0,0.0,0.0
132325,0.0,0.0,0.0
132326,0.0,0.0,0.0
132327,0.0,0.0,0.0
132328,0.0,0.0,0.0
132329,0.0,0.0,0.0
132330,0.0,0.0,0.0
132331,0.0,0.0,0.0
132332,0.0,0.0,0.0
132333,0.0,0.0,0.0
132334,0.0,0.0,0.0
132335,0.0,0.0,0.0
132336,0.0,0.0,0.0
132337,0.0,0.0,0.0
132338,0.0,0.0,0.0
132339,0.0,0.0,0.0
132340,0.0,0.0,0.0
132341,0.0,0.0,0.0
132342,0.0,0.0,0.0
132343,0.0,0.0,0.0
132344,0.0,0.0,0.0
132345,0.0,0.0,0.0
132346,0.0,0.0,0.0
132347,0.0,0.0,0.0
132348,0.0,0.0,0.0
132349,0.0,0.0,0.0
132350,0.0,0.0,0.0
132351,0.0,0.0,0.0
132352,0.0,0.0,0.0
132353,0.0,0.0,0.0
132354,0.0,0.0,0.0
132355,0.0,0.0,0.0
132356,0.0,0.0,0.0
132357,0.0,0.0,0.0
132358,0.0,0.0,0.0
132359,0.0,0.0,0.0
132360,0.0,0.0,0.0
132361,0.0,0.0,0.0
132362,0.0,0.0,0.0
132363,0.0,0.0,0.0
132364,0.0,0.0,0.0
132365,0.0,0.0,0.0
132366,0.0,0.0,0.0
132367,0.0,0.0,0.0
132368,0.0,0.0,0.0
132369,0.0,0.0,0.0
132370,0.0,0.0,0.0
132371,0.0,0.0,0.0
132372,0.0,0.0,0.0
132373,0.0,0.0,0.0
132374,0.0,0.0,0.0
132375,0.0,0.0,0.0
132376,0.0,0.0,0.0
132377,0.0,0.0,0.0
132378,0.0,0.0,0.0
132379,0.0,0.0,0.0
132380,0.0,0.0,0.0
132381,0.0,0.0,0.0
132382,0.0,0.0,0.0
132383,0.0,0.0,0.0
132384,0.0,0.0,0.0
132385,0.0,0.0,0.0
132386,0.0,0.0,0.0
132387,0.0,0.0,0.0
132388,0.0,0.0,0.0
132389,0.0,0.0,0.0
132390,0.0,0.0,0.0
132391,0.0,0.0,0.0
132392,0.0,0.0,0.0
132393,0.0,0.0,0.0
132394,0.0,0.0,0.0
132395,0.0,0.0,0.0
132396,0.0,0.0,0.0
132397,0.0,0.0,0.0
132398,0.0,0.0,0.0
132399,0.0,0.0,0.0
132400,0.0,0.0,0.0
132401,0.0,0.0,0.0
132402,0.0,0.0,0.0
132403,0.0,0.0,0.0
132404,0.0,0.0,0.0
132405,0.0,0.0,0.0
132406,0.0,0.0,0.0
132407,0.0,0.0,0.0
132408,0.0,0.0,0.0
132409,0.0,0.0,0.0
132410,0.0,0.0,0.0
132411,0.0,0.0,0.0
132412,0.0,0.0,0.0
132413,0.0,0.0,0.0
132414,0.0,0.0,0.0
132415,0.0,0.0,0.0
132416,0.0,0.0,0.0
132417,0.0,0.0,0.0
132418,0.0,0.0,0.0
132419,0.0,0.0,0.0
132420,0.0,0.0,0.0
132421,0.0,0.0,0.0
132422,0.0,0.0,0.0
132423,0.0,0.0,0.0
132424,0.0,0.0,0.0
132425,0.0,0.0,0.0
132426,0.0,0.0,0.0
132427,0.0,0.0,0.0
132428,0.0,0.0,0.0
132429,0.0,0.0,0.0
132430,0.0,0.0,0.0
132431,0.0,0.0,0.0
132432,0.0,0.0,0.0
132433,0.0,0.0,0.0
132434,0.0,0.0,0.0
132435,0.0,0.0,0.0
132436,0.0,0.0,0.0
132437,0.0,0.0,0.0
132438,0.0,0.0,0.0
132439,0.0,0.0,0.0
132440,0.0,0.0,0.0
132441,0.0,0.0,0.0
132442,0.0,0.0,0.0
132443,0.0,0.0,0.0
132444,0.0,0.0,0.0
132445,0.0,0.0,0.0
132446,0.0,0.0,0.0
132447,0.0,0.0,0.0
132448,0.0,0.0,0.0
132449,0.0,0.0,0.0
132450,0.0,0.0,0.0
132451,0.0,0.0,0.0
132452,0.0,0.0,0.0
132453,0.0,0.0,0.0
132454,0.0,0.0,0.0
132455,0.0,0.0,0.0
132456,0.0,0.0,0.0
132457,0.0,0.0,0.0
132458,0.0,0.0,0.0
132459,0.0,0.0,0.0
132460,0.0,0.0,0.0
132461,0.0,0.0,0.0
132462,0.0,0.0,0.0
132463,0.0,0.0,0.0
132464,0.0,0.0,0.0
132465,0.0,0.0,0.0
132466,0.0,0.0,0.0
132467,0.0,0.0,0.0
132468,0.0,0.0,0.0
132469,0.0,0.0,0.0
132470,0.0,0.0,0.0
132471,0.0,0.0,0.0
132472,0.0,0.0,0.0
132473,0.0,0.0,0.0
132474,0.0,0.0,0.0
132475,0.0,0.0,0.0
132476,0.0,0.0,0.0
132477,0.0,0.0,0.0
132478,0.0,0.0,0.0
132479,0.0,0.0,0.0
132480,0.0,0.0,0.0
132481,0.0,0.0,0.0
132482,0.0,0.0,0.0
132483,0.0,0.0,0.0
132484,0.0,0.0,0.0
132485,0.0,0.0,0.0
132486,0.0,0.0,0.0
132487,0.0,0.0,0.0
132488,0.0,0.0,0.0
132489,0.0,0.0,0.0
132490,0.0,0.0,0.0
132491,0.0,0.0,0.0
132492,0.0,0.0,0.0
132493,0.0,0.0,0.0
132494,0.0,0.0,0.0
132495,0.0,0.0,0.0
132496,0.0,0.0,0.0
132497,0.0,0.0,0.0
132498,0.0,0.0,0.0
132499,0.0,0.0,0.0
132500,0.0,0.0,0.0
132501,0.0,0.0,0.0
132502,0.0,0.0,0.0
132503,0.0,0.0,0.0
132504,0.0,0.0,0.0
132505,0.0,0.0,0.0
132506,0.0,0.0,0.0
132507,0.0,0.0,0.0
132508,0.0,0.0,0.0
132509,0.0,0.0,0.0
132510,0.0,0.0,0.0
132511,0.0,0.0,0.0
132512,0.0,0.0,0.0
132513,0.0,0.0,0.0
132514,0.0,0.0,0.0
132515,0.0,0.0,0.0
132516,0.0,0.0,0.0
132517,0.0,0.0,0.0
132518,0.0,0.0,0.0
132519,0.0,0.0,0.0
132520,0.0,0.0,0.0
132521,0.0,0.0,0.0
132522,0.0,0.0,0.0
132523,0.0,0.0,0.0
132524,0.0,0.0,0.0
132525,0.0,0.0,0.0
132526,0.0,0.0,0.0
132527,0.0,0.0,0.0
132528,0.0,0.0,0.0
132529,0.0,0.0,0.0
132530,0.0,0.0,0.0
132531,0.0,0.0,0.0
132532,0.0,0.0,0.0
132533,0.0,0.0,0.0
132534,0.0,0.0,0.0
132535,0.0,0.0,0.0
132536,0.0,0.0,0.0
132537,0.0,0.0,0.0
132538,0.0,0.0,0.0
132539,0.0,0.0,0.0
132540,0.0,0.0,0.0
132541,0.0,0.0,0.0
132542,0.0,0.0,0.0
132543,0.0,0.0,0.0
132544,0.0,0.0,0.0
132545,0.0,0.0,0.0
132546,0.0,0.0,0.0
132547,0.0,0.0,0.0
132548,0.0,0.0,0.0
132549,0.0,0.0,0.0
132550,0.0,0.0,0.0
132551,0.0,0.0,0.0
132552,0.0,0.0,0.0
132553,0.0,0.0,0.0
132554,0.0,0.0,0.0
132555,0.0,0.0,0.0
132556,0.0,0.0,0.0
132557,0.0,0.0,0.0
132558,0.0,0.0,0.0
132559,0.0,0.0,0.0
132560,0.0,0.0,0.0
132561,0.0,0.0,0.0
132562,0.0,0.0,0.0
132563,0.0,0.0,0.0
132564,0.0,0.0,0.0
132565,0.0,0.0,0.0
132566,0.0,0.0,0.0
132567,0.0,0.0,0.0
132568,0.0,0.0,0.0
132569,0.0,0.0,0.0
132570,0.0,0.0,0.0
132571,0.0,0.0,0.0
132572,0.0,0.0,0.0
132573,0.0,0.0,0.0
132574,0.0,0.0,0.0
132575,0.0,0.0,0.0
132576,0.0,0.0,0.0
132577,0.0,0.0,0.0
132578,0.0,0.0,0.0
132579,0.0,0.0,0.0
132580,0.0,0.0,0.0
132581,0.0,0.0,0.0
132582,0.0,0.0,0.0
132583,0.0,0.0,0.0
132584,0.0,0.0,0.0
132585,0.0,0.0,0.0
132586,0.0,0.0,0.0
132587,0.0,0.0,0.0
132588,0.0,0.0,0.0
132589,0.0,0.0,0.0
132590,0.0,0.0,0.0
132591,0.0,0.0,0.0
132592,0.0,0.0,0.0
132593,0.0,0.0,0.0
132594,0.0,0.0,0.0
132595,0.0,0.0,0.0
132596,0.0,0.0,0.0
132597,0.0,0.0,0.0
132598,0.0,0.0,0.0
132599,0.0,0.0,0.0
132600,0.0,0.0,0.0
132601,0.0,0.0,0.0
132602,0.0,0.0,0.0
132603,0.0,0.0,0.0
132604,0.0,0.0,0.0
132605,0.0,0.0,0.0
132606,0.0,0.0,0.0
132607,0.0,0.0,0.0
132608,0.0,0.0,0.0
132609,0.0,0.0,0.0
132610,0.0,0.0,0.0
132611,0.0,0.0,0.0
132612,0.0,0.0,0.0
132613,0.0,0.0,0.0
132614,0.0,0.0,0.0
132615,0.0,0.0,0.0
132616,0.0,0.0,0.0
132617,0.0,0.0,0.0
132618,0.0,0.0,0.0
132619,0.0,0.0,0.0
132620,0.0,0.0,0.0
132621,0.0,0.0,0.0
132622,0.0,0.0,0.0
132623,0.0,0.0,0.0
132624,0.0,0.0,0.0
132625,0.0,0.0,0.0
132626,0.0,0.0,0.0
132627,0.0,0.0,0.0
132628,0.0,0.0,0.0
132629,0.0,0.0,0.0
132630,0.0,0.0,0.0
132631,0.0,0.0,0.0
132632,0.0,0.0,0.0
132633,0.0,0.0,0.0
132634,0.0,0.0,0.0
132635,0.0,0.0,0.0
132636,0.0,0.0,0.0
132637,0.0,0.0,0.0
132638,0.0,0.0,0.0
132639,0.0,0.0,0.0
132640,0.0,0.0,0.0
132641,0.0,0.0,0.0
132642,0.0,0.0,0.0
132643,0.0,0.0,0.0
132644,0.0,0.0,0.0
132645,0.0,0.0,0.0
132646,0.0,0.0,0.0
132647,0.0,0.0,0.0
132648,0.0,0.0,0.0
132649,0.0,0.0,0.0
132650,0.0,0.0,0.0
132651,0.0,0.0,0.0
132652,0.0,0.0,0.0
132653,0.0,0.0,0.0
132654,0.0,0.0,0.0
132655,0.0,0.0,0.0
132656,0.0,0.0,0.0
132657,0.0,0.0,0.0
132658,0.0,0.0,0.0
132659,0.0,0.0,0.0
132660,0.0,0.0,0.0
132661,0.0,0.0,0.0
132662,0.0,0.0,0.0
132663,0.0,0.0,0.0
132664,0.0,0.0,0.0
132665,0.0,0.0,0.0
132666,0.0,0.0,0.0
132667,0.0,0.0,0.0
132668,0.0,0.0,0.0
132669,0.0,0.0,0.0
132670,0.0,0.0,0.0
132671,0.0,0.0,0.0
132672,0.0,0.0,0.0
132673,0.0,0.0,0.0
132674,0.0,0.0,0.0
132675,0.0,0.0,0.0
132676,0.0,0.0,0.0
132677,0.0,0.0,0.0
132678,0.0,0.0,0.0
132679,0.0,0.0,0.0
132680,0.0,0.0,0.0
132681,0.0,0.0,0.0
132682,0.0,0.0,0.0
132683,0.0,0.0,0.0
132684,0.0,0.0,0.0
132685,0.0,0.0,0.0
132686,0.0,0.0,0.0
132687,0.0,0.0,0.0
132688,0.0,0.0,0.0
132689,0.0,0.0,0.0
132690,0.0,0.0,0.0
132691,0.0,0.0,0.0
132692,0.0,0.0,0.0
132693,0.0,0.0,0.0
132694,0.0,0.0,0.0
132695,0.0,0.0,0.0
132696,0.0,0.0,0.0
132697,0.0,0.0,0.0
132698,0.0,0.0,0.0
132699,0.0,0.0,0.0
132700,0.0,0.0,0.0
132701,0.0,0.0,0.0
132702,0.0,0.0,0.0
132703,0.0,0.0,0.0
132704,0.0,0.0,0.0
132705,0.0,0.0,0.0
132706,0.0,0.0,0.0
132707,0.0,0.0,0.0
132708,0.0,0.0,0.0
132709,0.0,0.0,0.0
132710,0.0,0.0,0.0
132711,0.0,0.0,0.0
132712,0.0,0.0,0.0
132713,0.0,0.0,0.0
132714,0.0,0.0,0.0
132715,0.0,0.0,0.0
132716,0.0,0.0,0.0
132717,0.0,0.0,0.0
132718,0.0,0.0,0.0
132719,0.0,0.0,0.0
132720,0.0,0.0,0.0
132721,0.0,0.0,0.0
132722,0.0,0.0,0.0
132723,0.0,0.0,0.0
132724,0.0,0.0,0.0
132725,0.0,0.0,0.0
132726,0.0,0.0,0.0
132727,0.0,0.0,0.0
132728,0.0,0.0,0.0
132729,0.0,0.0,0.0
132730,0.0,0.0,0.0
132731,0.0,0.0,0.0
132732,0.0,0.0,0.0
132733,0.0,0.0,0.0
132734,0.0,0.0,0.0
132735,0.0,0.0,0.0
132736,0.0,0.0,0.0
132737,0.0,0.0,0.0
132738,0.0,0.0,0.0
132739,0.0,0.0,0.0
132740,0.0,0.0,0.0
132741,0.0,0.0,0.0
132742,0.0,0.0,0.0
132743,0.0,0.0,0.0
132744,0.0,0.0,0.0
132745,0.0,0.0,0.0
132746,0.0,0.0,0.0
132747,0.0,0.0,0.0
132748,0.0,0.0,0.0
132749,0.0,0.0,0.0
132750,0.0,0.0,0.0
132751,0.0,0.0,0.0
132752,0.0,0.0,0.0
132753,0.0,0.0,0.0
132754,0.0,0.0,0.0
132755,0.0,0.0,0.0
132756,0.0,0.0,0.0
132757,0.0,0.0,0.0
132758,0.0,0.0,0.0
132759,0.0,0.0,0.0
132760,0.0,0.0,0.0
132761,0.0,0.0,0.0
132762,0.0,0.0,0.0
132763,0.0,0.0,0.0
132764,0.0,0.0,0.0
132765,0.0,0.0,0.0
132766,0.0,0.0,0.0
132767,0.0,0.0,0.0
132768,0.0,0.0,0.0
132769,0.0,0.0,0.0
132770,0.0,0.0,0.0
132771,0.0,0.0,0.0
132772,0.0,0.0,0.0
132773,0.0,0.0,0.0
132774,0.0,0.0,0.0
132775,0.0,0.0,0.0
132776,0.0,0.0,0.0
132777,0.0,0.0,0.0
132778,0.0,0.0,0.0
132779,0.0,0.0,0.0
132780,0.0,0.0,0.0
132781,0.0,0.0,0.0
132782,0.0,0.0,0.0
132783,0.0,0.0,0.0
132784,0.0,0.0,0.0
132785,0.0,0.0,0.0
132786,0.0,0.0,0.0
132787,0.0,0.0,0.0
132788,0.0,0.0,0.0
132789,0.0,0.0,0.0
132790,0.0,0.0,0.0
132791,0.0,0.0,0.0
132792,0.0,0.0,0.0
132793,0.0,0.0,0.0
132794,0.0,0.0,0.0
132795,0.0,0.0,0.0
132796,0.0,0.0,0.0
132797,0.0,0.0,0.0
132798,0.0,0.0,0.0
132799,0.0,0.0,0.0
132800,0.0,0.0,0.0
132801,0.0,0.0,0.0
132802,0.0,0.0,0.0
132803,0.0,0.0,0.0
132804,0.0,0.0,0.0
132805,0.0,0.0,0.0
132806,0.0,0.0,0.0
132807,0.0,0.0,0.0
132808,0.0,0.0,0.0
132809,0.0,0.0,0.0
132810,0.0,0.0,0.0
132811,0.0,0.0,0.0
132812,0.0,0.0,0.0
132813,0.0,0.0,0.0
132814,0.0,0.0,0.0
132815,0.0,0.0,0.0
132816,0.0,0.0,0.0
132817,0.0,0.0,0.0
132818,0.0,0.0,0.0
132819,0.0,0.0,0.0
132820,0.0,0.0,0.0
132821,0.0,0.0,0.0
132822,0.0,0.0,0.0
132823,0.0,0.0,0.0
132824,0.0,0.0,0.0
132825,0.0,0.0,0.0
132826,0.0,0.0,0.0
132827,0.0,0.0,0.0
132828,0.0,0.0,0.0
132829,0.0,0.0,0.0
132830,0.0,0.0,0.0
132831,0.0,0.0,0.0
132832,0.0,0.0,0.0
132833,0.0,0.0,0.0
132834,0.0,0.0,0.0
132835,0.0,0.0,0.0
132836,0.0,0.0,0.0
132837,0.0,0.0,0.0
132838,0.0,0.0,0.0
132839,0.0,0.0,0.0
132840,0.0,0.0,0.0
132841,0.0,0.0,0.0
132842,0.0,0.0,0.0
132843,0.0,0.0,0.0
132844,0.0,0.0,0.0
132845,0.0,0.0,0.0
132846,0.0,0.0,0.0
132847,0.0,0.0,0.0
132848,0.0,0.0,0.0
132849,0.0,0.0,0.0
132850,0.0,0.0,0.0
132851,0.0,0.0,0.0
132852,0.0,0.0,0.0
132853,0.0,0.0,0.0
132854,0.0,0.0,0.0
132855,0.0,0.0,0.0
132856,0.0,0.0,0.0
132857,0.0,0.0,0.0
132858,0.0,0.0,0.0
132859,0.0,0.0,0.0
132860,0.0,0.0,0.0
132861,0.0,0.0,0.0
132862,0.0,0.0,0.0
132863,0.0,0.0,0.0
132864,0.0,0.0,0.0
132865,0.0,0.0,0.0
132866,0.0,0.0,0.0
132867,0.0,0.0,0.0
132868,0.0,0.0,0.0
132869,0.0,0.0,0.0
132870,0.0,0.0,0.0
132871,0.0,0.0,0.0
132872,0.0,0.0,0.0
132873,0.0,0.0,0.0
132874,0.0,0.0,0.0
132875,0.0,0.0,0.0
132876,0.0,0.0,0.0
132877,0.0,0.0,0.0
132878,0.0,0.0,0.0
132879,0.0,0.0,0.0
132880,0.0,0.0,0.0
132881,0.0,0.0,0.0
132882,0.0,0.0,0.0
132883,0.0,0.0,0.0
132884,0.0,0.0,0.0
132885,0.0,0.0,0.0
132886,0.0,0.0,0.0
132887,0.0,0.0,0.0
132888,0.0,0.0,0.0
132889,0.0,0.0,0.0
132890,0.0,0.0,0.0
132891,0.0,0.0,0.0
132892,0.0,0.0,0.0
132893,0.0,0.0,0.0
132894,0.0,0.0,0.0
132895,0.0,0.0,0.0
132896,0.0,0.0,0.0
132897,0.0,0.0,0.0
132898,0.0,0.0,0.0
132899,0.0,0.0,0.0
132900,0.0,0.0,0.0
132901,0.0,0.0,0.0
132902,0.0,0.0,0.0
132903,0.0,0.0,0.0
132904,0.0,0.0,0.0
132905,0.0,0.0,0.0
132906,0.0,0.0,0.0
132907,0.0,0.0,0.0
132908,0.0,0.0,0.0
132909,0.0,0.0,0.0
132910,0.0,0.0,0.0
132911,0.0,0.0,0.0
132912,0.0,0.0,0.0
132913,0.0,0.0,0.0
132914,0.0,0.0,0.0
132915,0.0,0.0,0.0
132916,0.0,0.0,0.0
132917,0.0,0.0,0.0
132918,0.0,0.0,0.0
132919,0.0,0.0,0.0
132920,0.0,0.0,0.0
132921,0.0,0.0,0.0
132922,0.0,0.0,0.0
132923,0.0,0.0,0.0
132924,0.0,0.0,0.0
132925,0.0,0.0,0.0
132926,0.0,0.0,0.0
132927,0.0,0.0,0.0
132928,0.0,0.0,0.0
132929,0.0,0.0,0.0
132930,0.0,0.0,0.0
132931,0.0,0.0,0.0
132932,0.0,0.0,0.0
132933,0.0,0.0,0.0
132934,0.0,0.0,0.0
132935,0.0,0.0,0.0
132936,0.0,0.0,0.0
132937,0.0,0.0,0.0
132938,0.0,0.0,0.0
132939,0.0,0.0,0.0
132940,0.0,0.0,0.0
132941,0.0,0.0,0.0
132942,0.0,0.0,0.0
132943,0.0,0.0,0.0
132944,0.0,0.0,0.0
132945,0.0,0.0,0.0
132946,0.0,0.0,0.0
132947,0.0,0.0,0.0
132948,0.0,0.0,0.0
132949,0.0,0.0,0.0
132950,0.0,0.0,0.0
132951,0.0,0.0,0.0
132952,0.0,0.0,0.0
132953,0.0,0.0,0.0
132954,0.0,0.0,0.0
132955,0.0,0.0,0.0
132956,0.0,0.0,0.0
132957,0.0,0.0,0.0
132958,0.0,0.0,0.0
132959,0.0,0.0,0.0
132960,0.0,0.0,0.0
132961,0.0,0.0,0.0
132962,0.0,0.0,0.0
132963,0.0,0.0,0.0
132964,0.0,0.0,0.0
132965,0.0,0.0,0.0
132966,0.0,0.0,0.0
132967,0.0,0.0,0.0
132968,0.0,0.0,0.0
132969,0.0,0.0,0.0
132970,0.0,0.0,0.0
132971,0.0,0.0,0.0
132972,0.0,0.0,0.0
132973,0.0,0.0,0.0
132974,0.0,0.0,0.0
132975,0.0,0.0,0.0
132976,0.0,0.0,0.0
132977,0.0,0.0,0.0
132978,0.0,0.0,0.0
132979,0.0,0.0,0.0
132980,0.0,0.0,0.0
132981,0.0,0.0,0.0
132982,0.0,0.0,0.0
132983,0.0,0.0,0.0
132984,0.0,0.0,0.0
132985,0.0,0.0,0.0
132986,0.0,0.0,0.0
132987,0.0,0.0,0.0
132988,0.0,0.0,0.0
132989,0.0,0.0,0.0
132990,0.0,0.0,0.0
132991,0.0,0.0,0.0
132992,0.0,0.0,0.0
132993,0.0,0.0,0.0
132994,0.0,0.0,0.0
132995,0.0,0.0,0.0
132996,0.0,0.0,0.0
132997,0.0,0.0,0.0
132998,0.0,0.0,0.0
132999,0.0,0.0,0.0
133000,0.0,0.0,0.0
133001,0.0,0.0,0.0
133002,0.0,0.0,0.0
133003,0.0,0.0,0.0
133004,0.0,0.0,0.0
133005,0.0,0.0,0.0
133006,0.0,0.0,0.0
133007,0.0,0.0,0.0
133008,0.0,0.0,0.0
133009,0.0,0.0,0.0
133010,0.0,0.0,0.0
133011,0.0,0.0,0.0
133012,0.0,0.0,0.0
133013,0.0,0.0,0.0
133014,0.0,0.0,0.0
133015,0.0,0.0,0.0
133016,0.0,0.0,0.0
133017,0.0,0.0,0.0
133018,0.0,0.0,0.0
133019,0.0,0.0,0.0
133020,0.0,0.0,0.0
133021,0.0,0.0,0.0
133022,0.0,0.0,0.0
133023,0.0,0.0,0.0
133024,0.0,0.0,0.0
133025,0.0,0.0,0.0
133026,0.0,0.0,0.0
133027,0.0,0.0,0.0
133028,0.0,0.0,0.0
133029,0.0,0.0,0.0
133030,0.0,0.0,0.0
133031,0.0,0.0,0.0
133032,0.0,0.0,0.0
133033,0.0,0.0,0.0
133034,0.0,0.0,0.0
133035,0.0,0.0,0.0
133036,0.0,0.0,0.0
133037,0.0,0.0,0.0
133038,0.0,0.0,0.0
133039,0.0,0.0,0.0
133040,0.0,0.0,0.0
133041,0.0,0.0,0.0
133042,0.0,0.0,0.0
133043,0.0,0.0,0.0
133044,0.0,0.0,0.0
133045,0.0,0.0,0.0
133046,0.0,0.0,0.0
133047,0.0,0.0,0.0
133048,0.0,0.0,0.0
133049,0.0,0.0,0.0
133050,0.0,0.0,0.0
133051,0.0,0.0,0.0
133052,0.0,0.0,0.0
133053,0.0,0.0,0.0
133054,0.0,0.0,0.0
133055,0.0,0.0,0.0
133056,0.0,0.0,0.0
133057,0.0,0.0,0.0
133058,0.0,0.0,0.0
133059,0.0,0.0,0.0
133060,0.0,0.0,0.0
133061,0.0,0.0,0.0
133062,0.0,0.0,0.0
133063,0.0,0.0,0.0
133064,0.0,0.0,0.0
133065,0.0,0.0,0.0
133066,0.0,0.0,0.0
133067,0.0,0.0,0.0
133068,0.0,0.0,0.0
133069,0.0,0.0,0.0
133070,0.0,0.0,0.0
133071,0.0,0.0,0.0
133072,0.0,0.0,0.0
133073,0.0,0.0,0.0
133074,0.0,0.0,0.0
133075,0.0,0.0,0.0
133076,0.0,0.0,0.0
133077,0.0,0.0,0.0
133078,0.0,0.0,0.0
133079,0.0,0.0,0.0
133080,0.0,0.0,0.0
133081,0.0,0.0,0.0
133082,0.0,0.0,0.0
133083,0.0,0.0,0.0
133084,0.0,0.0,0.0
133085,0.0,0.0,0.0
133086,0.0,0.0,0.0
133087,0.0,0.0,0.0
133088,0.0,0.0,0.0
133089,0.0,0.0,0.0
133090,0.0,0.0,0.0
133091,0.0,0.0,0.0
133092,0.0,0.0,0.0
133093,0.0,0.0,0.0
133094,0.0,0.0,0.0
133095,0.0,0.0,0.0
133096,0.0,0.0,0.0
133097,0.0,0.0,0.0
133098,0.0,0.0,0.0
133099,0.0,0.0,0.0
133100,0.0,0.0,0.0
133101,0.0,0.0,0.0
133102,0.0,0.0,0.0
133103,0.0,0.0,0.0
133104,0.0,0.0,0.0
133105,0.0,0.0,0.0
133106,0.0,0.0,0.0
133107,0.0,0.0,0.0
133108,0.0,0.0,0.0
133109,0.0,0.0,0.0
133110,0.0,0.0,0.0
133111,0.0,0.0,0.0
133112,0.0,0.0,0.0
133113,0.0,0.0,0.0
133114,0.0,0.0,0.0
133115,0.0,0.0,0.0
133116,0.0,0.0,0.0
133117,0.0,0.0,0.0
133118,0.0,0.0,0.0
133119,0.0,0.0,0.0
133120,0.0,0.0,0.0
133121,0.0,0.0,0.0
133122,0.0,0.0,0.0
133123,0.0,0.0,0.0
133124,0.0,0.0,0.0
133125,0.0,0.0,0.0
133126,0.0,0.0,0.0
133127,0.0,0.0,0.0
133128,0.0,0.0,0.0
133129,0.0,0.0,0.0
133130,0.0,0.0,0.0
133131,0.0,0.0,0.0
133132,0.0,0.0,0.0
133133,0.0,0.0,0.0
133134,0.0,0.0,0.0
133135,0.0,0.0,0.0
133136,0.0,0.0,0.0
133137,0.0,0.0,0.0
133138,0.0,0.0,0.0
133139,0.0,0.0,0.0
133140,0.0,0.0,0.0
133141,0.0,0.0,0.0
133142,0.0,0.0,0.0
133143,0.0,0.0,0.0
133144,0.0,0.0,0.0
133145,0.0,0.0,0.0
133146,0.0,0.0,0.0
133147,0.0,0.0,0.0
133148,0.0,0.0,0.0
133149,0.0,0.0,0.0
133150,0.0,0.0,0.0
133151,0.0,0.0,0.0
133152,0.0,0.0,0.0
133153,0.0,0.0,0.0
133154,0.0,0.0,0.0
133155,0.0,0.0,0.0
133156,0.0,0.0,0.0
133157,0.0,0.0,0.0
133158,0.0,0.0,0.0
133159,0.0,0.0,0.0
133160,0.0,0.0,0.0
133161,0.0,0.0,0.0
133162,0.0,0.0,0.0
133163,0.0,0.0,0.0
133164,0.0,0.0,0.0
133165,0.0,0.0,0.0
133166,0.0,0.0,0.0
133167,0.0,0.0,0.0
133168,0.0,0.0,0.0
133169,0.0,0.0,0.0
133170,0.0,0.0,0.0
133171,0.0,0.0,0.0
133172,0.0,0.0,0.0
133173,0.0,0.0,0.0
133174,0.0,0.0,0.0
133175,0.0,0.0,0.0
133176,0.0,0.0,0.0
133177,0.0,0.0,0.0
133178,0.0,0.0,0.0
133179,0.0,0.0,0.0
133180,0.0,0.0,0.0
133181,0.0,0.0,0.0
133182,0.0,0.0,0.0
133183,0.0,0.0,0.0
133184,0.0,0.0,0.0
133185,0.0,0.0,0.0
133186,0.0,0.0,0.0
133187,0.0,0.0,0.0
133188,0.0,0.0,0.0
133189,0.0,0.0,0.0
133190,0.0,0.0,0.0
133191,0.0,0.0,0.0
133192,0.0,0.0,0.0
133193,0.0,0.0,0.0
133194,0.0,0.0,0.0
133195,0.0,0.0,0.0
133196,0.0,0.0,0.0
133197,0.0,0.0,0.0
133198,0.0,0.0,0.0
133199,0.0,0.0,0.0
133200,0.0,0.0,0.0
133201,0.0,0.0,0.0
133202,0.0,0.0,0.0
133203,0.0,0.0,0.0
133204,0.0,0.0,0.0
133205,0.0,0.0,0.0
133206,0.0,0.0,0.0
133207,0.0,0.0,0.0
133208,0.0,0.0,0.0
133209,0.0,0.0,0.0
133210,0.0,0.0,0.0
133211,0.0,0.0,0.0
133212,0.0,0.0,0.0
133213,0.0,0.0,0.0
133214,0.0,0.0,0.0
133215,0.0,0.0,0.0
133216,0.0,0.0,0.0
133217,0.0,0.0,0.0
133218,0.0,0.0,0.0
133219,0.0,0.0,0.0
133220,0.0,0.0,0.0
133221,0.0,0.0,0.0
133222,0.0,0.0,0.0
133223,0.0,0.0,0.0
133224,0.0,0.0,0.0
133225,0.0,0.0,0.0
133226,0.0,0.0,0.0
133227,0.0,0.0,0.0
133228,0.0,0.0,0.0
133229,0.0,0.0,0.0
133230,0.0,0.0,0.0
133231,0.0,0.0,0.0
133232,0.0,0.0,0.0
133233,0.0,0.0,0.0
133234,0.0,0.0,0.0
133235,0.0,0.0,0.0
133236,0.0,0.0,0.0
133237,0.0,0.0,0.0
133238,0.0,0.0,0.0
133239,0.0,0.0,0.0
133240,0.0,0.0,0.0
133241,0.0,0.0,0.0
133242,0.0,0.0,0.0
133243,0.0,0.0,0.0
133244,0.0,0.0,0.0
133245,0.0,0.0,0.0
133246,0.0,0.0,0.0
133247,0.0,0.0,0.0
133248,0.0,0.0,0.0
133249,0.0,0.0,0.0
133250,0.0,0.0,0.0
133251,0.0,0.0,0.0
133252,0.0,0.0,0.0
133253,0.0,0.0,0.0
133254,0.0,0.0,0.0
133255,0.0,0.0,0.0
133256,0.0,0.0,0.0
133257,0.0,0.0,0.0
133258,0.0,0.0,0.0
133259,0.0,0.0,0.0
133260,0.0,0.0,0.0
133261,0.0,0.0,0.0
133262,0.0,0.0,0.0
133263,0.0,0.0,0.0
133264,0.0,0.0,0.0
133265,0.0,0.0,0.0
133266,0.0,0.0,0.0
133267,0.0,0.0,0.0
133268,0.0,0.0,0.0
133269,0.0,0.0,0.0
133270,0.0,0.0,0.0
133271,0.0,0.0,0.0
133272,0.0,0.0,0.0
133273,0.0,0.0,0.0
133274,0.0,0.0,0.0
133275,0.0,0.0,0.0
133276,0.0,0.0,0.0
133277,0.0,0.0,0.0
133278,0.0,0.0,0.0
133279,0.0,0.0,0.0
133280,0.0,0.0,0.0
133281,0.0,0.0,0.0
133282,0.0,0.0,0.0
133283,0.0,0.0,0.0
133284,0.0,0.0,0.0
133285,0.0,0.0,0.0
133286,0.0,0.0,0.0
133287,0.0,0.0,0.0
133288,0.0,0.0,0.0
133289,0.0,0.0,0.0
133290,0.0,0.0,0.0
133291,0.0,0.0,0.0
133292,0.0,0.0,0.0
133293,0.0,0.0,0.0
133294,0.0,0.0,0.0
133295,0.0,0.0,0.0
133296,0.0,0.0,0.0
133297,0.0,0.0,0.0
133298,0.0,0.0,0.0
133299,0.0,0.0,0.0
133300,0.0,0.0,0.0
133301,0.0,0.0,0.0
133302,0.0,0.0,0.0
133303,0.0,0.0,0.0
133304,0.0,0.0,0.0
133305,0.0,0.0,0.0
133306,0.0,0.0,0.0
133307,0.0,0.0,0.0
133308,0.0,0.0,0.0
133309,0.0,0.0,0.0
133310,0.0,0.0,0.0
133311,0.0,0.0,0.0
133312,0.0,0.0,0.0
133313,0.0,0.0,0.0
133314,0.0,0.0,0.0
133315,0.0,0.0,0.0
133316,0.0,0.0,0.0
133317,0.0,0.0,0.0
133318,0.0,0.0,0.0
133319,0.0,0.0,0.0
133320,0.0,0.0,0.0
133321,0.0,0.0,0.0
133322,0.0,0.0,0.0
133323,0.0,0.0,0.0
133324,0.0,0.0,0.0
133325,0.0,0.0,0.0
133326,0.0,0.0,0.0
133327,0.0,0.0,0.0
133328,0.0,0.0,0.0
133329,0.0,0.0,0.0
133330,0.0,0.0,0.0
133331,0.0,0.0,0.0
133332,0.0,0.0,0.0
133333,0.0,0.0,0.0
133334,0.0,0.0,0.0
133335,0.0,0.0,0.0
133336,0.0,0.0,0.0
133337,0.0,0.0,0.0
133338,0.0,0.0,0.0
133339,0.0,0.0,0.0
133340,0.0,0.0,0.0
133341,0.0,0.0,0.0
133342,0.0,0.0,0.0
133343,0.0,0.0,0.0
133344,0.0,0.0,0.0
133345,0.0,0.0,0.0
133346,0.0,0.0,0.0
133347,0.0,0.0,0.0
133348,0.0,0.0,0.0
133349,0.0,0.0,0.0
133350,0.0,0.0,0.0
133351,0.0,0.0,0.0
133352,0.0,0.0,0.0
133353,0.0,0.0,0.0
133354,0.0,0.0,0.0
133355,0.0,0.0,0.0
133356,0.0,0.0,0.0
133357,0.0,0.0,0.0
133358,0.0,0.0,0.0
133359,0.0,0.0,0.0
133360,0.0,0.0,0.0
133361,0.0,0.0,0.0
133362,0.0,0.0,0.0
133363,0.0,0.0,0.0
133364,0.0,0.0,0.0
133365,0.0,0.0,0.0
133366,0.0,0.0,0.0
133367,0.0,0.0,0.0
133368,0.0,0.0,0.0
133369,0.0,0.0,0.0
133370,0.0,0.0,0.0
133371,0.0,0.0,0.0
133372,0.0,0.0,0.0
133373,0.0,0.0,0.0
133374,0.0,0.0,0.0
133375,0.0,0.0,0.0
133376,0.0,0.0,0.0
133377,0.0,0.0,0.0
133378,0.0,0.0,0.0
133379,0.0,0.0,0.0
133380,0.0,0.0,0.0
133381,0.0,0.0,0.0
133382,0.0,0.0,0.0
133383,0.0,0.0,0.0
133384,0.0,0.0,0.0
133385,0.0,0.0,0.0
133386,0.0,0.0,0.0
133387,0.0,0.0,0.0
133388,0.0,0.0,0.0
133389,0.0,0.0,0.0
133390,0.0,0.0,0.0
133391,0.0,0.0,0.0
133392,0.0,0.0,0.0
133393,0.0,0.0,0.0
133394,0.0,0.0,0.0
133395,0.0,0.0,0.0
133396,0.0,0.0,0.0
133397,0.0,0.0,0.0
133398,0.0,0.0,0.0
133399,0.0,0.0,0.0
133400,0.0,0.0,0.0
133401,0.0,0.0,0.0
133402,0.0,0.0,0.0
133403,0.0,0.0,0.0
133404,0.0,0.0,0.0
133405,0.0,0.0,0.0
133406,0.0,0.0,0.0
133407,0.0,0.0,0.0
133408,0.0,0.0,0.0
133409,0.0,0.0,0.0
133410,0.0,0.0,0.0
133411,0.0,0.0,0.0
133412,0.0,0.0,0.0
133413,0.0,0.0,0.0
133414,0.0,0.0,0.0
133415,0.0,0.0,0.0
133416,0.0,0.0,0.0
133417,0.0,0.0,0.0
133418,0.0,0.0,0.0
133419,0.0,0.0,0.0
133420,0.0,0.0,0.0
133421,0.0,0.0,0.0
133422,0.0,0.0,0.0
133423,0.0,0.0,0.0
133424,0.0,0.0,0.0
133425,0.0,0.0,0.0
133426,0.0,0.0,0.0
133427,0.0,0.0,0.0
133428,0.0,0.0,0.0
133429,0.0,0.0,0.0
133430,0.0,0.0,0.0
133431,0.0,0.0,0.0
133432,0.0,0.0,0.0
133433,0.0,0.0,0.0
133434,0.0,0.0,0.0
133435,0.0,0.0,0.0
133436,0.0,0.0,0.0
133437,0.0,0.0,0.0
133438,0.0,0.0,0.0
133439,0.0,0.0,0.0
133440,0.0,0.0,0.0
133441,0.0,0.0,0.0
133442,0.0,0.0,0.0
133443,0.0,0.0,0.0
133444,0.0,0.0,0.0
133445,0.0,0.0,0.0
133446,0.0,0.0,0.0
133447,0.0,0.0,0.0
133448,0.0,0.0,0.0
133449,0.0,0.0,0.0
133450,0.0,0.0,0.0
133451,0.0,0.0,0.0
133452,0.0,0.0,0.0
133453,0.0,0.0,0.0
133454,0.0,0.0,0.0
133455,0.0,0.0,0.0
133456,0.0,0.0,0.0
133457,0.0,0.0,0.0
133458,0.0,0.0,0.0
133459,0.0,0.0,0.0
133460,0.0,0.0,0.0
133461,0.0,0.0,0.0
133462,0.0,0.0,0.0
133463,0.0,0.0,0.0
133464,0.0,0.0,0.0
133465,0.0,0.0,0.0
133466,0.0,0.0,0.0
133467,0.0,0.0,0.0
133468,0.0,0.0,0.0
133469,0.0,0.0,0.0
133470,0.0,0.0,0.0
133471,0.0,0.0,0.0
133472,0.0,0.0,0.0
133473,0.0,0.0,0.0
133474,0.0,0.0,0.0
133475,0.0,0.0,0.0
133476,0.0,0.0,0.0
133477,0.0,0.0,0.0
133478,0.0,0.0,0.0
133479,0.0,0.0,0.0
133480,0.0,0.0,0.0
133481,0.0,0.0,0.0
133482,0.0,0.0,0.0
133483,0.0,0.0,0.0
133484,0.0,0.0,0.0
133485,0.0,0.0,0.0
133486,0.0,0.0,0.0
133487,0.0,0.0,0.0
133488,0.0,0.0,0.0
133489,0.0,0.0,0.0
133490,0.0,0.0,0.0
133491,0.0,0.0,0.0
133492,0.0,0.0,0.0
133493,0.0,0.0,0.0
133494,0.0,0.0,0.0
133495,0.0,0.0,0.0
133496,0.0,0.0,0.0
133497,0.0,0.0,0.0
133498,0.0,0.0,0.0
133499,0.0,0.0,0.0
133500,0.0,0.0,0.0
133501,0.0,0.0,0.0
133502,0.0,0.0,0.0
133503,0.0,0.0,0.0
133504,0.0,0.0,0.0
133505,0.0,0.0,0.0
133506,0.0,0.0,0.0
133507,0.0,0.0,0.0
133508,0.0,0.0,0.0
133509,0.0,0.0,0.0
133510,0.0,0.0,0.0
133511,0.0,0.0,0.0
133512,0.0,0.0,0.0
133513,0.0,0.0,0.0
133514,0.0,0.0,0.0
133515,0.0,0.0,0.0
133516,0.0,0.0,0.0
133517,0.0,0.0,0.0
133518,0.0,0.0,0.0
133519,0.0,0.0,0.0
133520,0.0,0.0,0.0
133521,0.0,0.0,0.0
133522,0.0,0.0,0.0
133523,0.0,0.0,0.0
133524,0.0,0.0,0.0
133525,0.0,0.0,0.0
133526,0.0,0.0,0.0
133527,0.0,0.0,0.0
133528,0.0,0.0,0.0
133529,0.0,0.0,0.0
133530,0.0,0.0,0.0
133531,0.0,0.0,0.0
133532,0.0,0.0,0.0
133533,0.0,0.0,0.0
133534,0.0,0.0,0.0
133535,0.0,0.0,0.0
133536,0.0,0.0,0.0
133537,0.0,0.0,0.0
133538,0.0,0.0,0.0
133539,0.0,0.0,0.0
133540,0.0,0.0,0.0
133541,0.0,0.0,0.0
133542,0.0,0.0,0.0
133543,0.0,0.0,0.0
133544,0.0,0.0,0.0
133545,0.0,0.0,0.0
133546,0.0,0.0,0.0
133547,0.0,0.0,0.0
133548,0.0,0.0,0.0
133549,0.0,0.0,0.0
133550,0.0,0.0,0.0
133551,0.0,0.0,0.0
133552,0.0,0.0,0.0
133553,0.0,0.0,0.0
133554,0.0,0.0,0.0
133555,0.0,0.0,0.0
133556,0.0,0.0,0.0
133557,0.0,0.0,0.0
133558,0.0,0.0,0.0
133559,0.0,0.0,0.0
133560,0.0,0.0,0.0
133561,0.0,0.0,0.0
133562,0.0,0.0,0.0
133563,0.0,0.0,0.0
133564,0.0,0.0,0.0
133565,0.0,0.0,0.0
133566,0.0,0.0,0.0
133567,0.0,0.0,0.0
133568,0.0,0.0,0.0
133569,0.0,0.0,0.0
133570,0.0,0.0,0.0
133571,0.0,0.0,0.0
133572,0.0,0.0,0.0
133573,0.0,0.0,0.0
133574,0.0,0.0,0.0
133575,0.0,0.0,0.0
133576,0.0,0.0,0.0
133577,0.0,0.0,0.0
133578,0.0,0.0,0.0
133579,0.0,0.0,0.0
133580,0.0,0.0,0.0
133581,0.0,0.0,0.0
133582,0.0,0.0,0.0
133583,0.0,0.0,0.0
133584,0.0,0.0,0.0
133585,0.0,0.0,0.0
133586,0.0,0.0,0.0
133587,0.0,0.0,0.0
133588,0.0,0.0,0.0
133589,0.0,0.0,0.0
133590,0.0,0.0,0.0
133591,0.0,0.0,0.0
133592,0.0,0.0,0.0
133593,0.0,0.0,0.0
133594,0.0,0.0,0.0
133595,0.0,0.0,0.0
133596,0.0,0.0,0.0
133597,0.0,0.0,0.0
133598,0.0,0.0,0.0
133599,0.0,0.0,0.0
133600,0.0,0.0,0.0
133601,0.0,0.0,0.0
133602,0.0,0.0,0.0
133603,0.0,0.0,0.0
133604,0.0,0.0,0.0
133605,0.0,0.0,0.0
133606,0.0,0.0,0.0
133607,0.0,0.0,0.0
133608,0.0,0.0,0.0
133609,0.0,0.0,0.0
133610,0.0,0.0,0.0
133611,0.0,0.0,0.0
133612,0.0,0.0,0.0
133613,0.0,0.0,0.0
133614,0.0,0.0,0.0
133615,0.0,0.0,0.0
133616,0.0,0.0,0.0
133617,0.0,0.0,0.0
133618,0.0,0.0,0.0
133619,0.0,0.0,0.0
133620,0.0,0.0,0.0
133621,0.0,0.0,0.0
133622,0.0,0.0,0.0
133623,0.0,0.0,0.0
133624,0.0,0.0,0.0
133625,0.0,0.0,0.0
133626,0.0,0.0,0.0
133627,0.0,0.0,0.0
133628,0.0,0.0,0.0
133629,0.0,0.0,0.0
133630,0.0,0.0,0.0
133631,0.0,0.0,0.0
133632,0.0,0.0,0.0
133633,0.0,0.0,0.0
133634,0.0,0.0,0.0
133635,0.0,0.0,0.0
133636,0.0,0.0,0.0
133637,0.0,0.0,0.0
133638,0.0,0.0,0.0
133639,0.0,0.0,0.0
133640,0.0,0.0,0.0
133641,0.0,0.0,0.0
133642,0.0,0.0,0.0
133643,0.0,0.0,0.0
133644,0.0,0.0,0.0
133645,0.0,0.0,0.0
133646,0.0,0.0,0.0
133647,0.0,0.0,0.0
133648,0.0,0.0,0.0
133649,0.0,0.0,0.0
133650,0.0,0.0,0.0
133651,0.0,0.0,0.0
133652,0.0,0.0,0.0
133653,0.0,0.0,0.0
133654,0.0,0.0,0.0
133655,0.0,0.0,0.0
133656,0.0,0.0,0.0
133657,0.0,0.0,0.0
133658,0.0,0.0,0.0
133659,0.0,0.0,0.0
133660,0.0,0.0,0.0
133661,0.0,0.0,0.0
133662,0.0,0.0,0.0
133663,0.0,0.0,0.0
133664,0.0,0.0,0.0
133665,0.0,0.0,0.0
133666,0.0,0.0,0.0
133667,0.0,0.0,0.0
133668,0.0,0.0,0.0
133669,0.0,0.0,0.0
133670,0.0,0.0,0.0
133671,0.0,0.0,0.0
133672,0.0,0.0,0.0
133673,0.0,0.0,0.0
133674,0.0,0.0,0.0
133675,0.0,0.0,0.0
133676,0.0,0.0,0.0
133677,0.0,0.0,0.0
133678,0.0,0.0,0.0
133679,0.0,0.0,0.0
133680,0.0,0.0,0.0
133681,0.0,0.0,0.0
133682,0.0,0.0,0.0
133683,0.0,0.0,0.0
133684,0.0,0.0,0.0
133685,0.0,0.0,0.0
133686,0.0,0.0,0.0
133687,0.0,0.0,0.0
133688,0.0,0.0,0.0
133689,0.0,0.0,0.0
133690,0.0,0.0,0.0
133691,0.0,0.0,0.0
133692,0.0,0.0,0.0
133693,0.0,0.0,0.0
133694,0.0,0.0,0.0
133695,0.0,0.0,0.0
133696,0.0,0.0,0.0
133697,0.0,0.0,0.0
133698,0.0,0.0,0.0
133699,0.0,0.0,0.0
133700,0.0,0.0,0.0
133701,0.0,0.0,0.0
133702,0.0,0.0,0.0
133703,0.0,0.0,0.0
133704,0.0,0.0,0.0
133705,0.0,0.0,0.0
133706,0.0,0.0,0.0
133707,0.0,0.0,0.0
133708,0.0,0.0,0.0
133709,0.0,0.0,0.0
133710,0.0,0.0,0.0
133711,0.0,0.0,0.0
133712,0.0,0.0,0.0
133713,0.0,0.0,0.0
133714,0.0,0.0,0.0
133715,0.0,0.0,0.0
133716,0.0,0.0,0.0
133717,0.0,0.0,0.0
133718,0.0,0.0,0.0
133719,0.0,0.0,0.0
133720,0.0,0.0,0.0
133721,0.0,0.0,0.0
133722,0.0,0.0,0.0
133723,0.0,0.0,0.0
133724,0.0,0.0,0.0
133725,0.0,0.0,0.0
133726,0.0,0.0,0.0
133727,0.0,0.0,0.0
133728,0.0,0.0,0.0
133729,0.0,0.0,0.0
133730,0.0,0.0,0.0
133731,0.0,0.0,0.0
133732,0.0,0.0,0.0
133733,0.0,0.0,0.0
133734,0.0,0.0,0.0
133735,0.0,0.0,0.0
133736,0.0,0.0,0.0
133737,0.0,0.0,0.0
133738,0.0,0.0,0.0
133739,0.0,0.0,0.0
133740,0.0,0.0,0.0
133741,0.0,0.0,0.0
133742,0.0,0.0,0.0
133743,0.0,0.0,0.0
133744,0.0,0.0,0.0
133745,0.0,0.0,0.0
133746,0.0,0.0,0.0
133747,0.0,0.0,0.0
133748,0.0,0.0,0.0
133749,0.0,0.0,0.0
133750,0.0,0.0,0.0
133751,0.0,0.0,0.0
133752,0.0,0.0,0.0
133753,0.0,0.0,0.0
133754,0.0,0.0,0.0
133755,0.0,0.0,0.0
133756,0.0,0.0,0.0
133757,0.0,0.0,0.0
133758,0.0,0.0,0.0
133759,0.0,0.0,0.0
133760,0.0,0.0,0.0
133761,0.0,0.0,0.0
133762,0.0,0.0,0.0
133763,0.0,0.0,0.0
133764,0.0,0.0,0.0
133765,0.0,0.0,0.0
133766,0.0,0.0,0.0
133767,0.0,0.0,0.0
133768,0.0,0.0,0.0
133769,0.0,0.0,0.0
133770,0.0,0.0,0.0
133771,0.0,0.0,0.0
133772,0.0,0.0,0.0
133773,0.0,0.0,0.0
133774,0.0,0.0,0.0
133775,0.0,0.0,0.0
133776,0.0,0.0,0.0
133777,0.0,0.0,0.0
133778,0.0,0.0,0.0
133779,0.0,0.0,0.0
133780,0.0,0.0,0.0
133781,0.0,0.0,0.0
133782,0.0,0.0,0.0
133783,0.0,0.0,0.0
133784,0.0,0.0,0.0
133785,0.0,0.0,0.0
133786,0.0,0.0,0.0
133787,0.0,0.0,0.0
133788,0.0,0.0,0.0
133789,0.0,0.0,0.0
133790,0.0,0.0,0.0
133791,0.0,0.0,0.0
133792,0.0,0.0,0.0
133793,0.0,0.0,0.0
133794,0.0,0.0,0.0
133795,0.0,0.0,0.0
133796,0.0,0.0,0.0
133797,0.0,0.0,0.0
133798,0.0,0.0,0.0
133799,0.0,0.0,0.0
133800,0.0,0.0,0.0
133801,0.0,0.0,0.0
133802,0.0,0.0,0.0
133803,0.0,0.0,0.0
133804,0.0,0.0,0.0
133805,0.0,0.0,0.0
133806,0.0,0.0,0.0
133807,0.0,0.0,0.0
133808,0.0,0.0,0.0
133809,0.0,0.0,0.0
133810,0.0,0.0,0.0
133811,0.0,0.0,0.0
133812,0.0,0.0,0.0
133813,0.0,0.0,0.0
133814,0.0,0.0,0.0
133815,0.0,0.0,0.0
133816,0.0,0.0,0.0
133817,0.0,0.0,0.0
133818,0.0,0.0,0.0
133819,0.0,0.0,0.0
133820,0.0,0.0,0.0
133821,0.0,0.0,0.0
133822,0.0,0.0,0.0
133823,0.0,0.0,0.0
133824,0.0,0.0,0.0
133825,0.0,0.0,0.0
133826,0.0,0.0,0.0
133827,0.0,0.0,0.0
133828,0.0,0.0,0.0
133829,0.0,0.0,0.0
133830,0.0,0.0,0.0
133831,0.0,0.0,0.0
133832,0.0,0.0,0.0
133833,0.0,0.0,0.0
133834,0.0,0.0,0.0
133835,0.0,0.0,0.0
133836,0.0,0.0,0.0
133837,0.0,0.0,0.0
133838,0.0,0.0,0.0
133839,0.0,0.0,0.0
133840,0.0,0.0,0.0
133841,0.0,0.0,0.0
133842,0.0,0.0,0.0
133843,0.0,0.0,0.0
133844,0.0,0.0,0.0
133845,0.0,0.0,0.0
133846,0.0,0.0,0.0
133847,0.0,0.0,0.0
133848,0.0,0.0,0.0
133849,0.0,0.0,0.0
133850,0.0,0.0,0.0
133851,0.0,0.0,0.0
133852,0.0,0.0,0.0
133853,0.0,0.0,0.0
133854,0.0,0.0,0.0
133855,0.0,0.0,0.0
133856,0.0,0.0,0.0
133857,0.0,0.0,0.0
133858,0.0,0.0,0.0
133859,0.0,0.0,0.0
133860,0.0,0.0,0.0
133861,0.0,0.0,0.0
133862,0.0,0.0,0.0
133863,0.0,0.0,0.0
133864,0.0,0.0,0.0
133865,0.0,0.0,0.0
133866,0.0,0.0,0.0
133867,0.0,0.0,0.0
133868,0.0,0.0,0.0
133869,0.0,0.0,0.0
133870,0.0,0.0,0.0
133871,0.0,0.0,0.0
133872,0.0,0.0,0.0
133873,0.0,0.0,0.0
133874,0.0,0.0,0.0
133875,0.0,0.0,0.0
133876,0.0,0.0,0.0
133877,0.0,0.0,0.0
133878,0.0,0.0,0.0
133879,0.0,0.0,0.0
133880,0.0,0.0,0.0
133881,0.0,0.0,0.0
133882,0.0,0.0,0.0
133883,0.0,0.0,0.0
133884,0.0,0.0,0.0
133885,0.0,0.0,0.0
133886,0.0,0.0,0.0
133887,0.0,0.0,0.0
133888,0.0,0.0,0.0
133889,0.0,0.0,0.0
133890,0.0,0.0,0.0
133891,0.0,0.0,0.0
133892,0.0,0.0,0.0
133893,0.0,0.0,0.0
133894,0.0,0.0,0.0
133895,0.0,0.0,0.0
133896,0.0,0.0,0.0
133897,0.0,0.0,0.0
133898,0.0,0.0,0.0
133899,0.0,0.0,0.0
133900,0.0,0.0,0.0
133901,0.0,0.0,0.0
133902,0.0,0.0,0.0
133903,0.0,0.0,0.0
133904,0.0,0.0,0.0
133905,0.0,0.0,0.0
133906,0.0,0.0,0.0
133907,0.0,0.0,0.0
133908,0.0,0.0,0.0
133909,0.0,0.0,0.0
133910,0.0,0.0,0.0
133911,0.0,0.0,0.0
133912,0.0,0.0,0.0
133913,0.0,0.0,0.0
133914,0.0,0.0,0.0
133915,0.0,0.0,0.0
133916,0.0,0.0,0.0
133917,0.0,0.0,0.0
133918,0.0,0.0,0.0
133919,0.0,0.0,0.0
133920,0.0,0.0,0.0
133921,0.0,0.0,0.0
133922,0.0,0.0,0.0
133923,0.0,0.0,0.0
133924,0.0,0.0,0.0
133925,0.0,0.0,0.0
133926,0.0,0.0,0.0
133927,0.0,0.0,0.0
133928,0.0,0.0,0.0
133929,0.0,0.0,0.0
133930,0.0,0.0,0.0
133931,0.0,0.0,0.0
133932,0.0,0.0,0.0
133933,0.0,0.0,0.0
133934,0.0,0.0,0.0
133935,0.0,0.0,0.0
133936,0.0,0.0,0.0
133937,0.0,0.0,0.0
133938,0.0,0.0,0.0
133939,0.0,0.0,0.0
133940,0.0,0.0,0.0
133941,0.0,0.0,0.0
133942,0.0,0.0,0.0
133943,0.0,0.0,0.0
133944,0.0,0.0,0.0
133945,0.0,0.0,0.0
133946,0.0,0.0,0.0
133947,0.0,0.0,0.0
133948,0.0,0.0,0.0
133949,0.0,0.0,0.0
133950,0.0,0.0,0.0
133951,0.0,0.0,0.0
133952,0.0,0.0,0.0
133953,0.0,0.0,0.0
133954,0.0,0.0,0.0
133955,0.0,0.0,0.0
133956,0.0,0.0,0.0
133957,0.0,0.0,0.0
133958,0.0,0.0,0.0
133959,0.0,0.0,0.0
133960,0.0,0.0,0.0
133961,0.0,0.0,0.0
133962,0.0,0.0,0.0
133963,0.0,0.0,0.0
133964,0.0,0.0,0.0
133965,0.0,0.0,0.0
133966,0.0,0.0,0.0
133967,0.0,0.0,0.0
133968,0.0,0.0,0.0
133969,0.0,0.0,0.0
133970,0.0,0.0,0.0
133971,0.0,0.0,0.0
133972,0.0,0.0,0.0
133973,0.0,0.0,0.0
133974,0.0,0.0,0.0
133975,0.0,0.0,0.0
133976,0.0,0.0,0.0
133977,0.0,0.0,0.0
133978,0.0,0.0,0.0
133979,0.0,0.0,0.0
133980,0.0,0.0,0.0
133981,0.0,0.0,0.0
133982,0.0,0.0,0.0
133983,0.0,0.0,0.0
133984,0.0,0.0,0.0
133985,0.0,0.0,0.0
133986,0.0,0.0,0.0
133987,0.0,0.0,0.0
133988,0.0,0.0,0.0
133989,0.0,0.0,0.0
133990,0.0,0.0,0.0
133991,0.0,0.0,0.0
133992,0.0,0.0,0.0
133993,0.0,0.0,0.0
133994,0.0,0.0,0.0
133995,0.0,0.0,0.0
133996,0.0,0.0,0.0
133997,0.0,0.0,0.0
133998,0.0,0.0,0.0
133999,0.0,0.0,0.0
134000,0.0,0.0,0.0
134001,0.0,0.0,0.0
134002,0.0,0.0,0.0
134003,0.0,0.0,0.0
134004,0.0,0.0,0.0
134005,0.0,0.0,0.0
134006,0.0,0.0,0.0
134007,0.0,0.0,0.0
134008,0.0,0.0,0.0
134009,0.0,0.0,0.0
134010,0.0,0.0,0.0
134011,0.0,0.0,0.0
134012,0.0,0.0,0.0
134013,0.0,0.0,0.0
134014,0.0,0.0,0.0
134015,0.0,0.0,0.0
134016,0.0,0.0,0.0
134017,0.0,0.0,0.0
134018,0.0,0.0,0.0
134019,0.0,0.0,0.0
134020,0.0,0.0,0.0
134021,0.0,0.0,0.0
134022,0.0,0.0,0.0
134023,0.0,0.0,0.0
134024,0.0,0.0,0.0
134025,0.0,0.0,0.0
134026,0.0,0.0,0.0
134027,0.0,0.0,0.0
134028,0.0,0.0,0.0
134029,0.0,0.0,0.0
134030,0.0,0.0,0.0
134031,0.0,0.0,0.0
134032,0.0,0.0,0.0
134033,0.0,0.0,0.0
134034,0.0,0.0,0.0
134035,0.0,0.0,0.0
134036,0.0,0.0,0.0
134037,0.0,0.0,0.0
134038,0.0,0.0,0.0
134039,0.0,0.0,0.0
134040,0.0,0.0,0.0
134041,0.0,0.0,0.0
134042,0.0,0.0,0.0
134043,0.0,0.0,0.0
134044,0.0,0.0,0.0
134045,0.0,0.0,0.0
134046,0.0,0.0,0.0
134047,0.0,0.0,0.0
134048,0.0,0.0,0.0
134049,0.0,0.0,0.0
134050,0.0,0.0,0.0
134051,0.0,0.0,0.0
134052,0.0,0.0,0.0
134053,0.0,0.0,0.0
134054,0.0,0.0,0.0
134055,0.0,0.0,0.0
134056,0.0,0.0,0.0
134057,0.0,0.0,0.0
134058,0.0,0.0,0.0
134059,0.0,0.0,0.0
134060,0.0,0.0,0.0
134061,0.0,0.0,0.0
134062,0.0,0.0,0.0
134063,0.0,0.0,0.0
134064,0.0,0.0,0.0
134065,0.0,0.0,0.0
134066,0.0,0.0,0.0
134067,0.0,0.0,0.0
134068,0.0,0.0,0.0
134069,0.0,0.0,0.0
134070,0.0,0.0,0.0
134071,0.0,0.0,0.0
134072,0.0,0.0,0.0
134073,0.0,0.0,0.0
134074,0.0,0.0,0.0
134075,0.0,0.0,0.0
134076,0.0,0.0,0.0
134077,0.0,0.0,0.0
134078,0.0,0.0,0.0
134079,0.0,0.0,0.0
134080,0.0,0.0,0.0
134081,0.0,0.0,0.0
134082,0.0,0.0,0.0
134083,0.0,0.0,0.0
134084,0.0,0.0,0.0
134085,0.0,0.0,0.0
134086,0.0,0.0,0.0
134087,0.0,0.0,0.0
134088,0.0,0.0,0.0
134089,0.0,0.0,0.0
134090,0.0,0.0,0.0
134091,0.0,0.0,0.0
134092,0.0,0.0,0.0
134093,0.0,0.0,0.0
134094,0.0,0.0,0.0
134095,0.0,0.0,0.0
134096,0.0,0.0,0.0
134097,0.0,0.0,0.0
134098,0.0,0.0,0.0
134099,0.0,0.0,0.0
134100,0.0,0.0,0.0
134101,0.0,0.0,0.0
134102,0.0,0.0,0.0
134103,0.0,0.0,0.0
134104,0.0,0.0,0.0
134105,0.0,0.0,0.0
134106,0.0,0.0,0.0
134107,0.0,0.0,0.0
134108,0.0,0.0,0.0
134109,0.0,0.0,0.0
134110,0.0,0.0,0.0
134111,0.0,0.0,0.0
134112,0.0,0.0,0.0
134113,0.0,0.0,0.0
134114,0.0,0.0,0.0
134115,0.0,0.0,0.0
134116,0.0,0.0,0.0
134117,0.0,0.0,0.0
134118,0.0,0.0,0.0
134119,0.0,0.0,0.0
134120,0.0,0.0,0.0
134121,0.0,0.0,0.0
134122,0.0,0.0,0.0
134123,0.0,0.0,0.0
134124,0.0,0.0,0.0
134125,0.0,0.0,0.0
134126,0.0,0.0,0.0
134127,0.0,0.0,0.0
134128,0.0,0.0,0.0
134129,0.0,0.0,0.0
134130,0.0,0.0,0.0
134131,0.0,0.0,0.0
134132,0.0,0.0,0.0
134133,0.0,0.0,0.0
134134,0.0,0.0,0.0
134135,0.0,0.0,0.0
134136,0.0,0.0,0.0
134137,0.0,0.0,0.0
134138,0.0,0.0,0.0
134139,0.0,0.0,0.0
134140,0.0,0.0,0.0
134141,0.0,0.0,0.0
134142,0.0,0.0,0.0
134143,0.0,0.0,0.0
134144,0.0,0.0,0.0
134145,0.0,0.0,0.0
134146,0.0,0.0,0.0
134147,0.0,0.0,0.0
134148,0.0,0.0,0.0
134149,0.0,0.0,0.0
134150,0.0,0.0,0.0
134151,0.0,0.0,0.0
134152,0.0,0.0,0.0
134153,0.0,0.0,0.0
134154,0.0,0.0,0.0
134155,0.0,0.0,0.0
134156,0.0,0.0,0.0
134157,0.0,0.0,0.0
134158,0.0,0.0,0.0
134159,0.0,0.0,0.0
134160,0.0,0.0,0.0
134161,0.0,0.0,0.0
134162,0.0,0.0,0.0
134163,0.0,0.0,0.0
134164,0.0,0.0,0.0
134165,0.0,0.0,0.0
134166,0.0,0.0,0.0
134167,0.0,0.0,0.0
134168,0.0,0.0,0.0
134169,0.0,0.0,0.0
134170,0.0,0.0,0.0
134171,0.0,0.0,0.0
134172,0.0,0.0,0.0
134173,0.0,0.0,0.0
134174,0.0,0.0,0.0
134175,0.0,0.0,0.0
134176,0.0,0.0,0.0
134177,0.0,0.0,0.0
134178,0.0,0.0,0.0
134179,0.0,0.0,0.0
134180,0.0,0.0,0.0
134181,0.0,0.0,0.0
134182,0.0,0.0,0.0
134183,0.0,0.0,0.0
134184,0.0,0.0,0.0
134185,0.0,0.0,0.0
134186,0.0,0.0,0.0
134187,0.0,0.0,0.0
134188,0.0,0.0,0.0
134189,0.0,0.0,0.0
134190,0.0,0.0,0.0
134191,0.0,0.0,0.0
134192,0.0,0.0,0.0
134193,0.0,0.0,0.0
134194,0.0,0.0,0.0
134195,0.0,0.0,0.0
134196,0.0,0.0,0.0
134197,0.0,0.0,0.0
134198,0.0,0.0,0.0
134199,0.0,0.0,0.0
134200,0.0,0.0,0.0
134201,0.0,0.0,0.0
134202,0.0,0.0,0.0
134203,0.0,0.0,0.0
134204,0.0,0.0,0.0
134205,0.0,0.0,0.0
134206,0.0,0.0,0.0
134207,0.0,0.0,0.0
134208,0.0,0.0,0.0
134209,0.0,0.0,0.0
134210,0.0,0.0,0.0
134211,0.0,0.0,0.0
134212,0.0,0.0,0.0
134213,0.0,0.0,0.0
134214,0.0,0.0,0.0
134215,0.0,0.0,0.0
134216,0.0,0.0,0.0
134217,0.0,0.0,0.0
134218,0.0,0.0,0.0
134219,0.0,0.0,0.0
134220,0.0,0.0,0.0
134221,0.0,0.0,0.0
134222,0.0,0.0,0.0
134223,0.0,0.0,0.0
134224,0.0,0.0,0.0
134225,0.0,0.0,0.0
134226,0.0,0.0,0.0
134227,0.0,0.0,0.0
134228,0.0,0.0,0.0
134229,0.0,0.0,0.0
134230,0.0,0.0,0.0
134231,0.0,0.0,0.0
134232,0.0,0.0,0.0
134233,0.0,0.0,0.0
134234,0.0,0.0,0.0
134235,0.0,0.0,0.0
134236,0.0,0.0,0.0
134237,0.0,0.0,0.0
134238,0.0,0.0,0.0
134239,0.0,0.0,0.0
134240,0.0,0.0,0.0
134241,0.0,0.0,0.0
134242,0.0,0.0,0.0
134243,0.0,0.0,0.0
134244,0.0,0.0,0.0
134245,0.0,0.0,0.0
134246,0.0,0.0,0.0
134247,0.0,0.0,0.0
134248,0.0,0.0,0.0
134249,0.0,0.0,0.0
134250,0.0,0.0,0.0
134251,0.0,0.0,0.0
134252,0.0,0.0,0.0
134253,0.0,0.0,0.0
134254,0.0,0.0,0.0
134255,0.0,0.0,0.0
134256,0.0,0.0,0.0
134257,0.0,0.0,0.0
134258,0.0,0.0,0.0
134259,0.0,0.0,0.0
134260,0.0,0.0,0.0
134261,0.0,0.0,0.0
134262,0.0,0.0,0.0
134263,0.0,0.0,0.0
134264,0.0,0.0,0.0
134265,0.0,0.0,0.0
134266,0.0,0.0,0.0
134267,0.0,0.0,0.0
134268,0.0,0.0,0.0
134269,0.0,0.0,0.0
134270,0.0,0.0,0.0
134271,0.0,0.0,0.0
134272,0.0,0.0,0.0
134273,0.0,0.0,0.0
134274,0.0,0.0,0.0
134275,0.0,0.0,0.0
134276,0.0,0.0,0.0
134277,0.0,0.0,0.0
134278,0.0,0.0,0.0
134279,0.0,0.0,0.0
134280,0.0,0.0,0.0
134281,0.0,0.0,0.0
134282,0.0,0.0,0.0
134283,0.0,0.0,0.0
134284,0.0,0.0,0.0
134285,0.0,0.0,0.0
134286,0.0,0.0,0.0
134287,0.0,0.0,0.0
134288,0.0,0.0,0.0
134289,0.0,0.0,0.0
134290,0.0,0.0,0.0
134291,0.0,0.0,0.0
134292,0.0,0.0,0.0
134293,0.0,0.0,0.0
134294,0.0,0.0,0.0
134295,0.0,0.0,0.0
134296,0.0,0.0,0.0
134297,0.0,0.0,0.0
134298,0.0,0.0,0.0
134299,0.0,0.0,0.0
134300,0.0,0.0,0.0
134301,0.0,0.0,0.0
134302,0.0,0.0,0.0
134303,0.0,0.0,0.0
134304,0.0,0.0,0.0
134305,0.0,0.0,0.0
134306,0.0,0.0,0.0
134307,0.0,0.0,0.0
134308,0.0,0.0,0.0
134309,0.0,0.0,0.0
134310,0.0,0.0,0.0
134311,0.0,0.0,0.0
134312,0.0,0.0,0.0
134313,0.0,0.0,0.0
134314,0.0,0.0,0.0
134315,0.0,0.0,0.0
134316,0.0,0.0,0.0
134317,0.0,0.0,0.0
134318,0.0,0.0,0.0
134319,0.0,0.0,0.0
134320,0.0,0.0,0.0
134321,0.0,0.0,0.0
134322,0.0,0.0,0.0
134323,0.0,0.0,0.0
134324,0.0,0.0,0.0
134325,0.0,0.0,0.0
134326,0.0,0.0,0.0
134327,0.0,0.0,0.0
134328,0.0,0.0,0.0
134329,0.0,0.0,0.0
134330,0.0,0.0,0.0
134331,0.0,0.0,0.0
134332,0.0,0.0,0.0
134333,0.0,0.0,0.0
134334,0.0,0.0,0.0
134335,0.0,0.0,0.0
134336,0.0,0.0,0.0
134337,0.0,0.0,0.0
134338,0.0,0.0,0.0
134339,0.0,0.0,0.0
134340,0.0,0.0,0.0
134341,0.0,0.0,0.0
134342,0.0,0.0,0.0
134343,0.0,0.0,0.0
134344,0.0,0.0,0.0
134345,0.0,0.0,0.0
134346,0.0,0.0,0.0
134347,0.0,0.0,0.0
134348,0.0,0.0,0.0
134349,0.0,0.0,0.0
134350,0.0,0.0,0.0
134351,0.0,0.0,0.0
134352,0.0,0.0,0.0
134353,0.0,0.0,0.0
134354,0.0,0.0,0.0
134355,0.0,0.0,0.0
134356,0.0,0.0,0.0
134357,0.0,0.0,0.0
134358,0.0,0.0,0.0
134359,0.0,0.0,0.0
134360,0.0,0.0,0.0
134361,0.0,0.0,0.0
134362,0.0,0.0,0.0
134363,0.0,0.0,0.0
134364,0.0,0.0,0.0
134365,0.0,0.0,0.0
134366,0.0,0.0,0.0
134367,0.0,0.0,0.0
134368,0.0,0.0,0.0
134369,0.0,0.0,0.0
134370,0.0,0.0,0.0
134371,0.0,0.0,0.0
134372,0.0,0.0,0.0
134373,0.0,0.0,0.0
134374,0.0,0.0,0.0
134375,0.0,0.0,0.0
134376,0.0,0.0,0.0
134377,0.0,0.0,0.0
134378,0.0,0.0,0.0
134379,0.0,0.0,0.0
134380,0.0,0.0,0.0
134381,0.0,0.0,0.0
134382,0.0,0.0,0.0
134383,0.0,0.0,0.0
134384,0.0,0.0,0.0
134385,0.0,0.0,0.0
134386,0.0,0.0,0.0
134387,0.0,0.0,0.0
134388,0.0,0.0,0.0
134389,0.0,0.0,0.0
134390,0.0,0.0,0.0
134391,0.0,0.0,0.0
134392,0.0,0.0,0.0
134393,0.0,0.0,0.0
134394,0.0,0.0,0.0
134395,0.0,0.0,0.0
134396,0.0,0.0,0.0
134397,0.0,0.0,0.0
134398,0.0,0.0,0.0
134399,0.0,0.0,0.0
134400,0.0,0.0,0.0
134401,0.0,0.0,0.0
134402,0.0,0.0,0.0
134403,0.0,0.0,0.0
134404,0.0,0.0,0.0
134405,0.0,0.0,0.0
134406,0.0,0.0,0.0
134407,0.0,0.0,0.0
134408,0.0,0.0,0.0
134409,0.0,0.0,0.0
134410,0.0,0.0,0.0
134411,0.0,0.0,0.0
134412,0.0,0.0,0.0
134413,0.0,0.0,0.0
134414,0.0,0.0,0.0
134415,0.0,0.0,0.0
134416,0.0,0.0,0.0
134417,0.0,0.0,0.0
134418,0.0,0.0,0.0
134419,0.0,0.0,0.0
134420,0.0,0.0,0.0
134421,0.0,0.0,0.0
134422,0.0,0.0,0.0
134423,0.0,0.0,0.0
134424,0.0,0.0,0.0
134425,0.0,0.0,0.0
134426,0.0,0.0,0.0
134427,0.0,0.0,0.0
134428,0.0,0.0,0.0
134429,0.0,0.0,0.0
134430,0.0,0.0,0.0
134431,0.0,0.0,0.0
134432,0.0,0.0,0.0
134433,0.0,0.0,0.0
134434,0.0,0.0,0.0
134435,0.0,0.0,0.0
134436,0.0,0.0,0.0
134437,0.0,0.0,0.0
134438,0.0,0.0,0.0
134439,0.0,0.0,0.0
134440,0.0,0.0,0.0
134441,0.0,0.0,0.0
134442,0.0,0.0,0.0
134443,0.0,0.0,0.0
134444,0.0,0.0,0.0
134445,0.0,0.0,0.0
134446,0.0,0.0,0.0
134447,0.0,0.0,0.0
134448,0.0,0.0,0.0
134449,0.0,0.0,0.0
134450,0.0,0.0,0.0
134451,0.0,0.0,0.0
134452,0.0,0.0,0.0
134453,0.0,0.0,0.0
134454,0.0,0.0,0.0
134455,0.0,0.0,0.0
134456,0.0,0.0,0.0
134457,0.0,0.0,0.0
134458,0.0,0.0,0.0
134459,0.0,0.0,0.0
134460,0.0,0.0,0.0
134461,0.0,0.0,0.0
134462,0.0,0.0,0.0
134463,0.0,0.0,0.0
134464,0.0,0.0,0.0
134465,0.0,0.0,0.0
134466,0.0,0.0,0.0
134467,0.0,0.0,0.0
134468,0.0,0.0,0.0
134469,0.0,0.0,0.0
134470,0.0,0.0,0.0
134471,0.0,0.0,0.0
134472,0.0,0.0,0.0
134473,0.0,0.0,0.0
134474,0.0,0.0,0.0
134475,0.0,0.0,0.0
134476,0.0,0.0,0.0
134477,0.0,0.0,0.0
134478,0.0,0.0,0.0
134479,0.0,0.0,0.0
134480,0.0,0.0,0.0
134481,0.0,0.0,0.0
134482,0.0,0.0,0.0
134483,0.0,0.0,0.0
134484,0.0,0.0,0.0
134485,0.0,0.0,0.0
134486,0.0,0.0,0.0
134487,0.0,0.0,0.0
134488,0.0,0.0,0.0
134489,0.0,0.0,0.0
134490,0.0,0.0,0.0
134491,0.0,0.0,0.0
134492,0.0,0.0,0.0
134493,0.0,0.0,0.0
134494,0.0,0.0,0.0
134495,0.0,0.0,0.0
134496,0.0,0.0,0.0
134497,0.0,0.0,0.0
134498,0.0,0.0,0.0
134499,0.0,0.0,0.0
134500,0.0,0.0,0.0
134501,0.0,0.0,0.0
134502,0.0,0.0,0.0
134503,0.0,0.0,0.0
134504,0.0,0.0,0.0
134505,0.0,0.0,0.0
134506,0.0,0.0,0.0
134507,0.0,0.0,0.0
134508,0.0,0.0,0.0
134509,0.0,0.0,0.0
134510,0.0,0.0,0.0
134511,0.0,0.0,0.0
134512,0.0,0.0,0.0
134513,0.0,0.0,0.0
134514,0.0,0.0,0.0
134515,0.0,0.0,0.0
134516,0.0,0.0,0.0
134517,0.0,0.0,0.0
134518,0.0,0.0,0.0
134519,0.0,0.0,0.0
134520,0.0,0.0,0.0
134521,0.0,0.0,0.0
134522,0.0,0.0,0.0
134523,0.0,0.0,0.0
134524,0.0,0.0,0.0
134525,0.0,0.0,0.0
134526,0.0,0.0,0.0
134527,0.0,0.0,0.0
134528,0.0,0.0,0.0
134529,0.0,0.0,0.0
134530,0.0,0.0,0.0
134531,0.0,0.0,0.0
134532,0.0,0.0,0.0
134533,0.0,0.0,0.0
134534,0.0,0.0,0.0
134535,0.0,0.0,0.0
134536,0.0,0.0,0.0
134537,0.0,0.0,0.0
134538,0.0,0.0,0.0
134539,0.0,0.0,0.0
134540,0.0,0.0,0.0
134541,0.0,0.0,0.0
134542,0.0,0.0,0.0
134543,0.0,0.0,0.0
134544,0.0,0.0,0.0
134545,0.0,0.0,0.0
134546,0.0,0.0,0.0
134547,0.0,0.0,0.0
134548,0.0,0.0,0.0
134549,0.0,0.0,0.0
134550,0.0,0.0,0.0
134551,0.0,0.0,0.0
134552,0.0,0.0,0.0
134553,0.0,0.0,0.0
134554,0.0,0.0,0.0
134555,0.0,0.0,0.0
134556,0.0,0.0,0.0
134557,0.0,0.0,0.0
134558,0.0,0.0,0.0
134559,0.0,0.0,0.0
134560,0.0,0.0,0.0
134561,0.0,0.0,0.0
134562,0.0,0.0,0.0
134563,0.0,0.0,0.0
134564,0.0,0.0,0.0
134565,0.0,0.0,0.0
134566,0.0,0.0,0.0
134567,0.0,0.0,0.0
134568,0.0,0.0,0.0
134569,0.0,0.0,0.0
134570,0.0,0.0,0.0
134571,0.0,0.0,0.0
134572,0.0,0.0,0.0
134573,0.0,0.0,0.0
134574,0.0,0.0,0.0
134575,0.0,0.0,0.0
134576,0.0,0.0,0.0
134577,0.0,0.0,0.0
134578,0.0,0.0,0.0
134579,0.0,0.0,0.0
134580,0.0,0.0,0.0
134581,0.0,0.0,0.0
134582,0.0,0.0,0.0
134583,0.0,0.0,0.0
134584,0.0,0.0,0.0
134585,0.0,0.0,0.0
134586,0.0,0.0,0.0
134587,0.0,0.0,0.0
134588,0.0,0.0,0.0
134589,0.0,0.0,0.0
134590,0.0,0.0,0.0
134591,0.0,0.0,0.0
134592,0.0,0.0,0.0
134593,0.0,0.0,0.0
134594,0.0,0.0,0.0
134595,0.0,0.0,0.0
134596,0.0,0.0,0.0
134597,0.0,0.0,0.0
134598,0.0,0.0,0.0
134599,0.0,0.0,0.0
134600,0.0,0.0,0.0
134601,0.0,0.0,0.0
134602,0.0,0.0,0.0
134603,0.0,0.0,0.0
134604,0.0,0.0,0.0
134605,0.0,0.0,0.0
134606,0.0,0.0,0.0
134607,0.0,0.0,0.0
134608,0.0,0.0,0.0
134609,0.0,0.0,0.0
134610,0.0,0.0,0.0
134611,0.0,0.0,0.0
134612,0.0,0.0,0.0
134613,0.0,0.0,0.0
134614,0.0,0.0,0.0
134615,0.0,0.0,0.0
134616,0.0,0.0,0.0
134617,0.0,0.0,0.0
134618,0.0,0.0,0.0
134619,0.0,0.0,0.0
134620,0.0,0.0,0.0
134621,0.0,0.0,0.0
134622,0.0,0.0,0.0
134623,0.0,0.0,0.0
134624,0.0,0.0,0.0
134625,0.0,0.0,0.0
134626,0.0,0.0,0.0
134627,0.0,0.0,0.0
134628,0.0,0.0,0.0
134629,0.0,0.0,0.0
134630,0.0,0.0,0.0
134631,0.0,0.0,0.0
134632,0.0,0.0,0.0
134633,0.0,0.0,0.0
134634,0.0,0.0,0.0
134635,0.0,0.0,0.0
134636,0.0,0.0,0.0
134637,0.0,0.0,0.0
134638,0.0,0.0,0.0
134639,0.0,0.0,0.0
134640,0.0,0.0,0.0
134641,0.0,0.0,0.0
134642,0.0,0.0,0.0
134643,0.0,0.0,0.0
134644,0.0,0.0,0.0
134645,0.0,0.0,0.0
134646,0.0,0.0,0.0
134647,0.0,0.0,0.0
134648,0.0,0.0,0.0
134649,0.0,0.0,0.0
134650,0.0,0.0,0.0
134651,0.0,0.0,0.0
134652,0.0,0.0,0.0
134653,0.0,0.0,0.0
134654,0.0,0.0,0.0
134655,0.0,0.0,0.0
134656,0.0,0.0,0.0
134657,0.0,0.0,0.0
134658,0.0,0.0,0.0
134659,0.0,0.0,0.0
134660,0.0,0.0,0.0
134661,0.0,0.0,0.0
134662,0.0,0.0,0.0
134663,0.0,0.0,0.0
134664,0.0,0.0,0.0
134665,0.0,0.0,0.0
134666,0.0,0.0,0.0
134667,0.0,0.0,0.0
134668,0.0,0.0,0.0
134669,0.0,0.0,0.0
134670,0.0,0.0,0.0
134671,0.0,0.0,0.0
134672,0.0,0.0,0.0
134673,0.0,0.0,0.0
134674,0.0,0.0,0.0
134675,0.0,0.0,0.0
134676,0.0,0.0,0.0
134677,0.0,0.0,0.0
134678,0.0,0.0,0.0
134679,0.0,0.0,0.0
134680,0.0,0.0,0.0
134681,0.0,0.0,0.0
134682,0.0,0.0,0.0
134683,0.0,0.0,0.0
134684,0.0,0.0,0.0
134685,0.0,0.0,0.0
134686,0.0,0.0,0.0
134687,0.0,0.0,0.0
134688,0.0,0.0,0.0
134689,0.0,0.0,0.0
134690,0.0,0.0,0.0
134691,0.0,0.0,0.0
134692,0.0,0.0,0.0
134693,0.0,0.0,0.0
134694,0.0,0.0,0.0
134695,0.0,0.0,0.0
134696,0.0,0.0,0.0
134697,0.0,0.0,0.0
134698,0.0,0.0,0.0
134699,0.0,0.0,0.0
134700,0.0,0.0,0.0
134701,0.0,0.0,0.0
134702,0.0,0.0,0.0
134703,0.0,0.0,0.0
134704,0.0,0.0,0.0
134705,0.0,0.0,0.0
134706,0.0,0.0,0.0
134707,0.0,0.0,0.0
134708,0.0,0.0,0.0
134709,0.0,0.0,0.0
134710,0.0,0.0,0.0
134711,0.0,0.0,0.0
134712,0.0,0.0,0.0
134713,0.0,0.0,0.0
134714,0.0,0.0,0.0
134715,0.0,0.0,0.0
134716,0.0,0.0,0.0
134717,0.0,0.0,0.0
134718,0.0,0.0,0.0
134719,0.0,0.0,0.0
134720,0.0,0.0,0.0
134721,0.0,0.0,0.0
134722,0.0,0.0,0.0
134723,0.0,0.0,0.0
134724,0.0,0.0,0.0
134725,0.0,0.0,0.0
134726,0.0,0.0,0.0
134727,0.0,0.0,0.0
134728,0.0,0.0,0.0
134729,0.0,0.0,0.0
134730,0.0,0.0,0.0
134731,0.0,0.0,0.0
134732,0.0,0.0,0.0
134733,0.0,0.0,0.0
134734,0.0,0.0,0.0
134735,0.0,0.0,0.0
134736,0.0,0.0,0.0
134737,0.0,0.0,0.0
134738,0.0,0.0,0.0
134739,0.0,0.0,0.0
134740,0.0,0.0,0.0
134741,0.0,0.0,0.0
134742,0.0,0.0,0.0
134743,0.0,0.0,0.0
134744,0.0,0.0,0.0
134745,0.0,0.0,0.0
134746,0.0,0.0,0.0
134747,0.0,0.0,0.0
134748,0.0,0.0,0.0
134749,0.0,0.0,0.0
134750,0.0,0.0,0.0
134751,0.0,0.0,0.0
134752,0.0,0.0,0.0
134753,0.0,0.0,0.0
134754,0.0,0.0,0.0
134755,0.0,0.0,0.0
134756,0.0,0.0,0.0
134757,0.0,0.0,0.0
134758,0.0,0.0,0.0
134759,0.0,0.0,0.0
134760,0.0,0.0,0.0
134761,0.0,0.0,0.0
134762,0.0,0.0,0.0
134763,0.0,0.0,0.0
134764,0.0,0.0,0.0
134765,0.0,0.0,0.0
134766,0.0,0.0,0.0
134767,0.0,0.0,0.0
134768,0.0,0.0,0.0
134769,0.0,0.0,0.0
134770,0.0,0.0,0.0
134771,0.0,0.0,0.0
134772,0.0,0.0,0.0
134773,0.0,0.0,0.0
134774,0.0,0.0,0.0
134775,0.0,0.0,0.0
134776,0.0,0.0,0.0
134777,0.0,0.0,0.0
134778,0.0,0.0,0.0
134779,0.0,0.0,0.0
134780,0.0,0.0,0.0
134781,0.0,0.0,0.0
134782,0.0,0.0,0.0
134783,0.0,0.0,0.0
134784,0.0,0.0,0.0
134785,0.0,0.0,0.0
134786,0.0,0.0,0.0
134787,0.0,0.0,0.0
134788,0.0,0.0,0.0
134789,0.0,0.0,0.0
134790,0.0,0.0,0.0
134791,0.0,0.0,0.0
134792,0.0,0.0,0.0
134793,0.0,0.0,0.0
134794,0.0,0.0,0.0
134795,0.0,0.0,0.0
134796,0.0,0.0,0.0
134797,0.0,0.0,0.0
134798,0.0,0.0,0.0
134799,0.0,0.0,0.0
134800,0.0,0.0,0.0
134801,0.0,0.0,0.0
134802,0.0,0.0,0.0
134803,0.0,0.0,0.0
134804,0.0,0.0,0.0
134805,0.0,0.0,0.0
134806,0.0,0.0,0.0
134807,0.0,0.0,0.0
134808,0.0,0.0,0.0
134809,0.0,0.0,0.0
134810,0.0,0.0,0.0
134811,0.0,0.0,0.0
134812,0.0,0.0,0.0
134813,0.0,0.0,0.0
134814,0.0,0.0,0.0
134815,0.0,0.0,0.0
134816,0.0,0.0,0.0
134817,0.0,0.0,0.0
134818,0.0,0.0,0.0
134819,0.0,0.0,0.0
134820,0.0,0.0,0.0
134821,0.0,0.0,0.0
134822,0.0,0.0,0.0
134823,0.0,0.0,0.0
134824,0.0,0.0,0.0
134825,0.0,0.0,0.0
134826,0.0,0.0,0.0
134827,0.0,0.0,0.0
134828,0.0,0.0,0.0
134829,0.0,0.0,0.0
134830,0.0,0.0,0.0
134831,0.0,0.0,0.0
134832,0.0,0.0,0.0
134833,0.0,0.0,0.0
134834,0.0,0.0,0.0
134835,0.0,0.0,0.0
134836,0.0,0.0,0.0
134837,0.0,0.0,0.0
134838,0.0,0.0,0.0
134839,0.0,0.0,0.0
134840,0.0,0.0,0.0
134841,0.0,0.0,0.0
134842,0.0,0.0,0.0
134843,0.0,0.0,0.0
134844,0.0,0.0,0.0
134845,0.0,0.0,0.0
134846,0.0,0.0,0.0
134847,0.0,0.0,0.0
134848,0.0,0.0,0.0
134849,0.0,0.0,0.0
134850,0.0,0.0,0.0
134851,0.0,0.0,0.0
134852,0.0,0.0,0.0
134853,0.0,0.0,0.0
134854,0.0,0.0,0.0
134855,0.0,0.0,0.0
134856,0.0,0.0,0.0
134857,0.0,0.0,0.0
134858,0.0,0.0,0.0
134859,0.0,0.0,0.0
134860,0.0,0.0,0.0
134861,0.0,0.0,0.0
134862,0.0,0.0,0.0
134863,0.0,0.0,0.0
134864,0.0,0.0,0.0
134865,0.0,0.0,0.0
134866,0.0,0.0,0.0
134867,0.0,0.0,0.0
134868,0.0,0.0,0.0
134869,0.0,0.0,0.0
134870,0.0,0.0,0.0
134871,0.0,0.0,0.0
134872,0.0,0.0,0.0
134873,0.0,0.0,0.0
134874,0.0,0.0,0.0
134875,0.0,0.0,0.0
134876,0.0,0.0,0.0
134877,0.0,0.0,0.0
134878,0.0,0.0,0.0
134879,0.0,0.0,0.0
134880,0.0,0.0,0.0
134881,0.0,0.0,0.0
134882,0.0,0.0,0.0
134883,0.0,0.0,0.0
134884,0.0,0.0,0.0
134885,0.0,0.0,0.0
134886,0.0,0.0,0.0
134887,0.0,0.0,0.0
134888,0.0,0.0,0.0
134889,0.0,0.0,0.0
134890,0.0,0.0,0.0
134891,0.0,0.0,0.0
134892,0.0,0.0,0.0
134893,0.0,0.0,0.0
134894,0.0,0.0,0.0
134895,0.0,0.0,0.0
134896,0.0,0.0,0.0
134897,0.0,0.0,0.0
134898,0.0,0.0,0.0
134899,0.0,0.0,0.0
134900,0.0,0.0,0.0
134901,0.0,0.0,0.0
134902,0.0,0.0,0.0
134903,0.0,0.0,0.0
134904,0.0,0.0,0.0
134905,0.0,0.0,0.0
134906,0.0,0.0,0.0
134907,0.0,0.0,0.0
134908,0.0,0.0,0.0
134909,0.0,0.0,0.0
134910,0.0,0.0,0.0
134911,0.0,0.0,0.0
134912,0.0,0.0,0.0
134913,0.0,0.0,0.0
134914,0.0,0.0,0.0
134915,0.0,0.0,0.0
134916,0.0,0.0,0.0
134917,0.0,0.0,0.0
134918,0.0,0.0,0.0
134919,0.0,0.0,0.0
134920,0.0,0.0,0.0
134921,0.0,0.0,0.0
134922,0.0,0.0,0.0
134923,0.0,0.0,0.0
134924,0.0,0.0,0.0
134925,0.0,0.0,0.0
134926,0.0,0.0,0.0
134927,0.0,0.0,0.0
134928,0.0,0.0,0.0
134929,0.0,0.0,0.0
134930,0.0,0.0,0.0
134931,0.0,0.0,0.0
134932,0.0,0.0,0.0
134933,0.0,0.0,0.0
134934,0.0,0.0,0.0
134935,0.0,0.0,0.0
134936,0.0,0.0,0.0
134937,0.0,0.0,0.0
134938,0.0,0.0,0.0
134939,0.0,0.0,0.0
134940,0.0,0.0,0.0
134941,0.0,0.0,0.0
134942,0.0,0.0,0.0
134943,0.0,0.0,0.0
134944,0.0,0.0,0.0
134945,0.0,0.0,0.0
134946,0.0,0.0,0.0
134947,0.0,0.0,0.0
134948,0.0,0.0,0.0
134949,0.0,0.0,0.0
134950,0.0,0.0,0.0
134951,0.0,0.0,0.0
134952,0.0,0.0,0.0
134953,0.0,0.0,0.0
134954,0.0,0.0,0.0
134955,0.0,0.0,0.0
134956,0.0,0.0,0.0
134957,0.0,0.0,0.0
134958,0.0,0.0,0.0
134959,0.0,0.0,0.0
134960,0.0,0.0,0.0
134961,0.0,0.0,0.0
134962,0.0,0.0,0.0
134963,0.0,0.0,0.0
134964,0.0,0.0,0.0
134965,0.0,0.0,0.0
134966,0.0,0.0,0.0
134967,0.0,0.0,0.0
134968,0.0,0.0,0.0
134969,0.0,0.0,0.0
134970,0.0,0.0,0.0
134971,0.0,0.0,0.0
134972,0.0,0.0,0.0
134973,0.0,0.0,0.0
134974,0.0,0.0,0.0
134975,0.0,0.0,0.0
134976,0.0,0.0,0.0
134977,0.0,0.0,0.0
134978,0.0,0.0,0.0
134979,0.0,0.0,0.0
134980,0.0,0.0,0.0
134981,0.0,0.0,0.0
134982,0.0,0.0,0.0
134983,0.0,0.0,0.0
134984,0.0,0.0,0.0
134985,0.0,0.0,0.0
134986,0.0,0.0,0.0
134987,0.0,0.0,0.0
134988,0.0,0.0,0.0
134989,0.0,0.0,0.0
134990,0.0,0.0,0.0
134991,0.0,0.0,0.0
134992,0.0,0.0,0.0
134993,0.0,0.0,0.0
134994,0.0,0.0,0.0
134995,0.0,0.0,0.0
134996,0.0,0.0,0.0
134997,0.0,0.0,0.0
134998,0.0,0.0,0.0
134999,0.0,0.0,0.0
135000,0.0,0.0,0.0
135001,0.0,0.0,0.0
135002,0.0,0.0,0.0
135003,0.0,0.0,0.0
135004,0.0,0.0,0.0
135005,0.0,0.0,0.0
135006,0.0,0.0,0.0
135007,0.0,0.0,0.0
135008,0.0,0.0,0.0
135009,0.0,0.0,0.0
135010,0.0,0.0,0.0
135011,0.0,0.0,0.0
135012,0.0,0.0,0.0
135013,0.0,0.0,0.0
135014,0.0,0.0,0.0
135015,0.0,0.0,0.0
135016,0.0,0.0,0.0
135017,0.0,0.0,0.0
135018,0.0,0.0,0.0
135019,0.0,0.0,0.0
135020,0.0,0.0,0.0
135021,0.0,0.0,0.0
135022,0.0,0.0,0.0
135023,0.0,0.0,0.0
135024,0.0,0.0,0.0
135025,0.0,0.0,0.0
135026,0.0,0.0,0.0
135027,0.0,0.0,0.0
135028,0.0,0.0,0.0
135029,0.0,0.0,0.0
135030,0.0,0.0,0.0
135031,0.0,0.0,0.0
135032,0.0,0.0,0.0
135033,0.0,0.0,0.0
135034,0.0,0.0,0.0
135035,0.0,0.0,0.0
135036,0.0,0.0,0.0
135037,0.0,0.0,0.0
135038,0.0,0.0,0.0
135039,0.0,0.0,0.0
135040,0.0,0.0,0.0
135041,0.0,0.0,0.0
135042,0.0,0.0,0.0
135043,0.0,0.0,0.0
135044,0.0,0.0,0.0
135045,0.0,0.0,0.0
135046,0.0,0.0,0.0
135047,0.0,0.0,0.0
135048,0.0,0.0,0.0
135049,0.0,0.0,0.0
135050,0.0,0.0,0.0
135051,0.0,0.0,0.0
135052,0.0,0.0,0.0
135053,0.0,0.0,0.0
135054,0.0,0.0,0.0
135055,0.0,0.0,0.0
135056,0.0,0.0,0.0
135057,0.0,0.0,0.0
135058,0.0,0.0,0.0
135059,0.0,0.0,0.0
135060,0.0,0.0,0.0
135061,0.0,0.0,0.0
135062,0.0,0.0,0.0
135063,0.0,0.0,0.0
135064,0.0,0.0,0.0
135065,0.0,0.0,0.0
135066,0.0,0.0,0.0
135067,0.0,0.0,0.0
135068,0.0,0.0,0.0
135069,0.0,0.0,0.0
135070,0.0,0.0,0.0
135071,0.0,0.0,0.0
135072,0.0,0.0,0.0
135073,0.0,0.0,0.0
135074,0.0,0.0,0.0
135075,0.0,0.0,0.0
135076,0.0,0.0,0.0
135077,0.0,0.0,0.0
135078,0.0,0.0,0.0
135079,0.0,0.0,0.0
135080,0.0,0.0,0.0
135081,0.0,0.0,0.0
135082,0.0,0.0,0.0
135083,0.0,0.0,0.0
135084,0.0,0.0,0.0
135085,0.0,0.0,0.0
135086,0.0,0.0,0.0
135087,0.0,0.0,0.0
135088,0.0,0.0,0.0
135089,0.0,0.0,0.0
135090,0.0,0.0,0.0
135091,0.0,0.0,0.0
135092,0.0,0.0,0.0
135093,0.0,0.0,0.0
135094,0.0,0.0,0.0
135095,0.0,0.0,0.0
135096,0.0,0.0,0.0
135097,0.0,0.0,0.0
135098,0.0,0.0,0.0
135099,0.0,0.0,0.0
135100,0.0,0.0,0.0
135101,0.0,0.0,0.0
135102,0.0,0.0,0.0
135103,0.0,0.0,0.0
135104,0.0,0.0,0.0
135105,0.0,0.0,0.0
135106,0.0,0.0,0.0
135107,0.0,0.0,0.0
135108,0.0,0.0,0.0
135109,0.0,0.0,0.0
135110,0.0,0.0,0.0
135111,0.0,0.0,0.0
135112,0.0,0.0,0.0
135113,0.0,0.0,0.0
135114,0.0,0.0,0.0
135115,0.0,0.0,0.0
135116,0.0,0.0,0.0
135117,0.0,0.0,0.0
135118,0.0,0.0,0.0
135119,0.0,0.0,0.0
135120,0.0,0.0,0.0
135121,0.0,0.0,0.0
135122,0.0,0.0,0.0
135123,0.0,0.0,0.0
135124,0.0,0.0,0.0
135125,0.0,0.0,0.0
135126,0.0,0.0,0.0
135127,0.0,0.0,0.0
135128,0.0,0.0,0.0
135129,0.0,0.0,0.0
135130,0.0,0.0,0.0
135131,0.0,0.0,0.0
135132,0.0,0.0,0.0
135133,0.0,0.0,0.0
135134,0.0,0.0,0.0
135135,0.0,0.0,0.0
135136,0.0,0.0,0.0
135137,0.0,0.0,0.0
135138,0.0,0.0,0.0
135139,0.0,0.0,0.0
135140,0.0,0.0,0.0
135141,0.0,0.0,0.0
135142,0.0,0.0,0.0
135143,0.0,0.0,0.0
135144,0.0,0.0,0.0
135145,0.0,0.0,0.0
135146,0.0,0.0,0.0
135147,0.0,0.0,0.0
135148,0.0,0.0,0.0
135149,0.0,0.0,0.0
135150,0.0,0.0,0.0
135151,0.0,0.0,0.0
135152,0.0,0.0,0.0
135153,0.0,0.0,0.0
135154,0.0,0.0,0.0
135155,0.0,0.0,0.0
135156,0.0,0.0,0.0
135157,0.0,0.0,0.0
135158,0.0,0.0,0.0
135159,0.0,0.0,0.0
135160,0.0,0.0,0.0
135161,0.0,0.0,0.0
135162,0.0,0.0,0.0
135163,0.0,0.0,0.0
135164,0.0,0.0,0.0
135165,0.0,0.0,0.0
135166,0.0,0.0,0.0
135167,0.0,0.0,0.0
135168,0.0,0.0,0.0
135169,0.0,0.0,0.0
135170,0.0,0.0,0.0
135171,0.0,0.0,0.0
135172,0.0,0.0,0.0
135173,0.0,0.0,0.0
135174,0.0,0.0,0.0
135175,0.0,0.0,0.0
135176,0.0,0.0,0.0
135177,0.0,0.0,0.0
135178,0.0,0.0,0.0
135179,0.0,0.0,0.0
135180,0.0,0.0,0.0
135181,0.0,0.0,0.0
135182,0.0,0.0,0.0
135183,0.0,0.0,0.0
135184,0.0,0.0,0.0
135185,0.0,0.0,0.0
135186,0.0,0.0,0.0
135187,0.0,0.0,0.0
135188,0.0,0.0,0.0
135189,0.0,0.0,0.0
135190,0.0,0.0,0.0
135191,0.0,0.0,0.0
135192,0.0,0.0,0.0
135193,0.0,0.0,0.0
135194,0.0,0.0,0.0
135195,0.0,0.0,0.0
135196,0.0,0.0,0.0
135197,0.0,0.0,0.0
135198,0.0,0.0,0.0
135199,0.0,0.0,0.0
135200,0.0,0.0,0.0
135201,0.0,0.0,0.0
135202,0.0,0.0,0.0
135203,0.0,0.0,0.0
135204,0.0,0.0,0.0
135205,0.0,0.0,0.0
135206,0.0,0.0,0.0
135207,0.0,0.0,0.0
135208,0.0,0.0,0.0
135209,0.0,0.0,0.0
135210,0.0,0.0,0.0
135211,0.0,0.0,0.0
135212,0.0,0.0,0.0
135213,0.0,0.0,0.0
135214,0.0,0.0,0.0
135215,0.0,0.0,0.0
135216,0.0,0.0,0.0
135217,0.0,0.0,0.0
135218,0.0,0.0,0.0
135219,0.0,0.0,0.0
135220,0.0,0.0,0.0
135221,0.0,0.0,0.0
135222,0.0,0.0,0.0
135223,0.0,0.0,0.0
135224,0.0,0.0,0.0
135225,0.0,0.0,0.0
135226,0.0,0.0,0.0
135227,0.0,0.0,0.0
135228,0.0,0.0,0.0
135229,0.0,0.0,0.0
135230,0.0,0.0,0.0
135231,0.0,0.0,0.0
135232,0.0,0.0,0.0
135233,0.0,0.0,0.0
135234,0.0,0.0,0.0
135235,0.0,0.0,0.0
135236,0.0,0.0,0.0
135237,0.0,0.0,0.0
135238,0.0,0.0,0.0
135239,0.0,0.0,0.0
135240,0.0,0.0,0.0
135241,0.0,0.0,0.0
135242,0.0,0.0,0.0
135243,0.0,0.0,0.0
135244,0.0,0.0,0.0
135245,0.0,0.0,0.0
135246,0.0,0.0,0.0
135247,0.0,0.0,0.0
135248,0.0,0.0,0.0
135249,0.0,0.0,0.0
135250,0.0,0.0,0.0
135251,0.0,0.0,0.0
135252,0.0,0.0,0.0
135253,0.0,0.0,0.0
135254,0.0,0.0,0.0
135255,0.0,0.0,0.0
135256,0.0,0.0,0.0
135257,0.0,0.0,0.0
135258,0.0,0.0,0.0
135259,0.0,0.0,0.0
135260,0.0,0.0,0.0
135261,0.0,0.0,0.0
135262,0.0,0.0,0.0
135263,0.0,0.0,0.0
135264,0.0,0.0,0.0
135265,0.0,0.0,0.0
135266,0.0,0.0,0.0
135267,0.0,0.0,0.0
135268,0.0,0.0,0.0
135269,0.0,0.0,0.0
135270,0.0,0.0,0.0
135271,0.0,0.0,0.0
135272,0.0,0.0,0.0
135273,0.0,0.0,0.0
135274,0.0,0.0,0.0
135275,0.0,0.0,0.0
135276,0.0,0.0,0.0
135277,0.0,0.0,0.0
135278,0.0,0.0,0.0
135279,0.0,0.0,0.0
135280,0.0,0.0,0.0
135281,0.0,0.0,0.0
135282,0.0,0.0,0.0
135283,0.0,0.0,0.0
135284,0.0,0.0,0.0
135285,0.0,0.0,0.0
135286,0.0,0.0,0.0
135287,0.0,0.0,0.0
135288,0.0,0.0,0.0
135289,0.0,0.0,0.0
135290,0.0,0.0,0.0
135291,0.0,0.0,0.0
135292,0.0,0.0,0.0
135293,0.0,0.0,0.0
135294,0.0,0.0,0.0
135295,0.0,0.0,0.0
135296,0.0,0.0,0.0
135297,0.0,0.0,0.0
135298,0.0,0.0,0.0
135299,0.0,0.0,0.0
135300,0.0,0.0,0.0
135301,0.0,0.0,0.0
135302,0.0,0.0,0.0
135303,0.0,0.0,0.0
135304,0.0,0.0,0.0
135305,0.0,0.0,0.0
135306,0.0,0.0,0.0
135307,0.0,0.0,0.0
135308,0.0,0.0,0.0
135309,0.0,0.0,0.0
135310,0.0,0.0,0.0
135311,0.0,0.0,0.0
135312,0.0,0.0,0.0
135313,0.0,0.0,0.0
135314,0.0,0.0,0.0
135315,0.0,0.0,0.0
135316,0.0,0.0,0.0
135317,0.0,0.0,0.0
135318,0.0,0.0,0.0
135319,0.0,0.0,0.0
135320,0.0,0.0,0.0
135321,0.0,0.0,0.0
135322,0.0,0.0,0.0
135323,0.0,0.0,0.0
135324,0.0,0.0,0.0
135325,0.0,0.0,0.0
135326,0.0,0.0,0.0
135327,0.0,0.0,0.0
135328,0.0,0.0,0.0
135329,0.0,0.0,0.0
135330,0.0,0.0,0.0
135331,0.0,0.0,0.0
135332,0.0,0.0,0.0
135333,0.0,0.0,0.0
135334,0.0,0.0,0.0
135335,0.0,0.0,0.0
135336,0.0,0.0,0.0
135337,0.0,0.0,0.0
135338,0.0,0.0,0.0
135339,0.0,0.0,0.0
135340,0.0,0.0,0.0
135341,0.0,0.0,0.0
135342,0.0,0.0,0.0
135343,0.0,0.0,0.0
135344,0.0,0.0,0.0
135345,0.0,0.0,0.0
135346,0.0,0.0,0.0
135347,0.0,0.0,0.0
135348,0.0,0.0,0.0
135349,0.0,0.0,0.0
135350,0.0,0.0,0.0
135351,0.0,0.0,0.0
135352,0.0,0.0,0.0
135353,0.0,0.0,0.0
135354,0.0,0.0,0.0
135355,0.0,0.0,0.0
135356,0.0,0.0,0.0
135357,0.0,0.0,0.0
135358,0.0,0.0,0.0
135359,0.0,0.0,0.0
135360,0.0,0.0,0.0
135361,0.0,0.0,0.0
135362,0.0,0.0,0.0
135363,0.0,0.0,0.0
135364,0.0,0.0,0.0
135365,0.0,0.0,0.0
135366,0.0,0.0,0.0
135367,0.0,0.0,0.0
135368,0.0,0.0,0.0
135369,0.0,0.0,0.0
135370,0.0,0.0,0.0
135371,0.0,0.0,0.0
135372,0.0,0.0,0.0
135373,0.0,0.0,0.0
135374,0.0,0.0,0.0
135375,0.0,0.0,0.0
135376,0.0,0.0,0.0
135377,0.0,0.0,0.0
135378,0.0,0.0,0.0
135379,0.0,0.0,0.0
135380,0.0,0.0,0.0
135381,0.0,0.0,0.0
135382,0.0,0.0,0.0
135383,0.0,0.0,0.0
135384,0.0,0.0,0.0
135385,0.0,0.0,0.0
135386,0.0,0.0,0.0
135387,0.0,0.0,0.0
135388,0.0,0.0,0.0
135389,0.0,0.0,0.0
135390,0.0,0.0,0.0
135391,0.0,0.0,0.0
135392,0.0,0.0,0.0
135393,0.0,0.0,0.0
135394,0.0,0.0,0.0
135395,0.0,0.0,0.0
135396,0.0,0.0,0.0
135397,0.0,0.0,0.0
135398,0.0,0.0,0.0
135399,0.0,0.0,0.0
135400,0.0,0.0,0.0
135401,0.0,0.0,0.0
135402,0.0,0.0,0.0
135403,0.0,0.0,0.0
135404,0.0,0.0,0.0
135405,0.0,0.0,0.0
135406,0.0,0.0,0.0
135407,0.0,0.0,0.0
135408,0.0,0.0,0.0
135409,0.0,0.0,0.0
135410,0.0,0.0,0.0
135411,0.0,0.0,0.0
135412,0.0,0.0,0.0
135413,0.0,0.0,0.0
135414,0.0,0.0,0.0
135415,0.0,0.0,0.0
135416,0.0,0.0,0.0
135417,0.0,0.0,0.0
135418,0.0,0.0,0.0
135419,0.0,0.0,0.0
135420,0.0,0.0,0.0
135421,0.0,0.0,0.0
135422,0.0,0.0,0.0
135423,0.0,0.0,0.0
135424,0.0,0.0,0.0
135425,0.0,0.0,0.0
135426,0.0,0.0,0.0
135427,0.0,0.0,0.0
135428,0.0,0.0,0.0
135429,0.0,0.0,0.0
135430,0.0,0.0,0.0
135431,0.0,0.0,0.0
135432,0.0,0.0,0.0
135433,0.0,0.0,0.0
135434,0.0,0.0,0.0
135435,0.0,0.0,0.0
135436,0.0,0.0,0.0
135437,0.0,0.0,0.0
135438,0.0,0.0,0.0
135439,0.0,0.0,0.0
135440,0.0,0.0,0.0
135441,0.0,0.0,0.0
135442,0.0,0.0,0.0
135443,0.0,0.0,0.0
135444,0.0,0.0,0.0
135445,0.0,0.0,0.0
135446,0.0,0.0,0.0
135447,0.0,0.0,0.0
135448,0.0,0.0,0.0
135449,0.0,0.0,0.0
135450,0.0,0.0,0.0
135451,0.0,0.0,0.0
135452,0.0,0.0,0.0
135453,0.0,0.0,0.0
135454,0.0,0.0,0.0
135455,0.0,0.0,0.0
135456,0.0,0.0,0.0
135457,0.0,0.0,0.0
135458,0.0,0.0,0.0
135459,0.0,0.0,0.0
135460,0.0,0.0,0.0
135461,0.0,0.0,0.0
135462,0.0,0.0,0.0
135463,0.0,0.0,0.0
135464,0.0,0.0,0.0
135465,0.0,0.0,0.0
135466,0.0,0.0,0.0
135467,0.0,0.0,0.0
135468,0.0,0.0,0.0
135469,0.0,0.0,0.0
135470,0.0,0.0,0.0
135471,0.0,0.0,0.0
135472,0.0,0.0,0.0
135473,0.0,0.0,0.0
135474,0.0,0.0,0.0
135475,0.0,0.0,0.0
135476,0.0,0.0,0.0
135477,0.0,0.0,0.0
135478,0.0,0.0,0.0
135479,0.0,0.0,0.0
135480,0.0,0.0,0.0
135481,0.0,0.0,0.0
135482,0.0,0.0,0.0
135483,0.0,0.0,0.0
135484,0.0,0.0,0.0
135485,0.0,0.0,0.0
135486,0.0,0.0,0.0
135487,0.0,0.0,0.0
135488,0.0,0.0,0.0
135489,0.0,0.0,0.0
135490,0.0,0.0,0.0
135491,0.0,0.0,0.0
135492,0.0,0.0,0.0
135493,0.0,0.0,0.0
135494,0.0,0.0,0.0
135495,0.0,0.0,0.0
135496,0.0,0.0,0.0
135497,0.0,0.0,0.0
135498,0.0,0.0,0.0
135499,0.0,0.0,0.0
135500,0.0,0.0,0.0
135501,0.0,0.0,0.0
135502,0.0,0.0,0.0
135503,0.0,0.0,0.0
135504,0.0,0.0,0.0
135505,0.0,0.0,0.0
135506,0.0,0.0,0.0
135507,0.0,0.0,0.0
135508,0.0,0.0,0.0
135509,0.0,0.0,0.0
135510,0.0,0.0,0.0
135511,0.0,0.0,0.0
135512,0.0,0.0,0.0
135513,0.0,0.0,0.0
135514,0.0,0.0,0.0
135515,0.0,0.0,0.0
135516,0.0,0.0,0.0
135517,0.0,0.0,0.0
135518,0.0,0.0,0.0
135519,0.0,0.0,0.0
135520,0.0,0.0,0.0
135521,0.0,0.0,0.0
135522,0.0,0.0,0.0
135523,0.0,0.0,0.0
135524,0.0,0.0,0.0
135525,0.0,0.0,0.0
135526,0.0,0.0,0.0
135527,0.0,0.0,0.0
135528,0.0,0.0,0.0
135529,0.0,0.0,0.0
135530,0.0,0.0,0.0
135531,0.0,0.0,0.0
135532,0.0,0.0,0.0
135533,0.0,0.0,0.0
135534,0.0,0.0,0.0
135535,0.0,0.0,0.0
135536,0.0,0.0,0.0
135537,0.0,0.0,0.0
135538,0.0,0.0,0.0
135539,0.0,0.0,0.0
135540,0.0,0.0,0.0
135541,0.0,0.0,0.0
135542,0.0,0.0,0.0
135543,0.0,0.0,0.0
135544,0.0,0.0,0.0
135545,0.0,0.0,0.0
135546,0.0,0.0,0.0
135547,0.0,0.0,0.0
135548,0.0,0.0,0.0
135549,0.0,0.0,0.0
135550,0.0,0.0,0.0
135551,0.0,0.0,0.0
135552,0.0,0.0,0.0
135553,0.0,0.0,0.0
135554,0.0,0.0,0.0
135555,0.0,0.0,0.0
135556,0.0,0.0,0.0
135557,0.0,0.0,0.0
135558,0.0,0.0,0.0
135559,0.0,0.0,0.0
135560,0.0,0.0,0.0
135561,0.0,0.0,0.0
135562,0.0,0.0,0.0
135563,0.0,0.0,0.0
135564,0.0,0.0,0.0
135565,0.0,0.0,0.0
135566,0.0,0.0,0.0
135567,0.0,0.0,0.0
135568,0.0,0.0,0.0
135569,0.0,0.0,0.0
135570,0.0,0.0,0.0
135571,0.0,0.0,0.0
135572,0.0,0.0,0.0
135573,0.0,0.0,0.0
135574,0.0,0.0,0.0
135575,0.0,0.0,0.0
135576,0.0,0.0,0.0
135577,0.0,0.0,0.0
135578,0.0,0.0,0.0
135579,0.0,0.0,0.0
135580,0.0,0.0,0.0
135581,0.0,0.0,0.0
135582,0.0,0.0,0.0
135583,0.0,0.0,0.0
135584,0.0,0.0,0.0
135585,0.0,0.0,0.0
135586,0.0,0.0,0.0
135587,0.0,0.0,0.0
135588,0.0,0.0,0.0
135589,0.0,0.0,0.0
135590,0.0,0.0,0.0
135591,0.0,0.0,0.0
135592,0.0,0.0,0.0
135593,0.0,0.0,0.0
135594,0.0,0.0,0.0
135595,0.0,0.0,0.0
135596,0.0,0.0,0.0
135597,0.0,0.0,0.0
135598,0.0,0.0,0.0
135599,0.0,0.0,0.0
135600,0.0,0.0,0.0
135601,0.0,0.0,0.0
135602,0.0,0.0,0.0
135603,0.0,0.0,0.0
135604,0.0,0.0,0.0
135605,0.0,0.0,0.0
135606,0.0,0.0,0.0
135607,0.0,0.0,0.0
135608,0.0,0.0,0.0
135609,0.0,0.0,0.0
135610,0.0,0.0,0.0
135611,0.0,0.0,0.0
135612,0.0,0.0,0.0
135613,0.0,0.0,0.0
135614,0.0,0.0,0.0
135615,0.0,0.0,0.0
135616,0.0,0.0,0.0
135617,0.0,0.0,0.0
135618,0.0,0.0,0.0
135619,0.0,0.0,0.0
135620,0.0,0.0,0.0
135621,0.0,0.0,0.0
135622,0.0,0.0,0.0
135623,0.0,0.0,0.0
135624,0.0,0.0,0.0
135625,0.0,0.0,0.0
135626,0.0,0.0,0.0
135627,0.0,0.0,0.0
135628,0.0,0.0,0.0
135629,0.0,0.0,0.0
135630,0.0,0.0,0.0
135631,0.0,0.0,0.0
135632,0.0,0.0,0.0
135633,0.0,0.0,0.0
135634,0.0,0.0,0.0
135635,0.0,0.0,0.0
135636,0.0,0.0,0.0
135637,0.0,0.0,0.0
135638,0.0,0.0,0.0
135639,0.0,0.0,0.0
135640,0.0,0.0,0.0
135641,0.0,0.0,0.0
135642,0.0,0.0,0.0
135643,0.0,0.0,0.0
135644,0.0,0.0,0.0
135645,0.0,0.0,0.0
135646,0.0,0.0,0.0
135647,0.0,0.0,0.0
135648,0.0,0.0,0.0
135649,0.0,0.0,0.0
135650,0.0,0.0,0.0
135651,0.0,0.0,0.0
135652,0.0,0.0,0.0
135653,0.0,0.0,0.0
135654,0.0,0.0,0.0
135655,0.0,0.0,0.0
135656,0.0,0.0,0.0
135657,0.0,0.0,0.0
135658,0.0,0.0,0.0
135659,0.0,0.0,0.0
135660,0.0,0.0,0.0
135661,0.0,0.0,0.0
135662,0.0,0.0,0.0
135663,0.0,0.0,0.0
135664,0.0,0.0,0.0
135665,0.0,0.0,0.0
135666,0.0,0.0,0.0
135667,0.0,0.0,0.0
135668,0.0,0.0,0.0
135669,0.0,0.0,0.0
135670,0.0,0.0,0.0
135671,0.0,0.0,0.0
135672,0.0,0.0,0.0
135673,0.0,0.0,0.0
135674,0.0,0.0,0.0
135675,0.0,0.0,0.0
135676,0.0,0.0,0.0
135677,0.0,0.0,0.0
135678,0.0,0.0,0.0
135679,0.0,0.0,0.0
135680,0.0,0.0,0.0
135681,0.0,0.0,0.0
135682,0.0,0.0,0.0
135683,0.0,0.0,0.0
135684,0.0,0.0,0.0
135685,0.0,0.0,0.0
135686,0.0,0.0,0.0
135687,0.0,0.0,0.0
135688,0.0,0.0,0.0
135689,0.0,0.0,0.0
135690,0.0,0.0,0.0
135691,0.0,0.0,0.0
135692,0.0,0.0,0.0
135693,0.0,0.0,0.0
135694,0.0,0.0,0.0
135695,0.0,0.0,0.0
135696,0.0,0.0,0.0
135697,0.0,0.0,0.0
135698,0.0,0.0,0.0
135699,0.0,0.0,0.0
135700,0.0,0.0,0.0
135701,0.0,0.0,0.0
135702,0.0,0.0,0.0
135703,0.0,0.0,0.0
135704,0.0,0.0,0.0
135705,0.0,0.0,0.0
135706,0.0,0.0,0.0
135707,0.0,0.0,0.0
135708,0.0,0.0,0.0
135709,0.0,0.0,0.0
135710,0.0,0.0,0.0
135711,0.0,0.0,0.0
135712,0.0,0.0,0.0
135713,0.0,0.0,0.0
135714,0.0,0.0,0.0
135715,0.0,0.0,0.0
135716,0.0,0.0,0.0
135717,0.0,0.0,0.0
135718,0.0,0.0,0.0
135719,0.0,0.0,0.0
135720,0.0,0.0,0.0
135721,0.0,0.0,0.0
135722,0.0,0.0,0.0
135723,0.0,0.0,0.0
135724,0.0,0.0,0.0
135725,0.0,0.0,0.0
135726,0.0,0.0,0.0
135727,0.0,0.0,0.0
135728,0.0,0.0,0.0
135729,0.0,0.0,0.0
135730,0.0,0.0,0.0
135731,0.0,0.0,0.0
135732,0.0,0.0,0.0
135733,0.0,0.0,0.0
135734,0.0,0.0,0.0
135735,0.0,0.0,0.0
135736,0.0,0.0,0.0
135737,0.0,0.0,0.0
135738,0.0,0.0,0.0
135739,0.0,0.0,0.0
135740,0.0,0.0,0.0
135741,0.0,0.0,0.0
135742,0.0,0.0,0.0
135743,0.0,0.0,0.0
135744,0.0,0.0,0.0
135745,0.0,0.0,0.0
135746,0.0,0.0,0.0
135747,0.0,0.0,0.0
135748,0.0,0.0,0.0
135749,0.0,0.0,0.0
135750,0.0,0.0,0.0
135751,0.0,0.0,0.0
135752,0.0,0.0,0.0
135753,0.0,0.0,0.0
135754,0.0,0.0,0.0
135755,0.0,0.0,0.0
135756,0.0,0.0,0.0
135757,0.0,0.0,0.0
135758,0.0,0.0,0.0
135759,0.0,0.0,0.0
135760,0.0,0.0,0.0
135761,0.0,0.0,0.0
135762,0.0,0.0,0.0
135763,0.0,0.0,0.0
135764,0.0,0.0,0.0
135765,0.0,0.0,0.0
135766,0.0,0.0,0.0
135767,0.0,0.0,0.0
135768,0.0,0.0,0.0
135769,0.0,0.0,0.0
135770,0.0,0.0,0.0
135771,0.0,0.0,0.0
135772,0.0,0.0,0.0
135773,0.0,0.0,0.0
135774,0.0,0.0,0.0
135775,0.0,0.0,0.0
135776,0.0,0.0,0.0
135777,0.0,0.0,0.0
135778,0.0,0.0,0.0
135779,0.0,0.0,0.0
135780,0.0,0.0,0.0
135781,0.0,0.0,0.0
135782,0.0,0.0,0.0
135783,0.0,0.0,0.0
135784,0.0,0.0,0.0
135785,0.0,0.0,0.0
135786,0.0,0.0,0.0
135787,0.0,0.0,0.0
135788,0.0,0.0,0.0
135789,0.0,0.0,0.0
135790,0.0,0.0,0.0
135791,0.0,0.0,0.0
135792,0.0,0.0,0.0
135793,0.0,0.0,0.0
135794,0.0,0.0,0.0
135795,0.0,0.0,0.0
135796,0.0,0.0,0.0
135797,0.0,0.0,0.0
135798,0.0,0.0,0.0
135799,0.0,0.0,0.0
135800,0.0,0.0,0.0
135801,0.0,0.0,0.0
135802,0.0,0.0,0.0
135803,0.0,0.0,0.0
135804,0.0,0.0,0.0
135805,0.0,0.0,0.0
135806,0.0,0.0,0.0
135807,0.0,0.0,0.0
135808,0.0,0.0,0.0
135809,0.0,0.0,0.0
135810,0.0,0.0,0.0
135811,0.0,0.0,0.0
135812,0.0,0.0,0.0
135813,0.0,0.0,0.0
135814,0.0,0.0,0.0
135815,0.0,0.0,0.0
135816,0.0,0.0,0.0
135817,0.0,0.0,0.0
135818,0.0,0.0,0.0
135819,0.0,0.0,0.0
135820,0.0,0.0,0.0
135821,0.0,0.0,0.0
135822,0.0,0.0,0.0
135823,0.0,0.0,0.0
135824,0.0,0.0,0.0
135825,0.0,0.0,0.0
135826,0.0,0.0,0.0
135827,0.0,0.0,0.0
135828,0.0,0.0,0.0
135829,0.0,0.0,0.0
135830,0.0,0.0,0.0
135831,0.0,0.0,0.0
135832,0.0,0.0,0.0
135833,0.0,0.0,0.0
135834,0.0,0.0,0.0
135835,0.0,0.0,0.0
135836,0.0,0.0,0.0
135837,0.0,0.0,0.0
135838,0.0,0.0,0.0
135839,0.0,0.0,0.0
135840,0.0,0.0,0.0
135841,0.0,0.0,0.0
135842,0.0,0.0,0.0
135843,0.0,0.0,0.0
135844,0.0,0.0,0.0
135845,0.0,0.0,0.0
135846,0.0,0.0,0.0
135847,0.0,0.0,0.0
135848,0.0,0.0,0.0
135849,0.0,0.0,0.0
135850,0.0,0.0,0.0
135851,0.0,0.0,0.0
135852,0.0,0.0,0.0
135853,0.0,0.0,0.0
135854,0.0,0.0,0.0
135855,0.0,0.0,0.0
135856,0.0,0.0,0.0
135857,0.0,0.0,0.0
135858,0.0,0.0,0.0
135859,0.0,0.0,0.0
135860,0.0,0.0,0.0
135861,0.0,0.0,0.0
135862,0.0,0.0,0.0
135863,0.0,0.0,0.0
135864,0.0,0.0,0.0
135865,0.0,0.0,0.0
135866,0.0,0.0,0.0
135867,0.0,0.0,0.0
135868,0.0,0.0,0.0
135869,0.0,0.0,0.0
135870,0.0,0.0,0.0
135871,0.0,0.0,0.0
135872,0.0,0.0,0.0
135873,0.0,0.0,0.0
135874,0.0,0.0,0.0
135875,0.0,0.0,0.0
135876,0.0,0.0,0.0
135877,0.0,0.0,0.0
135878,0.0,0.0,0.0
135879,0.0,0.0,0.0
135880,0.0,0.0,0.0
135881,0.0,0.0,0.0
135882,0.0,0.0,0.0
135883,0.0,0.0,0.0
135884,0.0,0.0,0.0
135885,0.0,0.0,0.0
135886,0.0,0.0,0.0
135887,0.0,0.0,0.0
135888,0.0,0.0,0.0
135889,0.0,0.0,0.0
135890,0.0,0.0,0.0
135891,0.0,0.0,0.0
135892,0.0,0.0,0.0
135893,0.0,0.0,0.0
135894,0.0,0.0,0.0
135895,0.0,0.0,0.0
135896,0.0,0.0,0.0
135897,0.0,0.0,0.0
135898,0.0,0.0,0.0
135899,0.0,0.0,0.0
135900,0.0,0.0,0.0
135901,0.0,0.0,0.0
135902,0.0,0.0,0.0
135903,0.0,0.0,0.0
135904,0.0,0.0,0.0
135905,0.0,0.0,0.0
135906,0.0,0.0,0.0
135907,0.0,0.0,0.0
135908,0.0,0.0,0.0
135909,0.0,0.0,0.0
135910,0.0,0.0,0.0
135911,0.0,0.0,0.0
135912,0.0,0.0,0.0
135913,0.0,0.0,0.0
135914,0.0,0.0,0.0
135915,0.0,0.0,0.0
135916,0.0,0.0,0.0
135917,0.0,0.0,0.0
135918,0.0,0.0,0.0
135919,0.0,0.0,0.0
135920,0.0,0.0,0.0
135921,0.0,0.0,0.0
135922,0.0,0.0,0.0
135923,0.0,0.0,0.0
135924,0.0,0.0,0.0
135925,0.0,0.0,0.0
135926,0.0,0.0,0.0
135927,0.0,0.0,0.0
135928,0.0,0.0,0.0
135929,0.0,0.0,0.0
135930,0.0,0.0,0.0
135931,0.0,0.0,0.0
135932,0.0,0.0,0.0
135933,0.0,0.0,0.0
135934,0.0,0.0,0.0
135935,0.0,0.0,0.0
135936,0.0,0.0,0.0
135937,0.0,0.0,0.0
135938,0.0,0.0,0.0
135939,0.0,0.0,0.0
135940,0.0,0.0,0.0
135941,0.0,0.0,0.0
135942,0.0,0.0,0.0
135943,0.0,0.0,0.0
135944,0.0,0.0,0.0
135945,0.0,0.0,0.0
135946,0.0,0.0,0.0
135947,0.0,0.0,0.0
135948,0.0,0.0,0.0
135949,0.0,0.0,0.0
135950,0.0,0.0,0.0
135951,0.0,0.0,0.0
135952,0.0,0.0,0.0
135953,0.0,0.0,0.0
135954,0.0,0.0,0.0
135955,0.0,0.0,0.0
135956,0.0,0.0,0.0
135957,0.0,0.0,0.0
135958,0.0,0.0,0.0
135959,0.0,0.0,0.0
135960,0.0,0.0,0.0
135961,0.0,0.0,0.0
135962,0.0,0.0,0.0
135963,0.0,0.0,0.0
135964,0.0,0.0,0.0
135965,0.0,0.0,0.0
135966,0.0,0.0,0.0
135967,0.0,0.0,0.0
135968,0.0,0.0,0.0
135969,0.0,0.0,0.0
135970,0.0,0.0,0.0
135971,0.0,0.0,0.0
135972,0.0,0.0,0.0
135973,0.0,0.0,0.0
135974,0.0,0.0,0.0
135975,0.0,0.0,0.0
135976,0.0,0.0,0.0
135977,0.0,0.0,0.0
135978,0.0,0.0,0.0
135979,0.0,0.0,0.0
135980,0.0,0.0,0.0
135981,0.0,0.0,0.0
135982,0.0,0.0,0.0
135983,0.0,0.0,0.0
135984,0.0,0.0,0.0
135985,0.0,0.0,0.0
135986,0.0,0.0,0.0
135987,0.0,0.0,0.0
135988,0.0,0.0,0.0
135989,0.0,0.0,0.0
135990,0.0,0.0,0.0
135991,0.0,0.0,0.0
135992,0.0,0.0,0.0
135993,0.0,0.0,0.0
135994,0.0,0.0,0.0
135995,0.0,0.0,0.0
135996,0.0,0.0,0.0
135997,0.0,0.0,0.0
135998,0.0,0.0,0.0
135999,0.0,0.0,0.0
136000,0.0,0.0,0.0
136001,0.0,0.0,0.0
136002,0.0,0.0,0.0
136003,0.0,0.0,0.0
136004,0.0,0.0,0.0
136005,0.0,0.0,0.0
136006,0.0,0.0,0.0
136007,0.0,0.0,0.0
136008,0.0,0.0,0.0
136009,0.0,0.0,0.0
136010,0.0,0.0,0.0
136011,0.0,0.0,0.0
136012,0.0,0.0,0.0
136013,0.0,0.0,0.0
136014,0.0,0.0,0.0
136015,0.0,0.0,0.0
136016,0.0,0.0,0.0
136017,0.0,0.0,0.0
136018,0.0,0.0,0.0
136019,0.0,0.0,0.0
136020,0.0,0.0,0.0
136021,0.0,0.0,0.0
136022,0.0,0.0,0.0
136023,0.0,0.0,0.0
136024,0.0,0.0,0.0
136025,0.0,0.0,0.0
136026,0.0,0.0,0.0
136027,0.0,0.0,0.0
136028,0.0,0.0,0.0
136029,0.0,0.0,0.0
136030,0.0,0.0,0.0
136031,0.0,0.0,0.0
136032,0.0,0.0,0.0
136033,0.0,0.0,0.0
136034,0.0,0.0,0.0
136035,0.0,0.0,0.0
136036,0.0,0.0,0.0
136037,0.0,0.0,0.0
136038,0.0,0.0,0.0
136039,0.0,0.0,0.0
136040,0.0,0.0,0.0
136041,0.0,0.0,0.0
136042,0.0,0.0,0.0
136043,0.0,0.0,0.0
136044,0.0,0.0,0.0
136045,0.0,0.0,0.0
136046,0.0,0.0,0.0
136047,0.0,0.0,0.0
136048,0.0,0.0,0.0
136049,0.0,0.0,0.0
136050,0.0,0.0,0.0
136051,0.0,0.0,0.0
136052,0.0,0.0,0.0
136053,0.0,0.0,0.0
136054,0.0,0.0,0.0
136055,0.0,0.0,0.0
136056,0.0,0.0,0.0
136057,0.0,0.0,0.0
136058,0.0,0.0,0.0
136059,0.0,0.0,0.0
136060,0.0,0.0,0.0
136061,0.0,0.0,0.0
136062,0.0,0.0,0.0
136063,0.0,0.0,0.0
136064,0.0,0.0,0.0
136065,0.0,0.0,0.0
136066,0.0,0.0,0.0
136067,0.0,0.0,0.0
136068,0.0,0.0,0.0
136069,0.0,0.0,0.0
136070,0.0,0.0,0.0
136071,0.0,0.0,0.0
136072,0.0,0.0,0.0
136073,0.0,0.0,0.0
136074,0.0,0.0,0.0
136075,0.0,0.0,0.0
136076,0.0,0.0,0.0
136077,0.0,0.0,0.0
136078,0.0,0.0,0.0
136079,0.0,0.0,0.0
136080,0.0,0.0,0.0
136081,0.0,0.0,0.0
136082,0.0,0.0,0.0
136083,0.0,0.0,0.0
136084,0.0,0.0,0.0
136085,0.0,0.0,0.0
136086,0.0,0.0,0.0
136087,0.0,0.0,0.0
136088,0.0,0.0,0.0
136089,0.0,0.0,0.0
136090,0.0,0.0,0.0
136091,0.0,0.0,0.0
136092,0.0,0.0,0.0
136093,0.0,0.0,0.0
136094,0.0,0.0,0.0
136095,0.0,0.0,0.0
136096,0.0,0.0,0.0
136097,0.0,0.0,0.0
136098,0.0,0.0,0.0
136099,0.0,0.0,0.0
136100,0.0,0.0,0.0
136101,0.0,0.0,0.0
136102,0.0,0.0,0.0
136103,0.0,0.0,0.0
136104,0.0,0.0,0.0
136105,0.0,0.0,0.0
136106,0.0,0.0,0.0
136107,0.0,0.0,0.0
136108,0.0,0.0,0.0
136109,0.0,0.0,0.0
136110,0.0,0.0,0.0
136111,0.0,0.0,0.0
136112,0.0,0.0,0.0
136113,0.0,0.0,0.0
136114,0.0,0.0,0.0
136115,0.0,0.0,0.0
136116,0.0,0.0,0.0
136117,0.0,0.0,0.0
136118,0.0,0.0,0.0
136119,0.0,0.0,0.0
136120,0.0,0.0,0.0
136121,0.0,0.0,0.0
136122,0.0,0.0,0.0
136123,0.0,0.0,0.0
136124,0.0,0.0,0.0
136125,0.0,0.0,0.0
136126,0.0,0.0,0.0
136127,0.0,0.0,0.0
136128,0.0,0.0,0.0
136129,0.0,0.0,0.0
136130,0.0,0.0,0.0
136131,0.0,0.0,0.0
136132,0.0,0.0,0.0
136133,0.0,0.0,0.0
136134,0.0,0.0,0.0
136135,0.0,0.0,0.0
136136,0.0,0.0,0.0
136137,0.0,0.0,0.0
136138,0.0,0.0,0.0
136139,0.0,0.0,0.0
136140,0.0,0.0,0.0
136141,0.0,0.0,0.0
136142,0.0,0.0,0.0
136143,0.0,0.0,0.0
136144,0.0,0.0,0.0
136145,0.0,0.0,0.0
136146,0.0,0.0,0.0
136147,0.0,0.0,0.0
136148,0.0,0.0,0.0
136149,0.0,0.0,0.0
136150,0.0,0.0,0.0
136151,0.0,0.0,0.0
136152,0.0,0.0,0.0
136153,0.0,0.0,0.0
136154,0.0,0.0,0.0
136155,0.0,0.0,0.0
136156,0.0,0.0,0.0
136157,0.0,0.0,0.0
136158,0.0,0.0,0.0
136159,0.0,0.0,0.0
136160,0.0,0.0,0.0
136161,0.0,0.0,0.0
136162,0.0,0.0,0.0
136163,0.0,0.0,0.0
136164,0.0,0.0,0.0
136165,0.0,0.0,0.0
136166,0.0,0.0,0.0
136167,0.0,0.0,0.0
136168,0.0,0.0,0.0
136169,0.0,0.0,0.0
136170,0.0,0.0,0.0
136171,0.0,0.0,0.0
136172,0.0,0.0,0.0
136173,0.0,0.0,0.0
136174,0.0,0.0,0.0
136175,0.0,0.0,0.0
136176,0.0,0.0,0.0
136177,0.0,0.0,0.0
136178,0.0,0.0,0.0
136179,0.0,0.0,0.0
136180,0.0,0.0,0.0
136181,0.0,0.0,0.0
136182,0.0,0.0,0.0
136183,0.0,0.0,0.0
136184,0.0,0.0,0.0
136185,0.0,0.0,0.0
136186,0.0,0.0,0.0
136187,0.0,0.0,0.0
136188,0.0,0.0,0.0
136189,0.0,0.0,0.0
136190,0.0,0.0,0.0
136191,0.0,0.0,0.0
136192,0.0,0.0,0.0
136193,0.0,0.0,0.0
136194,0.0,0.0,0.0
136195,0.0,0.0,0.0
136196,0.0,0.0,0.0
136197,0.0,0.0,0.0
136198,0.0,0.0,0.0
136199,0.0,0.0,0.0
136200,0.0,0.0,0.0
136201,0.0,0.0,0.0
136202,0.0,0.0,0.0
136203,0.0,0.0,0.0
136204,0.0,0.0,0.0
136205,0.0,0.0,0.0
136206,0.0,0.0,0.0
136207,0.0,0.0,0.0
136208,0.0,0.0,0.0
136209,0.0,0.0,0.0
136210,0.0,0.0,0.0
136211,0.0,0.0,0.0
136212,0.0,0.0,0.0
136213,0.0,0.0,0.0
136214,0.0,0.0,0.0
136215,0.0,0.0,0.0
136216,0.0,0.0,0.0
136217,0.0,0.0,0.0
136218,0.0,0.0,0.0
136219,0.0,0.0,0.0
136220,0.0,0.0,0.0
136221,0.0,0.0,0.0
136222,0.0,0.0,0.0
136223,0.0,0.0,0.0
136224,0.0,0.0,0.0
136225,0.0,0.0,0.0
136226,0.0,0.0,0.0
136227,0.0,0.0,0.0
136228,0.0,0.0,0.0
136229,0.0,0.0,0.0
136230,0.0,0.0,0.0
136231,0.0,0.0,0.0
136232,0.0,0.0,0.0
136233,0.0,0.0,0.0
136234,0.0,0.0,0.0
136235,0.0,0.0,0.0
136236,0.0,0.0,0.0
136237,0.0,0.0,0.0
136238,0.0,0.0,0.0
136239,0.0,0.0,0.0
136240,0.0,0.0,0.0
136241,0.0,0.0,0.0
136242,0.0,0.0,0.0
136243,0.0,0.0,0.0
136244,0.0,0.0,0.0
136245,0.0,0.0,0.0
136246,0.0,0.0,0.0
136247,0.0,0.0,0.0
136248,0.0,0.0,0.0
136249,0.0,0.0,0.0
136250,0.0,0.0,0.0
136251,0.0,0.0,0.0
136252,0.0,0.0,0.0
136253,0.0,0.0,0.0
136254,0.0,0.0,0.0
136255,0.0,0.0,0.0
136256,0.0,0.0,0.0
136257,0.0,0.0,0.0
136258,0.0,0.0,0.0
136259,0.0,0.0,0.0
136260,0.0,0.0,0.0
136261,0.0,0.0,0.0
136262,0.0,0.0,0.0
136263,0.0,0.0,0.0
136264,0.0,0.0,0.0
136265,0.0,0.0,0.0
136266,0.0,0.0,0.0
136267,0.0,0.0,0.0
136268,0.0,0.0,0.0
136269,0.0,0.0,0.0
136270,0.0,0.0,0.0
136271,0.0,0.0,0.0
136272,0.0,0.0,0.0
136273,0.0,0.0,0.0
136274,0.0,0.0,0.0
136275,0.0,0.0,0.0
136276,0.0,0.0,0.0
136277,0.0,0.0,0.0
136278,0.0,0.0,0.0
136279,0.0,0.0,0.0
136280,0.0,0.0,0.0
136281,0.0,0.0,0.0
136282,0.0,0.0,0.0
136283,0.0,0.0,0.0
136284,0.0,0.0,0.0
136285,0.0,0.0,0.0
136286,0.0,0.0,0.0
136287,0.0,0.0,0.0
136288,0.0,0.0,0.0
